DISTRICT,Sub_dist,Vill_name,latitude,longitude
ADILABAD,TAMSI,Tamsi-B,3532953.8126258343,3837579.264068773
ADILABAD,TALAMADUGU,Kuchalapoor,3532703.02766349,3829679.2326711104
ADILABAD,BAZARHATNOOR,Kandli,3504848.460252643,3833622.493526099
ADILABAD,UTNOOR,Danthanpalle,3491684.6137837567,3878896.362649698
ADILABAD,ICHODA,Gundi,3496966.224763734,3842672.9510932714
ADILABAD,NERADIGONDA,Kupti (Khurd),3496497.4175215727,3838460.641425699
ADILABAD,NERADIGONDA,Kumari,3496850.15857781,3835671.5083095795
ADILABAD,TALAMADUGU,Jhari,3523016.16138196,3830965.1697079213
ADILABAD,TALAMADUGU,Devapur,3523549.900778313,3840381.676691038
ADILABAD,TALAMADUGU,Arli (Khurd),3524640.176990906,3837587.782647145
ADILABAD,INDRAVELLY,Goureepur,3510632.5396663817,3854662.787106457
ADILABAD,BAZARHATNOOR,Ananthapur,3512214.7292240174,3838259.294977353
ADILABAD,NARNOOR,Mahagaon,3511640.754171434,3878380.0608297037
ADILABAD,BELA,Bhadi,3531849.9972051703,3866973.797612997
ADILABAD,SONALA,Sonala,3503487.314390866,3826476.4581317888
ADILABAD,ICHODA,Kamgiri,3506511.908814846,3846341.7130632405
ADILABAD,BAZARHATNOOR,Girnur,3506748.3894463005,3835091.6490629604
ADILABAD,UTNOOR,Wadoni,3506855.8445877726,3873013.782155851
ADILABAD,BHEEMPUR,Nippani,3540155.01932979,3840755.7055892493
ADILABAD,BELA,Sangdi,3540691.1965304334,3870206.877747097
ADILABAD,NERADIGONDA,Bandemregad,3484561.1743196775,3835458.646232668
ADILABAD,GADIGUDA,Kunikasa,3522468.92900374,3891349.3675846034
ADILABAD,SATHNALA,Sangvi,3521236.503897323,3872646.2533488194
ADILABAD,TAMSI,Ghotkuri,3537395.863938459,3846112.1081084637
ADILABAD,JAINATH,Nirala,3536566.6293566246,3856375.663164585
ADILABAD,BELA,Mangrool,3538228.9694550275,3880148.5081878444
ADILABAD,NERADIGONDA,Dhonnora,3482731.0498696854,3838414.1939705727
ADILABAD,INDRAVELLY,Keslapur,3511663.9890661906,3860435.2465236485
ADILABAD,BAZARHATNOOR,Kinnerpalle,3510787.1384897446,3840813.8140865685
ADILABAD,GUDIHATNOOR,Umri (B),3510542.7135342546,3850959.640717758
ADILABAD,NERADIGONDA,Narayanapur,3482066.082669835,3829345.145906533
ADILABAD,NERADIGONDA,Shankarapur,3487750.5490592774,3834351.6960440376
ADILABAD,NERADIGONDA,Rolmanda,3487988.344999192,3836548.322884285
ADILABAD,NERADIGONDA,Bondadi,3487768.6453256276,3828635.110253353
ADILABAD,INDRAVELLY,Tejapur,3508617.599665175,3853294.340304351
ADILABAD,GUDIHATNOOR,Shantapur,3508568.4953207904,3849092.7382627246
ADILABAD,ICHODA,Gubba,3507307.2680500494,3839992.8863846664
ADILABAD,UTNOOR,Narsapur (Khurd),3508495.675159148,3868751.452933878
ADILABAD,NERADIGONDA,Kuntala (Buzurg),3489746.634948463,3844993.176248691
ADILABAD,INDRAVELLY,Gattepalle,3515838.922611611,3871382.85640297
ADILABAD,GADIGUDA,Sangvi,3516181.0454966724,3885941.5702707386
ADILABAD,INDRAVELLY,Ginnera,3516262.5123576634,3859550.5215791524
ADILABAD,UTNOOR,Salewada (Khurd),3504074.5718067456,3865598.9297285937
ADILABAD,SONALA,Kowtha(Khurd),3504213.9295680756,3828699.36158098
ADILABAD,GADIGUDA,Kothapalle (G),3523939.222258773,3890174.372329347
ADILABAD,TALAMADUGU,Ratnapur,3522622.145069565,3826811.9480751907
ADILABAD,GUDIHATNOOR,Dhampur,3517259.2819482046,3844515.5257446417
ADILABAD,GUDIHATNOOR,Gudihathinur,3515430.9832678945,3846102.3552126433
ADILABAD,NARNOOR,Chorgaon,3517773.279829428,3873718.7975070546
ADILABAD,BAZARHATNOOR,Morekhandi,3516209.8540009893,3833419.290650706
ADILABAD,MAVALA,Waghapur,3517777.3037376837,3840627.8318147413
ADILABAD,TALAMADUGU,Sunkidi,3530790.279508752,3835997.2226343094
ADILABAD,BELA,Masala (Buzurg),3531776.0588709456,3869978.15691991
ADILABAD,TAMSI,Hasnapur,3531641.8168506837,3841789.6824854915
ADILABAD,BELA,Chaprala,3532117.2997074407,3878298.151561656
ADILABAD,BELA,Pohar,3531040.619791022,3872414.414494862
ADILABAD,ICHODA,Narsapur,3496114.2031118297,3846497.6000233563
ADILABAD,BOATH,Patnapur,3493654.8487546043,3821386.991832794
ADILABAD,NERADIGONDA,Neradigonda,3490095.053212502,3835233.2698380714
ADILABAD,BOATH,Birlagondi,3490986.9829397374,3824849.602361255
ADILABAD,ICHODA,Adegaon K,3504392.9158907738,3838369.7325852215
ADILABAD,BOATH,Marlapalle,3493045.3452934455,3818778.569666916
ADILABAD,BHORAJ,Guda,3540070.74334975,3846374.643310537
ADILABAD,BELA,Bhedoda,3540232.7564325538,3872029.326831472
ADILABAD,BELA,Kamgarpur,3540868.7590924636,3874409.9037564597
ADILABAD,SONALA,Chintalabori,3502733.290792883,3820170.9405791704
ADILABAD,ICHODA,Madhapur,3503664.6434744466,3845207.4572861744
ADILABAD,UTNOOR,Salewada (Buzurg),3503625.994331234,3867249.1562728668
ADILABAD,UTNOOR,Kopergadh,3505232.509312243,3864439.9560934706
ADILABAD,GUDIHATNOOR,Tejapur,3506062.044852179,3849866.0355436527
ADILABAD,NARNOOR,Sonapur,3506303.1497398387,3883809.8023370006
ADILABAD,UTNOOR,Sakhera,3509188.6738343695,3866291.7909083753
ADILABAD,UTNOOR,Narsapur (Buzurg),3510302.4204718526,3869030.303077733
ADILABAD,NARNOOR,Nagolkonda,3508890.8047569804,3885969.667305294
ADILABAD,GUDIHATNOOR,Malkapur,3521749.807997174,3846795.0999109275
ADILABAD,ADILABAD RURAL,Khandala,3519412.4388034884,3863154.010667646
ADILABAD,NARNOOR,Balanpur,3507347.4713803786,3881691.9957966125
ADILABAD,GUDIHATNOOR,Rendlabori,3507807.785538804,3850020.3356249453
ADILABAD,ICHODA,Junni,3508080.9828418647,3841846.7458115146
ADILABAD,NERADIGONDA,Peechra,3482960.3280857783,3844713.0344194015
ADILABAD,BOATH,Kistapur,3495577.112003357,3828526.040511581
ADILABAD,UTNOOR,Bhupet,3489167.7903384226,3878219.3705633217
ADILABAD,UTNOOR,Birsaipet,3486006.5263007856,3877183.4871156947
ADILABAD,BAZARHATNOOR,Dignoor,3508105.846497778,3838116.264496591
ADILABAD,NARNOOR,Gunjala,3508911.4132020865,3876838.9210116803
ADILABAD,INDRAVELLY,Mallapur,3509640.488295215,3856905.8306106734
ADILABAD,ICHODA,Talamadri,3501790.282242344,3847304.1229486456
ADILABAD,ADILABAD RURAL,Pochera,3533201.175128092,3845987.762276586
ADILABAD,JAINATH,Pippalgaon,3533550.2910656836,3861084.4640120463
ADILABAD,JAINATH,Ada,3533548.1833023014,3856957.081142568
ADILABAD,ICHODA,Mukhra-K,3498107.2088781125,3841204.191529983
ADILABAD,BOATH,Pippaladhari,3492446.364480159,3824139.06970621
ADILABAD,BELA,Ponnala,3533639.4637245466,3881120.8697001985
ADILABAD,ADILABAD RURAL,Arli (Buzrug),3533392.628754218,3854711.8859222876
ADILABAD,BELA,Ramkam,3533974.685676546,3879297.848118585
ADILABAD,BELA,Patan,3534354.317788006,3877574.3750381083
ADILABAD,JAINATH,Ballori,3534147.795152276,3865713.2311583795
ADILABAD,SIRIKONDA,Lachimpur (K),3497989.0693591493,3860168.8836843073
ADILABAD,NERADIGONDA,Tejapur,3493828.1419592197,3833656.5249393196
ADILABAD,BHEEMPUR,Anderband,3539642.268541037,3832848.3951107166
ADILABAD,BHEEMPUR,Dabbakuchi,3540097.413068193,3838186.550422921
ADILABAD,NERADIGONDA,Koratkal (Buzurg),3482790.145823713,3835942.513817824
ADILABAD,NARNOOR,Malangi,3510308.0401569917,3890748.313331501
ADILABAD,UTNOOR,Chintakarra,3511679.903243308,3866113.560182116
ADILABAD,BAZARHATNOOR,Chintal Sangvi,3511217.718894257,3831771.0389691773
ADILABAD,NERADIGONDA,Rajura,3484258.458895367,3829040.371877933
ADILABAD,NERADIGONDA,Purushothampur,3484363.6058551767,3832289.8248470617
ADILABAD,UTNOOR,Yenda,3505717.7065265137,3868428.9778501913
ADILABAD,UTNOOR,Pulimadgu,3506392.327985688,3865961.0360632073
ADILABAD,BAZARHATNOOR,Balanpur,3506386.3936639954,3831525.8074512286
ADILABAD,BOATH,Demmi,3496893.4391567605,3832354.9543269183
ADILABAD,BOATH,Dera,3502407.237937944,3830914.4355881247
ADILABAD,JAINATH,Kuthompur,3539650.448690872,3863104.0292078345
ADILABAD,BHORAJ,Lekarwadi,3541921.159909061,3855667.2507321164
ADILABAD,BHEEMPUR,Pippalkoti,3539958.1680007633,3843234.8203346394
ADILABAD,BHORAJ,Rampur-T,3541441.8898421624,3847605.898966403
ADILABAD,BHORAJ,Pipparwada,3541688.0552765024,3852214.090858398
ADILABAD,NERADIGONDA,Kupti (Buzurg),3495243.5715875938,3836325.2941349074
ADILABAD,NERADIGONDA,Lingatla,3478533.4869239447,3836757.090995058
ADILABAD,NERADIGONDA,Arepalle,3479804.098411497,3839211.648705943
ADILABAD,NERADIGONDA,Ispur,3480979.17424681,3828789.855403013
ADILABAD,NERADIGONDA,Wankidi,3481585.2051972854,3831983.4001518106
ADILABAD,NERADIGONDA,Koratkal (Khurd),3481649.986852112,3836716.411257681
ADILABAD,BHEEMPUR,Gubidi,3555828.2766700853,3826736.468994143
ADILABAD,NERADIGONDA,Kishtapur,3486426.5667083524,3836387.7288922532
ADILABAD,NERADIGONDA,Nagamalyal,3485710.2007410848,3845035.672912415
ADILABAD,NERADIGONDA,Surdapur,3486748.9486514647,3830784.7906793575
ADILABAD,NERADIGONDA,Boragaon,3485556.2982737483,3839719.9411010025
ADILABAD,BOATH,Narayanpur,3487979.8119126703,3822404.197476926
ADILABAD,UTNOOR,Balampur,3488003.5243728408,3871777.3582961797
ADILABAD,BOATH,Dhannur (Khurd),3489013.0689205066,3825932.3844570895
ADILABAD,NERADIGONDA,Buggaram,3489344.66670067,3838936.9393977146
ADILABAD,NERADIGONDA,Darba,3489720.8629005533,3829798.474640555
ADILABAD,NERADIGONDA,Kuntala (Khurd),3489061.0502951415,3842236.6747933296
ADILABAD,ICHODA,Gundiwagu,3492870.6217798498,3843954.794575606
ADILABAD,SONALA,Pardi(Khurd),3501013.1852437276,3821858.440697524
ADILABAD,UTNOOR,Luxettipet,3496367.2014971245,3866357.039926431
ADILABAD,ICHODA,Chincholi,3500794.9777376885,3844012.735932035
ADILABAD,UTNOOR,Ghatti,3509375.5591811575,3872363.562860708
ADILABAD,INDRAVELLY,Harkapur,3509221.3952822387,3860468.0394700035
ADILABAD,TALAMADUGU,Bharampur,3522370.4736397425,3835071.298758966
ADILABAD,BELA,Khagdur,3538301.3840876934,3877893.442545601
ADILABAD,JAINATH,Khapri,3538542.2455760413,3865053.783022302
ADILABAD,BELA,Manyarpur,3538440.5310822506,3875227.224781796
ADILABAD,BOATH,Anduru,3489986.2204039856,3822959.3220886174
ADILABAD,NERADIGONDA,Waddur,3489193.777281582,3832229.2671930497
ADILABAD,NERADIGONDA,Venkatapur,3491329.2138535967,3841941.944967698
ADILABAD,ICHODA,Babjipet,3489805.2223962024,3847422.9170290083
ADILABAD,NERADIGONDA,Buddikonda,3491889.4688413916,3833147.424542431
ADILABAD,NERADIGONDA,Lokhampur,3492155.4419138404,3835830.5858455817
ADILABAD,NERADIGONDA,Wagdhari,3492072.0401116437,3839676.7341035716
ADILABAD,SIRIKONDA,Narayanpur,3490842.1118026283,3852321.1713036005
ADILABAD,NERADIGONDA,Chincholi,3493580.66829083,3835936.611024487
ADILABAD,BOATH,Kuchalapur,3493075.8957879073,3828079.69091724
ADILABAD,ICHODA,Gaidpally,3494194.704576944,3846540.145971859
ADILABAD,NERADIGONDA,Tarnam (Khurd),3493893.851357397,3838689.580649923
ADILABAD,UTNOOR,Gangamapet,3492135.1552893873,3872640.4594144276
ADILABAD,SIRIKONDA,Pochampalle,3501553.0026329425,3855943.1253062296
ADILABAD,ICHODA,Kokasmannur,3500645.9038888817,3837670.5847947774
ADILABAD,UTNOOR,Nagapur,3501494.854359364,3871509.997320259
ADILABAD,NERADIGONDA,Madhapur,3494146.6926322915,3841349.821363979
ADILABAD,BOATH,Suradapur,3491867.95253201,3820075.888982294
ADILABAD,BOATH,Pochera,3493600.181002106,3830956.4951579804
ADILABAD,BOATH,Boath (Buzurg),3494584.6070019156,3826261.7947899248
ADILABAD,SIRIKONDA,Waipet,3491658.0425287327,3857914.7012837986
ADILABAD,ICHODA,Keshavpatnam,3495365.3275856273,3843862.9186552893
ADILABAD,NERADIGONDA,Tarnam (Buzurg),3495528.235782827,3840463.789478868
ADILABAD,BOATH,Nigini,3493941.9535028995,3814787.014464194
ADILABAD,NERADIGONDA,Gajli,3498606.588392054,3834390.5637626145
ADILABAD,NERADIGONDA,Gandhari,3498497.672795941,3836442.418863795
ADILABAD,BOATH,Kantegaon,3497910.4371636077,3815525.0532035176
ADILABAD,ICHODA,Malyal,3498608.4037662954,3845831.432854492
ADILABAD,UTNOOR,Rampur (Khurd),3499737.4837629455,3875929.5476136836
ADILABAD,SONALA,Gollapur,3499082.309136118,3820634.053933789
ADILABAD,BAZARHATNOOR,Rampur,3508839.896476827,3835961.388079971
ADILABAD,UTNOOR,Ghanpur,3495096.298059799,3879034.5156945777
ADILABAD,SIRIKONDA,Neradigonda G,3495059.605848586,3852114.7344361143
ADILABAD,ICHODA,Mankapur,3497217.289073738,3844465.040353404
ADILABAD,UTNOOR,Gangapur,3496419.570277056,3870538.745573752
ADILABAD,ICHODA,Salyada,3497600.7621091516,3848285.3943125564
ADILABAD,UTNOOR,Tandra,3501147.081755367,3865730.5919011114
ADILABAD,BAZARHATNOOR,Warthamanoor,3501848.560189059,3834514.636207352
ADILABAD,BAZARHATNOOR,Mohada,3502740.1565904273,3832628.9752705004
ADILABAD,SONALA,Wajar,3501946.0865169526,3815741.8635811186
ADILABAD,ICHODA,Jamidi,3503682.8665268035,3842121.3870835905
ADILABAD,ICHODA,Dharampuri,3498695.1116315913,3843280.273283224
ADILABAD,ICHODA,Mukhra-B,3498276.4622268826,3839404.8222172386
ADILABAD,BOATH,Kowtha (Buzurg),3498503.1529635806,3831106.558489078
ADILABAD,UTNOOR,Lakkaram,3497400.2673464688,3875820.11845059
ADILABAD,UTNOOR,Utnur,3497792.65779429,3872321.4977384713
ADILABAD,BOATH,Sangvi,3499968.765543616,3832690.7363852616
ADILABAD,BOATH,Karathwada,3497955.858522456,3823733.9215267077
ADILABAD,ICHODA,Jalda,3500541.1633586516,3841282.576678261
ADILABAD,ICHODA,Navegaon,3500379.015478486,3846462.1794214947
ADILABAD,SIRIKONDA,Lachimpur (B),3498779.1811891794,3854351.0517795174
ADILABAD,SONALA,Tewiti,3500342.7584310328,3825240.0671036923
ADILABAD,ICHODA,Adegaon-B,3502375.2621881985,3838830.3291915646
ADILABAD,BELA,Mohabatpur,3537386.7618486634,3873109.3535374217
ADILABAD,BELA,Guda,3539295.369153431,3873510.8325813483
ADILABAD,BHORAJ,Sirsanna,3539712.9195578583,3848700.093925969
ADILABAD,BHORAJ,Hashampur,3539616.4681070587,3853461.1924315817
ADILABAD,BHORAJ,Poosai,3539634.721503843,3851441.774591967
ADILABAD,SONALA,Pardi(Buzurg),3502250.4056174643,3823769.25801845
ADILABAD,ICHODA,Gerjam,3502476.483546219,3842400.1712031527
ADILABAD,UTNOOR,Shampur,3502933.2371410336,3869757.220489235
ADILABAD,UTNOOR,Hasnapur,3501979.082927054,3876422.175201687
ADILABAD,SIRIKONDA,Sunkidi,3504766.214784045,3850702.8976317183
ADILABAD,TALAMADUGU,Umrei,3525978.111694403,3827093.3591922224
ADILABAD,GADIGUDA,Warkwai,3525929.6757840985,3889372.826718115
ADILABAD,ADILABAD RURAL,Wanwat,3523729.854668424,3858635.3378201933
ADILABAD,SATHNALA,Toyaguda (Kora),3525714.6485428712,3866993.942840262
ADILABAD,BOATH,Nagapur,3487023.717500461,3826963.576029395
ADILABAD,GADIGUDA,Pipri,3524218.0494750687,3879653.482751824
ADILABAD,ADILABAD RURAL,Tantoli,3526043.2657700554,3851212.8960080696
ADILABAD,UTNOOR,Yenka,3504176.3271369915,3872905.379782053
ADILABAD,SIRIKONDA,Ponna,3504357.8442251435,3847833.7176324646
ADILABAD,ICHODA,Ichoda,3504584.5327389105,3841002.1499894583
ADILABAD,BAZARHATNOOR,Pipri,3504580.8261460024,3836159.520689405
ADILABAD,BAZARHATNOOR,Kolhari,3506447.9609080255,3827170.6974699628
ADILABAD,SONALA,Ghanpur,3505394.743228192,3822605.456784303
ADILABAD,GUDIHATNOOR,Belluri,3506929.7232903815,3848301.228386723
ADILABAD,UTNOOR,Chandur,3505876.4287672397,3875384.5569976494
ADILABAD,SIRIKONDA,Rampur (B),3506537.448663174,3853035.3667165875
ADILABAD,INDRAVELLY,Dasnapur,3505785.5602794564,3857378.50324977
ADILABAD,SIRIKONDA,Lakampur,3507529.8004687047,3851109.2006482473
ADILABAD,NARNOOR,Tadihadapnur,3505849.748166915,3879016.9865178675
ADILABAD,UTNOOR,Andholi,3507626.1450544214,3864622.3911399585
ADILABAD,INDRAVELLY,Dharmasagar,3508077.334792886,3855400.2691966374
ADILABAD,ICHODA,Borigoan,3507107.8912243093,3844429.2982393275
ADILABAD,UTNOOR,Umri,3506277.4585323175,3870861.2388271666
ADILABAD,BAZARHATNOOR,Bhosra,3508227.043028899,3834166.9975575865
ADILABAD,BAZARHATNOOR,Bazarhatnur,3508191.5010881857,3828069.5487214373
ADILABAD,INDRAVELLY,Anji,3508763.9481291105,3862505.9607596844
ADILABAD,GUDIHATNOOR,Gondharkapur,3509034.9595404756,3848109.658292844
ADILABAD,NARNOOR,Gangapur,3509503.5060400707,3879656.6629909193
ADILABAD,BAZARHATNOOR,Dehgaon,3508886.7455502544,3832420.9296599934
ADILABAD,GUDIHATNOOR,Guruj,3509704.5469456078,3846892.110669929
ADILABAD,BAZARHATNOOR,Dharampuri,3510487.6199678243,3834358.844076257
ADILABAD,BAZARHATNOOR,Jatarla,3510472.0541409287,3827966.872477684
ADILABAD,NARNOOR,Khampur,3511027.3750754897,3876164.7759200353
ADILABAD,NARNOOR,Mahadapur,3510592.923948628,3874515.441058413
ADILABAD,BOATH,Keslapur,3493291.0703686452,3823003.504145675
ADILABAD,BOATH,Boath (Khurd),3495278.876815216,3823926.3416557983
ADILABAD,BOATH,Medi,3497955.3104469934,3826700.585958352
ADILABAD,BAZARHATNOOR,Bandrev,3505723.4009507406,3830388.839735519
ADILABAD,BAZARHATNOOR,Gangapur,3509069.49230797,3837052.092560678
ADILABAD,NARNOOR,Malepur,3512257.3900645357,3889990.4499810045
ADILABAD,INDRAVELLY,Indervelly (B),3511001.880835695,3863518.2592877382
ADILABAD,BAZARHATNOOR,Gokonda,3512595.053588624,3832416.1021390753
ADILABAD,BAZARHATNOOR,Tembi,3511521.335024835,3836501.608242385
ADILABAD,BAZARHATNOOR,Dhabadi,3512783.5859186756,3830821.483700323
ADILABAD,GUDIHATNOOR,Mannur,3510639.7080313885,3844195.386398853
ADILABAD,GUDIHATNOOR,Kolhari,3512559.02953852,3847891.3500859486
ADILABAD,GUDIHATNOOR,Dongargaon,3513436.574331361,3844942.370300028
ADILABAD,INDRAVELLY,Muthnur,3513355.634653488,3859522.8080919194
ADILABAD,INDRAVELLY,Yamaikunta,3513537.0145127387,3861724.3924072697
ADILABAD,BAZARHATNOOR,Mankapur (P),3513449.297364369,3825517.713052882
ADILABAD,BAZARHATNOOR,Bhutai (Buzurg),3512779.147346205,3828186.138295647
ADILABAD,INDRAVELLY,Bursanpatar,3513918.614727796,3864784.850695748
ADILABAD,BAZARHATNOOR,Bhutai (Khurd),3514532.6868595285,3829067.5524658887
ADILABAD,NARNOOR,Bheempur,3513784.53815554,3883657.7301741266
ADILABAD,INDRAVELLY,Dodanda,3512916.0659653144,3869393.470687077
ADILABAD,NARNOOR,Empalli,3515096.9119503805,3880980.2888090103
ADILABAD,NARNOOR,Umri,3514419.9851826737,3889802.7505542445
ADILABAD,NARNOOR,Manjari,3514787.6869547353,3873571.738361938
ADILABAD,GUDIHATNOOR,Lingapur,3515122.8676534793,3848479.167402872
ADILABAD,GUDIHATNOOR,Muthnur,3514333.7030754783,3841624.5943644876
ADILABAD,INDRAVELLY,Pipri,3516123.1931203995,3854891.8292891835
ADILABAD,BAZARHATNOOR,Harkai,3515105.813830286,3837787.213744981
ADILABAD,INDRAVELLY,Devapur,3515875.6409794786,3856701.9537954815
ADILABAD,GUDIHATNOOR,Tosham,3515272.479167425,3851714.968862212
ADILABAD,ADILABAD RURAL,Chichdhari,3516243.4319077753,3865551.329466561
ADILABAD,ADILABAD RURAL,Chikdhari Khanapur,3516698.0707057593,3868629.526188046
ADILABAD,GADIGUDA,Khadki,3517540.435407763,3879026.6438830635
ADILABAD,GADIGUDA,Lokari (K),3517271.0373887885,3882355.7844449203
ADILABAD,GADIGUDA,Gouri,3517522.7733612754,3888815.2762906905
ADILABAD,GADIGUDA,Lokari (B),3518781.952996475,3880087.321457582
ADILABAD,ADILABAD RURAL,Ashodaburki,3518642.5140967015,3856743.264364804
ADILABAD,ADILABAD RURAL,Hattigutta,3518830.6395625374,3867279.9877852653
ADILABAD,BAZARHATNOOR,Umarda (Buzurg),3518033.5259231385,3826455.334008843
ADILABAD,GADIGUDA,Pownur,3518941.001712527,3886481.350907553
ADILABAD,GADIGUDA,Kolama,3519767.991404495,3891820.6928106914
ADILABAD,GADIGUDA,Jhari,3520758.9431311055,3880715.936825393
ADILABAD,GADIGUDA,Maregaon,3521289.1828934136,3886769.2005509823
ADILABAD,ADILABAD RURAL,Tippa,3519911.726676762,3870040.898943588
ADILABAD,GADIGUDA,Dhaba (Buzurg),3520482.511953516,3884804.566042832
ADILABAD,TALAMADUGU,Nandigaon,3519681.4954230166,3835094.571706675
ADILABAD,ADILABAD RURAL,Ankapur,3520070.9348694873,3853259.723708111
ADILABAD,GADIGUDA,Dhaba (K),3520383.9104875377,3882715.797000555
ADILABAD,GADIGUDA,Parswada (B),3520832.8410775354,3889446.148905943
ADILABAD,TALAMADUGU,Madnapoor,3522136.7526430106,3837363.748545795
ADILABAD,ADILABAD RURAL,Maleboregaon,3520993.3768334864,3848841.949636569
ADILABAD,ADILABAD RURAL,Pippaldhari,3521379.9109513103,3860397.9028169676
ADILABAD,GADIGUDA,Sawari,3522862.0837097047,3881996.8510796046
ADILABAD,ADILABAD RURAL,Kottur,3525910.0630645533,3853576.2734998185
ADILABAD,SATHNALA,Douna,3523897.5428451304,3873757.6207852988
ADILABAD,ADILABAD RURAL,Ankoli,3523254.541206611,3851614.411511735
ADILABAD,GADIGUDA,Paraswada (K),3520979.2896920303,3876264.2648545974
ADILABAD,ADILABAD RURAL,Lokari,3522308.934722138,3855995.1694238377
ADILABAD,GADIGUDA,Ademeyon,3524219.164112627,3885113.643914188
ADILABAD,GADIGUDA,Rupapur,3525012.364458828,3890134.2510260185
ADILABAD,GADIGUDA,Arjuni,3522578.7133016605,3877700.06398973
ADILABAD,TALAMADUGU,Saknapoor,3524799.849294736,3835019.893235611
ADILABAD,SATHNALA,Syedpur,3525403.250432918,3871948.1838610745
ADILABAD,UTNOOR,Ramlingampet,3495092.995888135,3874130.821729728
ADILABAD,ADILABAD RURAL,Burnoor,3525821.2692466876,3855677.795433385
ADILABAD,GADIGUDA,Dongargaon,3525958.658145137,3887125.304772193
ADILABAD,GADIGUDA,Kondi,3527393.1831183126,3875749.0267502093
ADILABAD,SATHNALA,Kanpa (Mediguda),3529020.4391069342,3862273.859006247
ADILABAD,ADILABAD RURAL,Yapalguda,3527922.5471776654,3856968.477460388
ADILABAD,BELA,Masala (Khurd),3528146.348280417,3869642.8891389305
ADILABAD,SATHNALA,Jamini,3527659.7809302243,3865450.2635566145
ADILABAD,TALAMADUGU,Kothur,3529388.451858133,3833811.531723118
ADILABAD,SATHNALA,Mangurla,3525247.581089703,3862740.446466486
ADILABAD,TALAMADUGU,Kappardevi,3526701.2324334504,3830346.469688241
ADILABAD,MAVALA,Mavala (Part),3525771.7013102625,3846929.3833446135
ADILABAD,GADIGUDA,Khandow,3526634.475347528,3883833.9032463576
ADILABAD,GADIGUDA,Kouthala,3526799.644667142,3891803.2117527802
ADILABAD,GADIGUDA,Kadodi,3528175.009198588,3890471.803683354
ADILABAD,GADIGUDA,Rampur,3527309.996025596,3881093.75791022
ADILABAD,TALAMADUGU,Dehegaon,3527742.151477899,3827318.2244677893
ADILABAD,ADILABAD RURAL,Kachkanti,3528103.269986544,3850802.0734493686
ADILABAD,BELA,Khadki,3528690.6152403317,3877468.076247993
ADILABAD,TALAMADUGU,Dorli,3527440.2796966624,3832360.063624899
ADILABAD,GADIGUDA,Sedwai,3528300.6758108763,3887644.5385226584
ADILABAD,BELA,Sonkhos,3530120.9932118896,3877028.2143137483
ADILABAD,BELA,Pitgaon,3530093.412074138,3879099.677685872
ADILABAD,TALAMADUGU,Umadam,3529847.8253538203,3838581.40289702
ADILABAD,BELA,Chandpalle,3531083.913124124,3880861.855104721
ADILABAD,ADILABAD RURAL,Kumbajhari,3531284.0290773488,3857757.2411552044
ADILABAD,ADILABAD RURAL,Adilabad (M),3530283.0286280927,3853297.6561295004
ADILABAD,TALAMADUGU,Kosai,3529426.953333719,3824272.316090498
ADILABAD,JAINATH,Laxmipur (Uligan),3531685.3524995046,3862479.063051187
ADILABAD,TAMSI,Waddadi,3532973.1574037517,3841425.3941444033
ADILABAD,JAINATH,Kamtha,3532992.0252051754,3858938.0080771805
ADILABAD,BELA,Takli,3533810.715419132,3869934.569433446
ADILABAD,TALAMADUGU,Lingi,3533473.179752182,3832790.201988025
ADILABAD,ADILABAD RURAL,Dimma,3534406.2052589795,3844942.035599922
ADILABAD,TAMSI,Jamidi,3534404.766928186,3840041.159826679
ADILABAD,ADILABAD RURAL,Landasangvi,3534757.187890794,3852878.268324907
ADILABAD,JAINATH,Makoda,3534761.9870574544,3864245.672628635
ADILABAD,BELA,Dhoptala,3534987.5862332038,3870962.181579532
ADILABAD,BELA,Sirsanna,3535892.1359638902,3868396.639427893
ADILABAD,BELA,Kobhai,3536007.683096558,3880242.203046083
ADILABAD,BELA,Shamshabad,3536326.6919381567,3871609.146217572
ADILABAD,TAMSI,Sawargaon,3536358.2673534527,3844453.822766651
ADILABAD,JAINATH,Belgaon,3536624.5075823427,3865605.744836095
ADILABAD,TAMSI,Ambugaon,3535522.7287490573,3834194.928755338
ADILABAD,TAMSI,Girgaon,3536364.9811494094,3830802.8761803047
ADILABAD,TAMSI,Kapparla,3536432.218782727,3841038.8512828546
ADILABAD,BELA,Awalpur,3537468.643652813,3869049.052326023
ADILABAD,ADILABAD RURAL,Jamdapur,3535801.8158979937,3848253.6208015913
ADILABAD,JAINATH,Jainad,3536323.0555165256,3860670.7517863046
ADILABAD,JAINATH,Umri,3539219.581723747,3867269.9085832033
ADILABAD,BHORAJ,Savapur,3540540.5202491623,3854411.7693583355
ADILABAD,JAINATH,Akurla,3540107.485551335,3856790.716662581
ADILABAD,BHEEMPUR,Bheempur,3541475.6512475125,3837040.982974963
ADILABAD,JAINATH,Karanji,3540842.5315729864,3865953.4409214547
ADILABAD,JAINATH,Bahadurpur,3542397.556718149,3862421.707263155
ADILABAD,BHEEMPUR,Belsari Rampur,3543030.346605144,3833250.846916294
ADILABAD,BHORAJ,Hathighat,3542947.1222179406,3845583.422843198
ADILABAD,JAINATH,Sangvi (K),3543369.215259505,3858352.652090317
ADILABAD,BHEEMPUR,Dhanora,3545405.5866138367,3834668.396909981
ADILABAD,BHORAJ,Pendalwada,3544687.326574162,3855389.378627533
ADILABAD,BHORAJ,Korta,3545316.3763010786,3847198.531937396
ADILABAD,BHORAJ,Kedarpur,3545432.6681366577,3848593.5120999147
ADILABAD,BHORAJ,Akoli,3545872.142561411,3850080.6345922
ADILABAD,BHEEMPUR,Gunjala,3544314.8157803263,3837969.0594595307
ADILABAD,BHEEMPUR,Wadoor,3547016.8233951326,3835253.955072269
ADILABAD,BHEEMPUR,Arli-T,3548156.864281621,3831514.885883552
ADILABAD,BHEEMPUR,Antergaon,3552364.882633623,3832133.7582220784
ADILABAD,BHEEMPUR,Gomuthri,3552672.7917741104,3828733.6328622648
ADILABAD,BHEEMPUR,Karanji-T,3550982.084181206,3826423.2762150136
ADILABAD,ADILABAD RURAL,Takli,3531508.8262403477,3856173.269728439
ADILABAD,GUDIHATNOOR,Neradigonda,3512708.2980747805,3843340.2832427304
ADILABAD,BAZARHATNOOR,Yesapur,3512882.538415888,3834796.5534370304
ADILABAD,TALAMADUGU,Pangadpipri,3523615.3588719293,3843511.7163865226
ADILABAD,MAVALA,Battisavargaon (Part),3530104.9818168557,3845329.983747985
ADILABAD,SATHNALA,Jamuldhari,3526171.736775101,3860290.04217605
ADILABAD,ADILABAD RURAL,Chinchughat,3519601.400870702,3850838.3063515127
ADILABAD,ADILABAD RURAL,Nishaghat (Part),3532681.44759278,3852918.820064408
ADILABAD,ADILABAD RURAL,Chanda-T,3535932.961631842,3850574.4658615836
ADILABAD,ADILABAD URBAN,Adilabad (M),3531290.027460431,3849314.435878505
ADILABAD,ADILABAD RURAL,Bheemseri,3533030.7837704443,3847946.567888552
ADILABAD,MAVALA,Adilabad (M),3528873.8837697157,3846476.2390451087
ADILABAD,TAMSI,Palodi,3536360.103357633,3836907.4208679283
ADILABAD,BHEEMPUR,Wadgaon,3538361.398814363,3837430.852766194
ADILABAD,BHEEMPUR,Kamatwada,3544219.1397841987,3833913.491099211
ADILABAD,BHEEMPUR,Gona,3544304.1292454973,3835924.681709777
ADILABAD,BHEEMPUR,Gollaghat,3544123.7266486567,3840370.456041628
ADILABAD,BHEEMPUR,Tamsi-K,3544155.905164892,3842579.9460876123
ADILABAD,BHORAJ,Kamai,3545748.952465797,3851645.44399951
ADILABAD,BHORAJ,Dollara,3545516.228981259,3853485.192590857
ADILABAD,BHORAJ,Gimma-K,3542649.006278203,3850071.53662082
ADILABAD,BHORAJ,Gimma-B,3543401.218434926,3847958.9187078453
ADILABAD,BHORAJ,Shekapoor,3543576.379822842,3852910.1995391115
ADILABAD,BHORAJ,Mandagada,3544315.1902370444,3852151.5534295635
ADILABAD,JAINATH,Deepaiguda,3539777.43700345,3859688.2395330514
ADILABAD,JAINATH,Hariyali,3544206.966527593,3860560.700466075
ADILABAD,JAINATH,Kowtha,3542528.96232785,3860296.4814124824
ADILABAD,BOATH,Babera,3496935.3926376463,3819313.1434782064
ADILABAD,BOATH,Nakkalawada,3497014.886110845,3821209.331073725
ADILABAD,BELA,Warur,3532087.8620202024,3876578.852546711
ADILABAD,BELA,Datalpur,3536162.004246812,3877792.6320058056
ADILABAD,BELA,Burhanpur,3534416.763271745,3875497.881090829
ADILABAD,BELA,Junoni,3533206.1040190794,3875487.9090190143
ADILABAD,BELA,Nagrala,3533368.0823652563,3876551.7289556004
ADILABAD,BELA,Sadarpur,3530734.2031562245,3875362.1039036955
ADILABAD,BELA,Karoni (B),3530746.3285080367,3873828.4999349844
ADILABAD,BELA,Karoni (K),3532665.2794795856,3873677.9330953183
ADILABAD,BELA,Boregaon,3528378.0564318,3871922.756351932
ADILABAD,BELA,Bela,3534509.181578801,3873973.454197453
ADILABAD,BELA,Dehegaon,3536209.185056163,3875710.707676952
ADILABAD,GADIGUDA,Gadiguda,3522682.2136959066,3887606.9097136143
ADILABAD,NARNOOR,Dhupapur,3515709.7723962045,3878593.7899797773
ADILABAD,NARNOOR,Sungapur,3517116.035935473,3876940.607921265
ADILABAD,NARNOOR,Babjhari,3515369.0577186486,3875515.0311029716
ADILABAD,NARNOOR,Gundala,3512888.216277392,3874511.444911898
ADILABAD,NARNOOR,Khairdatwa,3513786.3003598363,3878596.688700644
ADILABAD,NARNOOR,Mankapur,3510287.2793054846,3881092.096770707
ADILABAD,NARNOOR,Narnoor,3511543.7893369966,3883700.7874121564
ADILABAD,INDRAVELLY,Dhannura (B),3513653.4900730136,3854333.5418681656
ADILABAD,INDRAVELLY,Dhannura (K),3513282.7168308166,3856517.773217109
ADILABAD,INDRAVELLY,Mendapalle,3511763.516246233,3857747.49876059
ADILABAD,INDRAVELLY,Keslaguda,3509837.2381385555,3858341.19484096
ADILABAD,ICHODA,Heerapur,3503030.2381274556,3850392.840771781
ADILABAD,SIRIKONDA,Soanpally,3500491.102511195,3851401.0275031165
ADILABAD,ICHODA,Dhaba-B,3501216.2156480066,3849440.960057411
ADILABAD,TALAMADUGU,Palle (Buzurg),3519711.6308557284,3838761.3170588426
ADILABAD,TALAMADUGU,Palle (Khurd),3519586.0505354824,3837717.525320402
ADILABAD,ICHODA,Babuldow,3506863.4785094266,3842928.62705994
ADILABAD,BAZARHATNOOR,Girjai,3516499.7946227915,3828982.9621442407
ADILABAD,GUDIHATNOOR,Kamalapur,3519337.3738661385,3843802.715329766
ADILABAD,GUDIHATNOOR,Seetagondi,3519019.814019254,3846591.966773988
ADILABAD,TALAMADUGU,Khodad,3528661.21297745,3841502.84254393
ADILABAD,TALAMADUGU,Kajjarla,3526459.7677925215,3841754.8678054637
ADILABAD,TALAMADUGU,Ruyyadi,3527449.345970587,3836799.3735427423
ADILABAD,TALAMADUGU,Talamadugu,3526926.8381386516,3834299.720599432
ADILABAD,TALAMADUGU,Palasi (Buzurg),3530079.4022350167,3827745.787811288
ADILABAD,TALAMADUGU,Palasi (Khurd),3529182.9998646337,3830074.762593105
ADILABAD,SIRIKONDA,Sirikonda,3502911.848389115,3852698.245867191
ADILABAD,SIRIKONDA,Kondapur,3503735.014777543,3854196.884083957
ADILABAD,INDRAVELLY,Dongargaon,3504288.256813042,3860255.066183697
ADILABAD,INDRAVELLY,Wadagaon,3504420.5857525533,3862652.1485689958
ADILABAD,INDRAVELLY,Mamidiguda,3507274.9042692063,3862266.5361240325
ADILABAD,ICHODA,Gundala,3495447.231533514,3848514.598043297
ADILABAD,ICHODA,Lingapur,3494184.758243581,3848110.339169141
ADILABAD,ICHODA,Sirichelma,3492307.5345327663,3846998.5049487026
ADILABAD,ICHODA,Jogipet,3491542.546095879,3848878.398497107
ADILABAD,ADILABAD RURAL,Lohara,3522904.2952114427,3867786.79925627
ADILABAD,ADILABAD RURAL,Maregaon,3521052.0038347123,3867145.9129861686
ADILABAD,BOATH,Bahrapur,3489771.0858973577,3826983.4186980077
ADILABAD,BOATH,Dhannur (Buzurg),3490780.636495802,3827544.369181355
ADILABAD,NERADIGONDA,Sowergaon,3490350.3328341166,3837522.2030709726
ADILABAD,NERADIGONDA,Jasnapur,3492150.021769122,3837990.0961769903
ADILABAD,ICHODA,Dhaba-K,3498981.752188071,3849598.8001942122
ADILABAD,SATHNALA,Pardi-B,3531524.0005321945,3858899.924638764
ADILABAD,SATHNALA,Pardi-K,3531231.2269164696,3859958.146679161
ADILABAD,SATHNALA,Ramai,3528395.970055815,3860190.4856354794
ADILABAD,BELA,Narayanpur,3539594.678963048,3868935.989651516
ADILABAD,BELA,Bhodod (Kopsi),3538030.4639596636,3871431.2107799877
ADILABAD,BELA,Koparuzana,3537169.5414227895,3879155.172205209
ADILABAD,JAINATH,Kura,3541160.4832841284,3864192.7237340594
ADILABAD,TAMSI,Ponnari,3530346.7209463343,3843311.0114665236
ADILABAD,BHORAJ,Ganeshpur,3536740.6765471213,3853371.562027781
ADILABAD,JAINATH,Nizampur,3536120.154847935,3855170.7031137655
ADILABAD,BHORAJ,Awalpur,3535439.496775407,3854835.5466251243
NIZAMABAD,SALOORA,Jadi Jamalpur,3426269.226371051,3777258.830100755
NIZAMABAD,SALOORA,Saloora,3424699.2771642464,3774254.7819390805
NIZAMABAD,BHEEMGAL,Changal,3424386.6130318195,3831342.977889473
NIZAMABAD,JAKRANPALLI,Jakranpalle,3425971.4221110456,3819998.6129650488
NIZAMABAD,DICHPALLY,Amruthapur,3418306.550593089,3812376.016691476
NIZAMABAD,MUGPAL,Nyalkal,3416466.745666703,3801143.595684624
NIZAMABAD,KOTAGIRI,Ethonda,3416953.2535336264,3773795.3331862395
NIZAMABAD,POTHANGAL,Sunkini,3418518.3419488287,3766386.3000736693
NIZAMABAD,BHEEMGAL,Bachanpalle,3418735.388841215,3843959.165594852
NIZAMABAD,POTHANGAL,Kallur,3405945.1310554496,3768905.718580687
NIZAMABAD,INDALWAI,Nallavalle,3402689.5501062153,3820168.6889745574
NIZAMABAD,INDALWAI,Threyambakpet,3405615.207601669,3811303.159760968
NIZAMABAD,VARNI,Jakora,3405015.8881544713,3783526.7298708595
NIZAMABAD,SIRIKONDA,Gadkole,3406370.7771408227,3837909.4983736817
NIZAMABAD,BODHAN,Bodhan (M),3421829.8058177917,3781183.6027337923
NIZAMABAD,MAKLOOR,Nizamabad (M.Corp.),3426702.3463608045,3807023.0335015734
NIZAMABAD,JAKRANPALLI,Kolipaka,3426604.487984319,3825929.0873256754
NIZAMABAD,BHEEMGAL,Mendhora,3426144.507676462,3845177.659519565
NIZAMABAD,KOTAGIRI,Rampur,3408940.7167469533,3775734.523272003
NIZAMABAD,DONKESHWAR,Narkodh,3456893.2845278955,3816763.4501472055
NIZAMABAD,BODHAN,Bardipur,3425758.657500695,3783256.1858391
NIZAMABAD,YEDAPALLY,Jankampet,3426228.4974018936,3794732.156192724
NIZAMABAD,VARNI,Siddapur,3400205.6097236266,3793851.56811765
NIZAMABAD,VARNI,Taglepalle,3406288.385337333,3777709.281257571
NIZAMABAD,SIRIKONDA,Chimanpalle,3407488.0110347443,3849582.5000205683
NIZAMABAD,KOTAGIRI,Suddulam,3406502.652581355,3774871.3959955387
NIZAMABAD,KOTAGIRI,Kothapalle,3408052.000843004,3772535.056539703
NIZAMABAD,MENDORA,Kodicherla,3455200.765973684,3835565.2657900588
NIZAMABAD,DONKESHWAR,Annaram,3455631.2040237403,3811640.1362449187
NIZAMABAD,MENDORA,Chakiryal,3456487.680902988,3834049.7745295386
NIZAMABAD,DONKESHWAR,Sirpur,3456336.2037797407,3813776.5780665
NIZAMABAD,KOTAGIRI,Kotgiri,3412041.8595411154,3773751.9196514296
NIZAMABAD,NANDIPET,Khudavandapur,3444119.7987240753,3811607.5988269583
NIZAMABAD,NANDIPET,Lakkampalle,3445408.234468628,3804862.665076554
NIZAMABAD,NANDIPET,Talveda,3444907.6457562284,3801953.775313136
NIZAMABAD,ARMUR,Komanpalle,3445405.4680476966,3823199.9862853657
NIZAMABAD,NAVIPET,Tungini,3446003.5763982995,3798158.201569803
NIZAMABAD,NANDIPET,Badgoni,3451606.6377827176,3806622.164886875
NIZAMABAD,MUPKAL,Nallur,3451355.659529713,3828728.4941422064
NIZAMABAD,YERGATLA,Domchanda,3452796.30999056,3843665.8811901654
NIZAMABAD,MENDORA,Bussapur,3451677.230192444,3831062.249513871
NIZAMABAD,MENDORA,Mendora,3451929.0622963286,3833914.1844910337
NIZAMABAD,CHANDUR,Karegaon,3408383.229492292,3790749.5212549246
NIZAMABAD,VARNI,Varni,3408281.463898748,3781902.7595042316
NIZAMABAD,RUDRUR,Ambam,3408827.752127593,3778438.864319019
NIZAMABAD,INDALWAI,Indalwai,3407342.4637645627,3815070.128429665
NIZAMABAD,SIRIKONDA,Ramadugu,3408659.652586971,3835122.3992080586
NIZAMABAD,BHEEMGAL,Lingapurchouth,3421562.029477037,3841122.3893080894
NIZAMABAD,DICHPALLY,Bardipur,3419224.4041502518,3808686.1781528387
NIZAMABAD,BHEEMGAL,Sikandrapur,3420062.7626880896,3835389.0825419
NIZAMABAD,JAKRANPALLI,Poppalpalle,3422149.346569836,3814870.2977198916
NIZAMABAD,BALKONDA,Balkonda,3443268.9849499515,3827356.9939551735
NIZAMABAD,NANDIPET,Vannel (Khurd),3445764.003540218,3814549.647781669
NIZAMABAD,ARMUR,Khanapur,3444790.4826341453,3820955.532405849
NIZAMABAD,ARMUR,Magdi,3445195.069713085,3818226.4924704186
NIZAMABAD,YERGATLA,Thurat,3445337.751173903,3839752.5200932864
NIZAMABAD,MUGPAL,Thanakurd,3417861.1166257407,3805608.868304768
NIZAMABAD,BHEEMGAL,Thallapalle,3417828.2449564356,3850109.922594867
NIZAMABAD,MAKLOOR,Vallabhapur,3437604.7766525247,3800131.3147425707
NIZAMABAD,BHEEMGAL,Devan Palle,3423164.932826138,3845585.100533192
NIZAMABAD,JAKRANPALLI,Chintalur,3423305.032457068,3828809.5249120244
NIZAMABAD,MENDORA,Savel,3452509.000756726,3837744.771363734
NIZAMABAD,DONKESHWAR,Donkeshwar,3452874.167221484,3811302.8921705405
NIZAMABAD,DONKESHWAR,Gadepalle,3453886.9970888034,3816572.046548765
NIZAMABAD,MENDORA,Sonpet & Pochampad,3454042.719246351,3829848.340988798
NIZAMABAD,MENDORA,Doodgaon,3455366.454176912,3831976.3694274505
NIZAMABAD,SIRIKONDA,Thumpalle,3401488.3344231127,3841642.5688923746
NIZAMABAD,MUGPAL,Yellammakunta,3402837.7217934183,3808031.629587186
NIZAMABAD,NAVIPET,Rampur,3434711.3863618886,3790318.996416069
NIZAMABAD,VAILPOOR,Lakhora,3434542.02536426,3828907.835615379
NIZAMABAD,MORTHAD,Sunkat,3434082.8080515466,3838343.099410517
NIZAMABAD,ALOOR,Gaggupally,3435084.880858027,3815266.1930224625
NIZAMABAD,VAILPOOR,Kuknur,3435816.003218321,3835586.578060092
NIZAMABAD,VARNI,Sayeedpur,3403493.2161940765,3791859.8143793726
NIZAMABAD,KOTAGIRI,Adkas Palle,3405232.7591152173,3773602.094674711
NIZAMABAD,KOTAGIRI,Lingapur,3405224.0459783496,3771358.1749064587
NIZAMABAD,BODHAN,Bhiknalli,3435710.877967973,3776159.196227156
NIZAMABAD,ALOOR,Kalladi,3434481.5880391216,3809374.16110906
NIZAMABAD,MAKLOOR,Gottimukkala,3435530.6655307035,3803902.458600652
NIZAMABAD,BODHAN,Hangarga,3435873.0842810962,3778175.944525114
NIZAMABAD,MAKLOOR,Venkatapur,3435293.1005213666,3805889.8236588864
NIZAMABAD,SIRIKONDA,Hussainnagar,3408467.227206256,3839211.848063112
NIZAMABAD,MOSRA,Govoor,3414477.6379504898,3786569.68481884
NIZAMABAD,RUDRUR,Ranampally (Sulemannagar-H),3414548.91699623,3778464.1297401995
NIZAMABAD,MUGPAL,Sirpur,3413503.1608059155,3801873.0979096605
NIZAMABAD,SIRIKONDA,Pothnur,3415646.495873173,3836522.41865899
NIZAMABAD,BODHAN,Sangam,3414514.4721857337,3783978.992715578
NIZAMABAD,POTHANGAL,Kollur,3418016.2810874796,3768943.7185951076
NIZAMABAD,DHARPALLY,Kesaram,3416116.2491236376,3826857.8236095915
NIZAMABAD,POTHANGAL,Domaledgi,3418288.658331211,3770699.41374763
NIZAMABAD,BODHAN,Ootpalle,3418188.8586939895,3786335.9291772177
NIZAMABAD,DHARPALLY,Rekulapally,3415977.2605207474,3832891.4985383293
NIZAMABAD,NIZAMABAD RURAL,Malkapur (A),3428625.848757047,3799329.1760767032
NIZAMABAD,NIZAMABAD RURAL,Laxmapur,3428360.867910218,3796618.881649729
NIZAMABAD,BHEEMGAL,Jagriyal,3428348.4867828595,3838710.6052150703
NIZAMABAD,RENJAL,Dupalle,3428537.2401573453,3791375.802157214
NIZAMABAD,JAKRANPALLI,Narayanpet,3428594.3132962217,3819527.0287416843
NIZAMABAD,MORTHAD,Vaddiyat,3435832.1439176314,3844119.8552907477
NIZAMABAD,NANDIPET,Velmal,3439371.4406267833,3808590.0305388225
NIZAMABAD,POTHANGAL,Hangerga,3412842.030080931,3767462.056981232
NIZAMABAD,DICHPALLY,Doosgaon,3411577.4819706366,3812034.5501289987
NIZAMABAD,BODHAN,Bhavanipet,3413166.0779781826,3782940.29058673
NIZAMABAD,DHARPALLY,Dharpally,3409381.1137175104,3829591.1607509158
NIZAMABAD,SIRIKONDA,Pedda Walgot,3413037.7463387437,3834713.2517416133
NIZAMABAD,VAILPOOR,Venkatapur,3433120.659585299,3834908.3352564597
NIZAMABAD,RENJAL,Ranjal,3430592.144963281,3787498.89410722
NIZAMABAD,KAMMARPALLY,Basheerabad,3431307.4784172988,3844047.3795879153
NIZAMABAD,MAKLOOR,Makloor,3431216.0846655653,3805369.482192589
NIZAMABAD,VAILPOOR,Velpur,3431914.221050698,3832492.755322722
NIZAMABAD,JAKRANPALLI,Padkal,3422045.5068804338,3819722.7931492706
NIZAMABAD,JAKRANPALLI,Sikindrapur,3423123.2247095834,3817307.745147159
NIZAMABAD,YEDAPALLY,Jamlam,3424307.9304836434,3789584.314517591
NIZAMABAD,BHEEMGAL,Pedda Bheemgal,3423296.393488253,3834676.156705214
NIZAMABAD,SALOORA,Taggelli,3428320.1109805075,3773554.9660704257
NIZAMABAD,BODHAN,Penta Kalan,3427680.2228463385,3785003.073943581
NIZAMABAD,JAKRANPALLI,Thorlikonda,3428884.148546045,3824695.234383383
NIZAMABAD,JAKRANPALLI,Lakshmapur,3428145.680120858,3816880.536417347
NIZAMABAD,VAILPOOR,Narkhoda,3428233.1533749416,3830331.747589146
NIZAMABAD,BHEEMGAL,Puranipet,3423301.1128687714,3841488.964170474
NIZAMABAD,CHANDUR,Chandur,3410561.0155344065,3787398.7755791424
NIZAMABAD,DICHPALLY,Dichpally,3412556.791354419,3814370.1563805155
NIZAMABAD,SIRIKONDA,Kondur,3411598.639253693,3836939.4022875004
NIZAMABAD,POTHANGAL,Tirmalapur,3412242.0209786524,3770177.8572566165
NIZAMABAD,DICHPALLY,Kamalapur,3413059.8155071298,3816780.4654742074
NIZAMABAD,VARNI,Mallaram,3404925.2284015287,3780329.8131945217
NIZAMABAD,VARNI,Rajpet,3405853.538405234,3788181.471563113
NIZAMABAD,INDALWAI,Gouraram,3405728.007347588,3824907.7303896914
NIZAMABAD,SIRIKONDA,Pakhal,3404433.4971719813,3844111.8183957646
NIZAMABAD,KOTAGIRI,Bareedpur,3406479.4106276254,3771835.1808384494
NIZAMABAD,MAKLOOR,Vaddatipalle,3422860.563335807,3809515.072706156
NIZAMABAD,BODHAN,Naganpalle,3422950.2951097484,3777562.7649635714
NIZAMABAD,SALOORA,Khajapur,3422727.3091030903,3772231.318338513
NIZAMABAD,NIZAMABAD SOUTH,Nizamabad (M.Corp.),3421890.4368740567,3801119.2116706464
NIZAMABAD,BHEEMGAL,Devakkapet,3419025.3597786687,3852218.062139947
NIZAMABAD,DICHPALLY,Koratpalle,3420584.085325065,3824678.4291995014
NIZAMABAD,DHARPALLY,Mailaram,3420803.894330953,3827772.5083638127
NIZAMABAD,BHEEMGAL,Pallikonda,3420807.051446798,3844042.351514039
NIZAMABAD,SALOORA,Lakmapur,3421339.9494399824,3777491.2854942456
NIZAMABAD,ALOOR,Mirdapally,3438285.8844251083,3815505.035093588
NIZAMABAD,ARMUR,Rampur,3437744.8381474074,3816760.87403996
NIZAMABAD,NAVIPET,Kosli,3437639.282365874,3788932.023234154
NIZAMABAD,NAVIPET,Maddepalle,3438594.447531647,3792383.5566948103
NIZAMABAD,MAKLOOR,Madanpalle,3423827.7619670318,3812611.522051323
NIZAMABAD,VAILPOOR,Wadi,3425943.9732864005,3829788.708467047
NIZAMABAD,KAMMARPALLY,Narsapur,3425748.7251235563,3848304.1867708354
NIZAMABAD,SALOORA,Fathepur,3426482.6447500866,3774872.6275664764
NIZAMABAD,VAILPOOR,Janakampeta,3429442.1890338687,3828473.2257763394
NIZAMABAD,KAMMARPALLY,Konasamandar,3428392.402342473,3846331.3823168185
NIZAMABAD,BHEEMGAL,Kupkal,3428004.995739031,3841811.802919403
NIZAMABAD,MAKLOOR,Singampalle,3429936.9512252677,3806907.0126450104
NIZAMABAD,NAVIPET,Ananthagiri,3430027.959790349,3798619.4739222713
NIZAMABAD,VARNI,Pedmal,3398399.470078242,3791962.258382481
NIZAMABAD,NANDIPET,C.H.Kondoor,3448244.1409714296,3803089.7578176586
NIZAMABAD,NANDIPET,Mayapur,3448237.953887316,3807513.6754674027
NIZAMABAD,YERGATLA,Tadla Rampur,3449519.302673803,3844325.820666056
NIZAMABAD,MENDORA,Velgatoor,3449508.198076529,3836583.2842008965
NIZAMABAD,YERGATLA,Battapur,3449109.8001713273,3839859.2273951704
NIZAMABAD,MORTHAD,Mortad,3437237.2507080003,3840844.2435627985
NIZAMABAD,MAKLOOR,Chikli,3438849.5684943544,3800568.8910775105
NIZAMABAD,NAVIPET,Shiranpalle,3438971.468697649,3798080.669018392
NIZAMABAD,VAILPOOR,Padgal,3437632.7221332835,3830727.1554748137
NIZAMABAD,VAILPOOR,Pochampalle,3439282.361418917,3833914.8255815855
NIZAMABAD,NAVIPET,Kandepalle,3439368.99539402,3791061.9662888288
NIZAMABAD,NAVIPET,Abbapur (B),3439059.5426595313,3793810.2714115907
NIZAMABAD,ARMUR,Fathepur,3439774.719475737,3824281.6655113352
NIZAMABAD,NAVIPET,Shaikhapur,3440393.1640584576,3797515.235738428
NIZAMABAD,NAVIPET,Mittapur,3440114.0558673637,3788700.8763975794
NIZAMABAD,ARMUR,Pipri,3438712.707949056,3821575.0519160787
NIZAMABAD,BALKONDA,Chittapur,3439469.948116642,3827685.421269293
NIZAMABAD,ARMUR,Manthani,3439952.4256391837,3818581.949260608
NIZAMABAD,KAMMARPALLY,Kammar Palle,3438980.7146000722,3846555.453355393
NIZAMABAD,MAKLOOR,Gunjali,3440298.7515222654,3802055.3747100416
NIZAMABAD,MUPKAL,Vempally,3445208.6135639125,3831428.4588858928
NIZAMABAD,NANDIPET,Bazarkothur,3446304.405368798,3807963.7193927635
NIZAMABAD,MUPKAL,Renjarla,3445461.3039213317,3835244.51642358
NIZAMABAD,BALKONDA,Jalalpur,3445773.5913252844,3825076.154464623
NIZAMABAD,MUPKAL,Nagampet,3447364.3541848115,3834262.4319089884
NIZAMABAD,ARMUR,Bardipur (UI),3448423.3080798755,3822149.894882418
NIZAMABAD,BALKONDA,Sangam,3448813.5886717113,3825480.4761676276
NIZAMABAD,BALKONDA,Kojan Kothur,3450595.7490733326,3823073.5233270572
NIZAMABAD,NAVIPET,Khadirabad,3441569.273703954,3794138.9878796395
NIZAMABAD,NANDIPET,Mallaram,3442249.0769119738,3805009.3072042866
NIZAMABAD,NAVIPET,Lingapur,3442004.330474035,3798538.0897943466
NIZAMABAD,MORTHAD,Donkal,3438368.99143804,3836178.9688035944
NIZAMABAD,MORTHAD,Palem,3441099.2621882977,3839133.917087978
NIZAMABAD,ALOOR,Degaon,3440566.7381711802,3815166.2966457205
NIZAMABAD,NAVIPET,Yamcha,3441718.817020655,3789379.3714168197
NIZAMABAD,NANDIPET,Chimrajpalle,3443265.9749086453,3805029.80511206
NIZAMABAD,NANDIPET,Srirampur,3450715.184581292,3819774.1458078013
NIZAMABAD,BALKONDA,Keshapur,3451129.084178739,3824850.769140621
NIZAMABAD,BALKONDA,Ratnapur,3450751.3724257266,3826871.173312844
NIZAMABAD,ARMUR,Chepur,3435797.1510956013,3827114.3472875967
NIZAMABAD,MAKLOOR,Mamdapur,3437680.864513791,3803721.8466900405
NIZAMABAD,ARMUR,Issapalle,3435990.487225501,3817200.9963248805
NIZAMABAD,ALOOR,Aloor,3436640.701936932,3813072.7537310882
NIZAMABAD,NAVIPET,Jannipalle,3436584.6384297484,3798645.053640754
NIZAMABAD,RENJAL,Boregaon,3434868.038835565,3784694.5128839496
NIZAMABAD,RENJAL,Tadbiloli,3436151.226965511,3786785.1505769165
NIZAMABAD,MAKLOOR,Dharmora,3438580.2031679773,3803916.605539174
NIZAMABAD,RENJAL,Kandakurthi,3437451.126800667,3781693.5058042626
NIZAMABAD,DHARPALLY,Kotalapalle,3400827.5774718625,3830439.2236657985
NIZAMABAD,INDALWAI,Donkal,3401539.776527748,3826929.827847321
NIZAMABAD,KOTAGIRI,Gannavaram,3404117.1597600067,3770699.756846038
NIZAMABAD,KOTAGIRI,Baswapur,3404431.8064859225,3773377.597584763
NIZAMABAD,VARNI,Jalalpur,3402296.602476212,3789372.29956241
NIZAMABAD,SIRIKONDA,Kondapur,3403760.572216138,3838142.9731455864
NIZAMABAD,INDALWAI,Sirnapalle,3401510.6654716083,3823073.960557739
NIZAMABAD,VARNI,Khunipur,3403799.713218282,3786315.9306598743
NIZAMABAD,SIRIKONDA,Musheernagar,3402822.300528144,3835360.146290722
NIZAMABAD,MUGPAL,Amrabad,3404675.0872490755,3805816.2781538046
NIZAMABAD,CHANDUR,Medpalle,3405355.190595919,3793805.882206744
NIZAMABAD,CHANDUR,Laxmapur,3406928.894256347,3790181.650870557
NIZAMABAD,INDALWAI,Gannaram,3404848.1067681033,3817891.5046928977
NIZAMABAD,MUGPAL,Bhairapur,3406168.9622903415,3800144.955885527
NIZAMABAD,DHARPALLY,Honnajipet,3405692.7302200994,3831811.167085025
NIZAMABAD,INDALWAI,Vengalpad,3408113.1932336064,3825631.266897551
NIZAMABAD,POTHANGAL,Kodcherla,3408546.3864279254,3767541.5506562423
NIZAMABAD,VARNI,Shankora,3407891.0080846897,3786063.024571959
NIZAMABAD,BHEEMGAL,Bejjora,3421707.930534475,3838690.1412425344
NIZAMABAD,MUGPAL,Manchippa,3406245.6420487687,3803263.0558454576
NIZAMABAD,MUGPAL,Kalpol,3407590.948003602,3798182.3192758844
NIZAMABAD,POTHANGAL,Jallapalle,3408590.8100696295,3770573.0801127497
NIZAMABAD,KOTAGIRI,Eklaspur,3410109.3189171692,3772217.363356508
NIZAMABAD,SIRIKONDA,Pandimadugu,3408508.1657209755,3846713.7404296286
NIZAMABAD,MUGPAL,Chinnapur,3409697.1673824773,3809450.9603662863
NIZAMABAD,VARNI,Humnapur,3410471.199864178,3783737.868231309
NIZAMABAD,POTHANGAL,Pothangal,3410678.2833436695,3767510.2214722787
NIZAMABAD,MOSRA,Thimmapur,3410704.385742179,3790823.6801555483
NIZAMABAD,MUGPAL,Badsi,3408447.085165468,3807263.638217592
NIZAMABAD,DICHPALLY,Bibipur,3411153.9977449635,3815581.863872632
NIZAMABAD,RUDRUR,Akbarnagar,3410688.5364376693,3780397.144297685
NIZAMABAD,DICHPALLY,Rampur,3410755.883167127,3819881.24474793
NIZAMABAD,RUDRUR,Boppapur,3411623.2405688325,3781960.1797497855
NIZAMABAD,RUDRUR,Kondapur,3411190.63571595,3776828.659304893
NIZAMABAD,CHANDUR,Ghanpur,3411756.5984510635,3785139.473682794
NIZAMABAD,RUDRUR,Chikkadpally,3411662.4309758274,3778431.141313499
NIZAMABAD,MUGPAL,Mudakpally (Narsingpally),3410419.739131025,3801088.526312265
NIZAMABAD,SIRIKONDA,Sirkonda,3408665.311811531,3841266.764671271
NIZAMABAD,DHARPALLY,Govindpalle,3412012.5115064383,3827922.3726829793
NIZAMABAD,SIRIKONDA,Mailaram,3410394.4960841243,3842758.167031735
NIZAMABAD,INDALWAI,Lolam,3409787.7709424715,3823480.5823131786
NIZAMABAD,SIRIKONDA,Thatpalle,3410798.2528725155,3851472.2932464415
NIZAMABAD,INDALWAI,Mallapur,3413449.0128241773,3821807.456986127
NIZAMABAD,MUGPAL,Kulaspoor,3412442.9051100803,3808643.5909245615
NIZAMABAD,DICHPALLY,Mittapalle,3413487.358022409,3819295.3227604097
NIZAMABAD,NIZAMABAD RURAL,Malkapur (J/M),3413638.556310326,3793749.7236410617
NIZAMABAD,POTHANGAL,Karegoan,3414455.8127970863,3768091.3649158822
NIZAMABAD,DICHPALLY,Ghanpur,3414311.7793103945,3812595.6666305633
NIZAMABAD,RUDRUR,Rudrur,3413387.1810835423,3780430.6154727256
NIZAMABAD,MOSRA,Chintakunta,3413288.100473336,3790471.8730493225
NIZAMABAD,DHARPALLY,Dammannapet,3414615.5539096543,3828901.375485034
NIZAMABAD,DICHPALLY,Mullangi (I),3414165.417922174,3810131.359795815
NIZAMABAD,SIRIKONDA,Chinna Walgot,3414532.0640579984,3838847.532734612
NIZAMABAD,MUGPAL,Kanjar,3414097.071826971,3806246.3329614527
NIZAMABAD,BODHAN,Minarpalle,3415432.3019596264,3781751.7712019878
NIZAMABAD,MAKLOOR,Metpalle,3436687.50816737,3801641.328878197
NIZAMABAD,POTHANGAL,Hegdoli,3415824.939192111,3769565.318061971
NIZAMABAD,KOTAGIRI,Mirzapur,3416407.09162081,3771731.241745845
NIZAMABAD,NIZAMABAD RURAL,Muthakunta,3416304.8794792253,3792758.740393984
NIZAMABAD,SIRIKONDA,Nyavandi,3413796.1203644834,3842539.903127609
NIZAMABAD,SIRIKONDA,Ravutla,3414313.5148104923,3845083.6155477595
NIZAMABAD,RUDRUR,Siddapur,3415959.26515163,3775550.2540821102
NIZAMABAD,DICHPALLY,Nadepalle,3415608.0619539088,3813193.243116505
NIZAMABAD,BODHAN,Amdapur,3416634.623912336,3785091.999877991
NIZAMABAD,DICHPALLY,Suddapalle,3416358.006365599,3815843.159530843
NIZAMABAD,NIZAMABAD RURAL,Dharmaram (M),3415049.238815363,3799030.2799254493
NIZAMABAD,JAKRANPALLI,Manoharabad,3423945.818763849,3824317.011946043
NIZAMABAD,JAKRANPALLI,Kaligote,3423471.630415069,3826436.5190267707
NIZAMABAD,NIZAMABAD RURAL,Nizamabad (M.Corp.),3424073.169600767,3803138.93215103
NIZAMABAD,YEDAPALLY,Ambam,3424958.1789832427,3785131.5209699157
NIZAMABAD,BHEEMGAL,Babanagar,3425033.498027831,3842747.5667171786
NIZAMABAD,YEDAPALLY,Yedpalle,3424117.560098843,3787461.8442195766
NIZAMABAD,JAKRANPALLI,Madhapur,3424042.6099497546,3815228.056589852
NIZAMABAD,SALOORA,Hunsa,3423140.237020624,3768767.1382114156
NIZAMABAD,YEDAPALLY,Thanekalan,3422830.767044462,3793106.3721969333
NIZAMABAD,SALOORA,Mandharna,3422355.9418414845,3766163.7625807505
NIZAMABAD,BHEEMGAL,Bheemgal (M),3424657.4226858313,3838272.4312018184
NIZAMABAD,BODHAN,Erajpalle,3421322.495375106,3785260.3805181473
NIZAMABAD,KAMMARPALLY,Konapur,3425160.8627817654,3855588.047438224
NIZAMABAD,MAKLOOR,Amrad,3425452.582190611,3810866.6495909183
NIZAMABAD,YEDAPALLY,Pocharam,3426764.8338070177,3791779.2162614134
NIZAMABAD,DHARPALLY,Ramadugu,3415393.0484295716,3824914.6240242925
NIZAMABAD,RUDRUR,Raikur,3416417.68703682,3777056.7489079507
NIZAMABAD,MUGPAL,Mugpal,3416602.8744395818,3804414.7843005434
NIZAMABAD,MOSRA,Mosra,3416802.1745748934,3788931.1739292876
NIZAMABAD,BHEEMGAL,Gangarai,3418252.5735118226,3849239.759955389
NIZAMABAD,DICHPALLY,Suddulam,3418361.9841408026,3823164.5549425064
NIZAMABAD,BODHAN,Penta Khurd,3418809.8464221978,3776287.5222421405
NIZAMABAD,DICHPALLY,Yanampalle,3417016.9770588484,3819693.6601244546
NIZAMABAD,BHEEMGAL,Salampur,3419484.88082529,3839170.025792231
NIZAMABAD,ALOOR,Macherla,3441568.0037867203,3812473.6475397903
NIZAMABAD,ARMUR,Amdapur,3442085.0694557014,3819708.28793554
NIZAMABAD,NANDIPET,Kamtam,3442298.309516809,3801561.8076677374
NIZAMABAD,ARMUR,Surbiriyal,3442319.3037612275,3823272.5018073837
NIZAMABAD,BALKONDA,Bodepalle,3442349.6036736015,3831224.1422589337
NIZAMABAD,YEDAPALLY,Kurnapalle,3418802.1724065477,3792148.7557603354
NIZAMABAD,SALOORA,Salampad,3419964.255925273,3774754.2840903574
NIZAMABAD,BHEEMGAL,Rahathnagar,3419330.7059576274,3847354.824451112
NIZAMABAD,NIZAMABAD RURAL,Mallaram,3417364.3768550935,3796933.77048841
NIZAMABAD,BHEEMGAL,Gongappul,3417950.924648488,3837110.2718358682
NIZAMABAD,DHARPALLY,Challagarga,3418257.932835723,3828851.006196839
NIZAMABAD,BHEEMGAL,Muchkur,3418767.59719828,3840831.2427341407
NIZAMABAD,YEDAPALLY,Mangalpahad,3421497.5512759057,3789688.736846606
NIZAMABAD,DHARPALLY,Dubbaka,3418748.2023259723,3831472.7296865974
NIZAMABAD,DICHPALLY,Mentrajpalle,3419917.063660084,3814600.605704695
NIZAMABAD,BHEEMGAL,Karepalle,3422348.2126693856,3849716.1019935776
NIZAMABAD,BODHAN,Langadapur,3427073.6704977998,3781909.3093451275
NIZAMABAD,YEDAPALLY,Jaithapur,3426677.351096886,3789852.119976775
NIZAMABAD,VAILPOOR,Aklur,3426652.651308466,3834489.261357843
NIZAMABAD,BODHAN,Mavandi (Kalan),3426596.482764547,3778496.936201057
NIZAMABAD,YEDAPALLY,Brahammanpalle,3427259.18103487,3788297.715261915
NIZAMABAD,KAMMARPALLY,Dammanpet (Ameernagar),3427974.231759446,3849805.914521678
NIZAMABAD,NIZAMABAD RURAL,Gundaram,3426812.3393840124,3798922.989538481
NIZAMABAD,BODHAN,Rampur,3428041.2370915674,3776349.6146990913
NIZAMABAD,JAKRANPALLI,Munpalle,3430531.123431592,3817729.473093988
NIZAMABAD,JAKRANPALLI,Argul,3428962.266798359,3821445.9495515223
NIZAMABAD,MAKLOOR,Chinnapur,3430101.491376917,3808922.7713632346
NIZAMABAD,NAVIPET,Abbapur (M),3429469.9565738733,3794075.793774423
NIZAMABAD,BODHAN,Mavandi (Khurd),3429827.6177277053,3779918.425608154
NIZAMABAD,NAVIPET,Dharmaram,3430056.4304301366,3796644.3028396675
NIZAMABAD,BODHAN,Pegadpalle,3429684.564902858,3782321.3719417416
NIZAMABAD,NIZAMABAD RURAL,Kondur,3430046.433058096,3801903.216162524
NIZAMABAD,RENJAL,Kalyapur,3430667.020432947,3791636.167496395
NIZAMABAD,RENJAL,Satapur,3431141.010195337,3784644.74276505
NIZAMABAD,VAILPOOR,Mothe,3429479.703438176,3835161.250262252
NIZAMABAD,NIZAMABAD RURAL,Jalalpur,3430794.2764154887,3799945.9936275817
NIZAMABAD,ARMUR,Govindpet,3431378.055718851,3826916.8071994553
NIZAMABAD,VAILPOOR,Sahebpet,3431039.2410276756,3829657.177201947
NIZAMABAD,BODHAN,Kaldurthi,3430457.2098335344,3777076.2649436924
NIZAMABAD,JAKRANPALLI,Brahmanpalle,3431188.523573226,3823769.448417023
NIZAMABAD,VAILPOOR,Ramannapet,3431445.165944311,3838791.603574945
NIZAMABAD,RENJAL,Kunepalle,3432426.5660616593,3790333.242344414
NIZAMABAD,BODHAN,Siddapur,3431635.7818292035,3774900.6402219622
NIZAMABAD,MAKLOOR,Mullangi (Binala),3432630.1425801343,3802970.1898017987
NIZAMABAD,ARMUR,Ankapur,3431962.69562962,3817717.2503176285
NIZAMABAD,NAVIPET,Mahantham,3432683.8922981774,3796221.521387996
NIZAMABAD,NAVIPET,Mokanpalle,3432174.804153862,3798089.545521157
NIZAMABAD,NAVIPET,Dharyapur,3432822.1883593304,3791893.2647464303
NIZAMABAD,VAILPOOR,Ameenapur,3433369.847449243,3829968.549935755
NIZAMABAD,ALOOR,Gutpa,3432477.3522198447,3813380.411725843
NIZAMABAD,RENJAL,Bhagepalle,3433567.6227698284,3789351.2749237968
NIZAMABAD,BODHAN,Kopperga,3433287.863306214,3778901.7650357685
NIZAMABAD,BODHAN,Khandgaon,3433810.473207655,3775803.8691314757
NIZAMABAD,KAMMARPALLY,Choutupalle,3432804.6503847553,3847841.636756427
NIZAMABAD,MORTHAD,Donpal,3433017.7909037494,3842270.583240916
NIZAMABAD,NIZAMABAD RURAL,Palda,3433499.6099281157,3800466.4904092806
NIZAMABAD,NAVIPET,Navipet,3433523.9093763065,3793960.402465765
NIZAMABAD,NAVIPET,Narayanpur,3434367.612448071,3798640.960748738
NIZAMABAD,MAKLOOR,Bonkanpalle,3434274.8363330006,3801980.7403545734
NIZAMABAD,VAILPOOR,Komanpalle,3434693.3975898856,3834502.4131922
NIZAMABAD,NAVIPET,Kamalapur,3434334.391168646,3796818.496183088
NIZAMABAD,RENJAL,Neela,3433744.078813463,3781960.9296037504
NIZAMABAD,KAMMARPALLY,Hasakothur,3435841.363513412,3847462.9510557954
NIZAMABAD,NAVIPET,Pothangal,3436274.4628526,3795422.624347619
NIZAMABAD,NAVIPET,Nagepur,3436459.83984002,3792495.299628122
NIZAMABAD,ARMUR,Armoor (M),3434602.4583042897,3821844.082991081
NIZAMABAD,VAILPOOR,Anksapur,3435870.3335953625,3832634.298443749
NIZAMABAD,MAKLOOR,Lakhmapur,3437315.878138359,3805659.262092625
NIZAMABAD,BALKONDA,Vannel Bashirabad,3441042.2847832926,3832483.338147336
NIZAMABAD,NANDIPET,Ailapur,3441082.1828635046,3804624.9415157605
NIZAMABAD,NAVIPET,Alzapur,3443246.854534543,3790427.758860174
NIZAMABAD,NAVIPET,Nizampur,3443782.3957239455,3798757.139691615
NIZAMABAD,NAVIPET,Nandigaon,3442809.2645001733,3792292.598412805
NIZAMABAD,KAMMARPALLY,Uploor,3443501.245910525,3846283.5012188624
NIZAMABAD,NANDIPET,Siddapur,3443756.058524965,3815425.1209991532
NIZAMABAD,NANDIPET,Nandipet,3443957.373596541,3808396.2332177693
NIZAMABAD,NAVIPET,Binola,3442205.6576772956,3795767.4089068742
NIZAMABAD,MORTHAD,Thimmapur,3442705.9181281575,3842455.670183005
NIZAMABAD,MORTHAD,Shetpalle,3444308.6844607657,3836781.6689693583
NIZAMABAD,MUPKAL,Venchiryal,3447108.388302498,3838445.7955673113
NIZAMABAD,BALKONDA,Nagapur,3446889.9006908736,3827482.4678763677
NIZAMABAD,MUPKAL,Kothapally,3447763.0955055235,3832178.326699319
NIZAMABAD,DONKESHWAR,Dattapur,3448182.376096848,3812602.0551114837
NIZAMABAD,DONKESHWAR,Gangasamundar,3448444.0617105193,3817892.644326788
NIZAMABAD,YERGATLA,Yergatla,3447304.6394267185,3843753.6212011883
NIZAMABAD,MUPKAL,Mupkal,3448714.4316712613,3830688.9077216517
NIZAMABAD,POTHANGAL,Takli,3420553.0486854594,3771190.679442665
NIZAMABAD,POTHANGAL,Sompur,3420296.273364521,3768886.702808539
NIZAMABAD,DONKESHWAR,Marampalle,3448674.112343795,3814548.5556936148
NIZAMABAD,NAVIPET,Naleshwar,3448966.129118008,3799197.3731375695
NIZAMABAD,YERGATLA,Tadpakal,3451182.937518254,3840914.66513848
NIZAMABAD,DONKESHWAR,Noothpalle,3451212.77874279,3815672.4845101354
NIZAMABAD,YERGATLA,Gumeriyal,3451270.4905231814,3845817.2639003433
NIZAMABAD,NANDIPET,Ummeda,3450835.8695997954,3804306.0714539597
NIZAMABAD,SIRIKONDA,Gargepahad,3398392.4536245395,3843356.3778944113
NIZAMABAD,KAMMARPALLY,Gudilingapur,3404878.5465187016,3847465.9710701765
NIZAMABAD,KOTAGIRI,Fakeerabad,3408151.345628828,3774841.754814293
NIZAMABAD,KOTAGIRI,Malkapur,3411570.1140462705,3771571.4856884973
NIZAMABAD,KOTAGIRI,Shailampur,3413189.93275773,3776242.8571937387
NIZAMABAD,KOTAGIRI,Zainapur,3413472.513230238,3771225.0161314458
NIZAMABAD,KOTAGIRI,Amrapur,3414112.548309996,3774679.8738045823
NIZAMABAD,KOTAGIRI,Rozapur,3414795.736495265,3772811.2829552246
NIZAMABAD,POTHANGAL,Humnapur,3416018.617252922,3766652.78377466
NIZAMABAD,RUDRUR,Lingampally,3416799.6672130506,3779226.339606993
NIZAMABAD,BHEEMGAL,Babapur,3425659.3083911138,3840361.2710270463
NIZAMABAD,BODHAN,Nagora,3418954.180086537,3778274.8965373924
NIZAMABAD,YEDAPALLY,Mallepahad,3419620.3056197227,3788679.6975639523
NIZAMABAD,BODHAN,Mithapur,3419754.6879057675,3786800.2416165406
NIZAMABAD,SALOORA,Kommanpalle,3421495.4529140787,3775263.660806892
NIZAMABAD,NIZAMABAD RURAL,Seripur (UI),3422432.8269856093,3797190.8659685915
NIZAMABAD,MAKLOOR,Mamidipalle,3428764.2561793826,3811823.902623345
NIZAMABAD,KAMMARPALLY,Lakshmapur,3430130.6133041005,3848643.4583276967
NIZAMABAD,DONKESHWAR,Nikalpur,3451397.761098317,3809346.3925706306
NIZAMABAD,DONKESHWAR,Tondakur,3447971.8284134814,3811138.14530937
NIZAMABAD,NANDIPET,Kushtapur,3454645.8806315344,3819830.0674459585
NIZAMABAD,MOSRA,Moulalipur,3412129.809025246,3795832.4174319752
NIZAMABAD,MOSRA,Bajidapur,3409192.0316687785,3794708.137662212
NIZAMABAD,NAVIPET,Fathenagar,3435554.260099021,3791445.075143725
NIZAMABAD,DONKESHWAR,Komatpalle,3449380.9375496362,3808677.3488822742
NIZAMABAD,NANDIPET,Shahpur,3446041.3360280306,3810890.0056141517
NIZAMABAD,NIZAMABAD RURAL,Thirmanpally,3431590.9258409706,3800812.7038030094
NIZAMABAD,NIZAMABAD RURAL,Keshapur,3422294.9250559383,3807911.219453364
NIZAMABAD,NIZAMABAD NORTH,Nizamabad (M.Corp.),3423941.2568613016,3803859.051799143
NIZAMABAD,MUGPAL,Nizamabad (M.Corp.),3419703.718672412,3802217.9023937047
NIZAMABAD,DICHPALLY,Arepalle,3416489.163694454,3807609.92112781
NIZAMABAD,KAMMARPALLY,Nagapur,3441192.4098845427,3847433.895935049
NIZAMABAD,KAMMARPALLY,Dammannapet,3441356.8566272454,3845617.5480109463
NIZAMABAD,MORTHAD,Dharmora,3441861.9192097685,3835830.3365810034
PEDDAPALLI,DHARMARAM,Kammarikhanpeta,3417565.9175433507,3916211.6889766157
PEDDAPALLI,SULTANABAD,Kodurupaka,3410562.1036466216,3930101.0580199915
PEDDAPALLI,PEDDAPALLI,Nimmanapalle,3412572.527439298,3931984.8716434543
PEDDAPALLI,ELIGAID,Muppirithota,3411617.3842858737,3926667.788808867
PEDDAPALLI,MANTHANI,Pandulapalle,3420315.469139135,3959921.908576424
PEDDAPALLI,ODELA,Gudem,3394475.8204879747,3948315.5625673835
PEDDAPALLI,ODELA,Madaka,3394230.462866943,3940458.56799815
PEDDAPALLI,SRIRAMPUR,Mirzampet,3394734.1276736627,3954028.522671134
PEDDAPALLI,ELIGAID,Narsapur,3406636.865554577,3925249.7201784137
PEDDAPALLI,SRIRAMPUR,Edulapuram,3405669.798603715,3953906.8480530144
PEDDAPALLI,SULTANABAD,Miyapur,3405893.0284370924,3935637.255890658
PEDDAPALLI,SRIRAMPUR,Madipalle,3405710.6654175995,3942771.9176081102
PEDDAPALLI,SULTANABAD,Sulthanabad (Part),3405167.9060374307,3930145.898053226
PEDDAPALLI,ODELA,Pothkapalli,3393472.290838067,3944497.255006293
PEDDAPALLI,ODELA,Sanagonda,3391644.8805666086,3945837.202018639
PEDDAPALLI,ODELA,Gumpula,3392502.139574183,3950850.641552123
PEDDAPALLI,ODELA,Indurthi,3392206.918362515,3947605.7542297877
PEDDAPALLI,PEDDAPALLI,Kothapalle,3407192.046688949,3937910.911211915
PEDDAPALLI,MUTHARAM (MNT),Ippalapalli,3410490.4570659013,3965500.186836574
PEDDAPALLI,ODELA,Namsanipalle,3400315.313072382,3944091.4455708214
PEDDAPALLI,MUTHARAM (MNT),Odedu,3400541.074879031,3963384.379201531
PEDDAPALLI,SULTANABAD,Kanukula,3399747.6874891776,3934219.7407871475
PEDDAPALLI,SULTANABAD,Dubbapet,3401123.9503729655,3919415.047077864
PEDDAPALLI,MANTHANI,Gopalpur,3410877.804100614,3972394.4167816485
PEDDAPALLI,PEDDAPALLI,Cheekurai,3410806.988299434,3936978.992366837
PEDDAPALLI,MANTHANI,Chinnaodela,3410830.64911031,3975860.528329449
PEDDAPALLI,KAMANPUR,Kamanpur,3420015.645671722,3947489.020917379
PEDDAPALLI,ELIGAID,Lokapeta,3413184.2619692883,3928558.055148349
PEDDAPALLI,ELIGAID,Doolikatta,3412185.6090386757,3923849.706916801
PEDDAPALLI,JULAPALLI,Telukunta,3411751.1449915706,3919937.7091528038
PEDDAPALLI,SRIRAMPUR,Srirampur,3400757.276624377,3951121.835052931
PEDDAPALLI,SRIRAMPUR,Rathupalle,3402176.250209872,3954667.6616368014
PEDDAPALLI,MUTHARAM (MNT),Adavisrirampur,3402753.7377753495,3964288.5073308917
PEDDAPALLI,SRIRAMPUR,Kunaram,3405230.1000339217,3949517.1693466897
PEDDAPALLI,SULTANABAD,Sulthanabad (M),3405598.4851159924,3927240.4347885526
PEDDAPALLI,MUTHARAM (MNT),Potharam,3406067.8824072126,3959154.756859543
PEDDAPALLI,RAMAGIRI H.Qrts at Centenary Colony,Mustiala,3428419.6906805616,3955519.4245882994
PEDDAPALLI,DHARMARAM,Sayampeta,3428996.91112228,3922372.3599479673
PEDDAPALLI,MANTHANI,Khansaipeta,3420206.03424097,3972321.9928988363
PEDDAPALLI,PEDDAPALLI,Brahmanpalle (PS),3420792.453134285,3936875.657948982
PEDDAPALLI,MANTHANI,Vilochavaram,3421844.2957073124,3963628.5889963247
PEDDAPALLI,PEDDAPALLI,Palthem,3421663.523402113,3930015.369792776
PEDDAPALLI,MANTHANI,Arenda,3421396.942326539,3978269.7416097643
PEDDAPALLI,ANTHERGAON,Maddiriyala,3434085.666384674,3929968.446248672
PEDDAPALLI,SULTANABAD,Thogarrai,3398638.3557643257,3931968.1779699163
PEDDAPALLI,MUTHARAM (MNT),Mutharam,3402771.198994909,3960701.4946867777
PEDDAPALLI,SRIRAMPUR,Gangaram,3402552.4765205057,3947866.7320689573
PEDDAPALLI,SULTANABAD,Regadimaddikunta,3402669.015109493,3935462.9591277395
PEDDAPALLI,SULTANABAD,Chinnakalvala,3408809.807120387,3932405.349539991
PEDDAPALLI,ELIGAID,Elgaid,3408516.8635038626,3922667.385483793
PEDDAPALLI,PEDDAPALLI,Turkalamaddikunta,3417258.280238721,3930283.559672973
PEDDAPALLI,SRIRAMPUR,Mallial,3395702.8928374886,3950047.089614931
PEDDAPALLI,MANTHANI,Venkatapur,3419021.7073313715,3980573.512467919
PEDDAPALLI,ODELA,Odela,3397336.668064169,3942069.5241848934
PEDDAPALLI,MUTHARAM (MNT),Lakkaram,3408779.719227604,3956314.4859651346
PEDDAPALLI,PALAKURTHY,Elkalapalli,3424432.2187168943,3946376.237597139
PEDDAPALLI,MUTHARAM (MNT),Mydambanda,3408208.3346233447,3959078.1260860167
PEDDAPALLI,SRIRAMPUR,Vennampalle,3410255.832982329,3947481.378782145
PEDDAPALLI,PEDDAPALLI,Sabitham,3417458.2570096813,3944637.652963955
PEDDAPALLI,ANTHERGAON,Kundanpalli,3428912.011142799,3940565.4048111816
PEDDAPALLI,PALAKURTHY,Vemnoor,3434661.545949563,3928457.848705795
PEDDAPALLI,MUTHARAM (MNT),Dharyapur,3406944.772170077,3961678.6500865305
PEDDAPALLI,MUTHARAM (MNT),Sukravarampeta,3409275.0944477697,3954821.324314723
PEDDAPALLI,KAMANPUR,Perapalli,3418904.9619670864,3944645.3668130566
PEDDAPALLI,ODELA,Komera,3397323.9831483862,3945090.0201214054
PEDDAPALLI,SRIRAMPUR,Tharupalle,3397290.147745402,3952848.581568991
PEDDAPALLI,ANTHERGAON,Eklaspur,3432006.140636437,3933134.9791362477
PEDDAPALLI,SULTANABAD,Mancharami,3397002.4738917616,3933629.886907747
PEDDAPALLI,SRIRAMPUR,Kistampet,3396847.2688497254,3956111.6151596736
PEDDAPALLI,SULTANABAD,Gollapalle,3397708.8228696855,3920843.302893781
PEDDAPALLI,SRIRAMPUR,Pandilla,3398295.886510718,3947855.4982626806
PEDDAPALLI,ODELA,Kangarthi,3397036.9012749735,3937156.4344716966
PEDDAPALLI,SRIRAMPUR,Motlapalle,3399163.791676967,3955905.6642004186
PEDDAPALLI,SRIRAMPUR,Peddampet,3400284.446158978,3946811.542392191
PEDDAPALLI,SULTANABAD,Neerukulla,3401273.0726153394,3925837.967845345
PEDDAPALLI,SULTANABAD,Gattepalle,3401349.7286349894,3928525.143066895
PEDDAPALLI,SULTANABAD,Kadambapur,3400940.820611116,3931075.089296048
PEDDAPALLI,SULTANABAD,Garrepalle,3400465.685868031,3922230.350235942
PEDDAPALLI,SULTANABAD,Bhoopathipuram,3402460.377534162,3920284.1254178486
PEDDAPALLI,ELIGAID,Sivapalle,3404592.6755134086,3923286.328996507
PEDDAPALLI,SRIRAMPUR,Mangapet,3405903.441629123,3945592.1091862773
PEDDAPALLI,SULTANABAD,Chinnabonkur,3405498.2224675817,3933682.7829012307
PEDDAPALLI,MUTHARAM (MNT),Sarvaram,3406805.8855042513,3957342.4670445784
PEDDAPALLI,ELIGAID,Sultanpur,3406186.300464886,3920303.6003757087
PEDDAPALLI,PEDDAPALLI,Mulasala,3406899.728404157,3940636.3617734597
PEDDAPALLI,ELIGAID,Ryakaldevpalle,3408482.274775347,3927161.436609027
PEDDAPALLI,PEDDAPALLI,Bhojannapet,3409398.771078448,3939135.326001148
PEDDAPALLI,MUTHARAM (MNT),Khammampalli,3406783.836554633,3966490.35071947
PEDDAPALLI,PEDDAPALLI,Peddabonkur (Part),3409014.2146411887,3935005.1480181976
PEDDAPALLI,MUTHARAM (MNT),Matchupeta,3410003.2690351163,3957091.553365005
PEDDAPALLI,SRIRAMPUR,Jafarkhanpet,3408265.2227117233,3950333.5795220807
PEDDAPALLI,MANTHANI,Peddaodela,3410153.7157655023,3970611.788242444
PEDDAPALLI,PEDDAPALLI,Peddakalvala (Part),3411402.074641713,3933555.48043172
PEDDAPALLI,MANTHANI,Gaddalapalle,3411769.953542392,3967203.904412226
PEDDAPALLI,MANTHANI,Maidipalle,3411588.460294187,3963083.875753291
PEDDAPALLI,JULAPALLI,Julapalli,3415990.137871511,3921805.3846232523
PEDDAPALLI,RAMAGIRI H.Qrts at Centenary Colony,Kalvacherla,3416429.3947524386,3950709.2224945477
PEDDAPALLI,RAMAGIRI H.Qrts at Centenary Colony,Ladnapur,3417384.7909905226,3956220.6782763787
PEDDAPALLI,PEDDAPALLI,Maredugonda,3410841.136355575,3944371.84508373
PEDDAPALLI,PEDDAPALLI,Rampalle,3411714.9158223523,3940321.718526439
PEDDAPALLI,PEDDAPALLI,Nittur,3414379.5216398677,3930353.2571986425
PEDDAPALLI,MANTHANI,Gumnoor,3413365.4816573225,3962924.576747023
PEDDAPALLI,RAMAGIRI H.Qrts at Centenary Colony,Begumpet,3411368.6011983734,3954312.404854339
PEDDAPALLI,RAMAGIRI H.Qrts at Centenary Colony,Adivarampet,3414815.9281667876,3957204.1660366785
PEDDAPALLI,PEDDAPALLI,Gowreddipeta,3414596.2831753693,3939835.4238228123
PEDDAPALLI,RAMAGIRI H.Qrts at Centenary Colony,Lonkakesaram,3415145.4005854893,3949773.2746925387
PEDDAPALLI,MANTHANI,Lakkapur,3414475.322626958,3961844.970908822
PEDDAPALLI,MANTHANI,Bitpalle (K),3413393.749716906,3968426.756560697
PEDDAPALLI,RAMAGIRI H.Qrts at Centenary Colony,Ratnapur,3416208.2096708207,3953499.468040186
PEDDAPALLI,JULAPALLI,Peddapur,3414845.054025059,3918135.803214191
PEDDAPALLI,PEDDAPALLI,Peddapalli (M),3414773.587106693,3934575.944912966
PEDDAPALLI,MANTHANI,Adavisomanpalle,3413816.133704659,3977482.5614531324
PEDDAPALLI,RAMAGIRI H.Qrts at Centenary Colony,Budhavarampet,3416269.1687683724,3958270.4477504226
PEDDAPALLI,RAMAGIRI H.Qrts at Centenary Colony,Pannur (CT),3417265.4214608604,3952729.3147700722
PEDDAPALLI,KAMANPUR,Rajapur,3415928.399832316,3947887.2104403614
PEDDAPALLI,KAMANPUR,Gundaram,3416315.7948499075,3946291.1934653665
PEDDAPALLI,MANTHANI,Akkepalle,3418185.2074920842,3958285.034438741
PEDDAPALLI,MANTHANI,Eklaspur,3415558.665095431,3970276.631240325
PEDDAPALLI,MANTHANI,Puttapaka,3416145.619361908,3961035.6921292604
PEDDAPALLI,MANTHANI,Sarnepalle,3417982.0784817254,3979309.800904568
PEDDAPALLI,KAMANPUR,Mulkalapalli,3418643.397605544,3952098.784303007
PEDDAPALLI,JULAPALLI,Abbapur,3417786.1668838696,3919409.1106989896
PEDDAPALLI,ANTHERGAON,Raidandi,3434978.636249619,3940613.9545980934
PEDDAPALLI,PALAKURTHY,Putnoor,3429752.6800339785,3931344.6504832427
PEDDAPALLI,MANTHANI,Manthani (M),3417415.556411176,3965144.612400725
PEDDAPALLI,JULAPALLI,Kummarikunta,3419604.8081027153,3923725.436762113
PEDDAPALLI,KAMANPUR,Nagaram,3422155.4077434866,3943927.6456323373
PEDDAPALLI,RAMAGIRI H.Qrts at Centenary Colony,Sundilla,3429992.033120439,3953274.4515782446
PEDDAPALLI,SULTANABAD,Katnepalle,3403492.693271665,3925839.94395433
PEDDAPALLI,SULTANABAD,Ithrajpalle,3404133.4089843007,3919832.7849771874
PEDDAPALLI,ODELA,Kolanoor,3402416.2462842264,3939539.9169820636
PEDDAPALLI,SULTANABAD,Suddala,3403742.0677760467,3932654.4336041873
PEDDAPALLI,MUTHARAM (MNT),Kesanapalli,3405026.9901590226,3961330.6377218594
PEDDAPALLI,SRIRAMPUR,Pegadapalle,3403314.5095496224,3944625.460836486
PEDDAPALLI,MUTHARAM (MNT),Parupalli,3404069.2855606056,3957966.8273536665
PEDDAPALLI,JULAPALLI,Vadkapur,3415826.5134955808,3925612.870311643
PEDDAPALLI,JULAPALLI,Kachapur,3418091.302341409,3927727.4357913197
PEDDAPALLI,MANTHANI,Kannala,3418913.7043374996,3959919.678280613
PEDDAPALLI,MANTHANI,Rachepalle,3419694.884619919,3957721.8027272825
PEDDAPALLI,PEDDAPALLI,Rangapur,3418100.1277939766,3942324.584218059
PEDDAPALLI,PEDDAPALLI,Appannapet,3418861.2919540224,3933907.8261802713
PEDDAPALLI,RAMAGIRI H.Qrts at Centenary Colony,Velgalpahad,3410415.271127845,3960665.5960045634
PEDDAPALLI,RAMAGIRI H.Qrts at Centenary Colony,Medipalli (W),3414309.532034513,3952808.837182977
PEDDAPALLI,PEDDAPALLI,Gattusingaram,3415243.5515254894,3944281.377197523
PEDDAPALLI,ANTHERGAON,Mogalpahad,3430956.806237827,3937307.5391376326
PEDDAPALLI,MANTHANI,Angulur (D),3419777.968815604,3963179.6988049704
PEDDAPALLI,PEDDAPALLI,Raghavapur,3418334.2334251753,3939283.906902155
PEDDAPALLI,MANTHANI,Bhatpalle,3416083.378741585,3974605.8349381257
PEDDAPALLI,MANTHANI,Mallaram,3420544.4301499715,3981037.7304486353
PEDDAPALLI,KAMANPUR,Rompikunta,3420514.2349248803,3944283.2653301917
PEDDAPALLI,RAMAGIRI H.Qrts at Centenary Colony,Nagepalli,3419013.546326027,3954191.0321969218
PEDDAPALLI,KAMANPUR,Jalipalli,3420396.267926665,3952130.239832575
PEDDAPALLI,DHARMARAM,Kothur,3420099.9152815226,3920504.3308321615
PEDDAPALLI,KAMANPUR,Julapalli,3419965.383289218,3949702.9071078473
PEDDAPALLI,MANTHANI,Khanapur,3419531.471786231,3969709.492910327
PEDDAPALLI,DHARMARAM,Katkanpalli,3421236.910963415,3916814.364711487
PEDDAPALLI,DHARMARAM,Dongathurthy,3421796.1409773147,3926715.4976378083
PEDDAPALLI,PEDDAPALLI,Ragineedu,3422609.413560246,3935900.3774105078
PEDDAPALLI,PEDDAPALLI,Kanagarthi,3422299.51119236,3932975.2451700047
PEDDAPALLI,RAMAGIRI H.Qrts at Centenary Colony,Upperlakesaram,3423028.100017267,3954908.634367951
PEDDAPALLI,DHARMARAM,Narsingapur,3422264.3214254933,3909534.3697791263
PEDDAPALLI,PALAKURTHY,Ranapur,3423280.3907912895,3942745.31393623
PEDDAPALLI,DHARMARAM,Chamanpalli,3423495.739727832,3920542.0467136847
PEDDAPALLI,PALAKURTHY,Palakurthy (CT),3425883.1729163267,3936577.531444294
PEDDAPALLI,DHARMARAM,Khilavanaparthy,3423215.3740354115,3923411.0314649846
PEDDAPALLI,MANTHANI,Nagaram,3423027.134051079,3961563.742268198
PEDDAPALLI,MANTHANI,Gunjapadugu,3423188.10170923,3958155.6188564613
PEDDAPALLI,DHARMARAM,Bommareddipalli,3426579.5195880807,3915167.453488162
PEDDAPALLI,KAMANPUR,Penchikalpet,3423435.1930628526,3948647.418774165
PEDDAPALLI,DHARMARAM,Rachapalli,3424746.8738444215,3928885.5986112123
PEDDAPALLI,DHARMARAM,Pathipaka,3423595.019368361,3911632.9731691047
PEDDAPALLI,MANTHANI,Uppatla,3425265.050539301,3961241.369289139
PEDDAPALLI,PALAKURTHY,Kannala,3424047.707682997,3939971.1996618123
PEDDAPALLI,MANTHANI,Siripuram,3425771.960733433,3957794.0900142607
PEDDAPALLI,PALAKURTHY,Jayyaram,3425710.1293010074,3931117.6146197333
PEDDAPALLI,DHARMARAM,Khanampalli,3426742.9689283045,3926325.363256247
PEDDAPALLI,DHARMARAM,Paidichinthalapalli,3427665.7994272737,3928401.611621337
PEDDAPALLI,DHARMARAM,Botlavanaparthy,3426149.1806810247,3924490.8792506373
PEDDAPALLI,RAMAGIRI H.Qrts at Centenary Colony,Jallaram,3425745.4107075203,3954011.1140704523
PEDDAPALLI,DHARMARAM,Myadaram,3426232.443511613,3919529.8158045323
PEDDAPALLI,RAMGUNDAM,Ramagundam (M.Corp.),3429785.668406292,3946541.094477851
PEDDAPALLI,PALAKURTHY,Eesala Thakkallapalli,3427661.0708563603,3935114.5708602197
PEDDAPALLI,PALAKURTHY,Kukkalagudur,3430753.2622951427,3927998.510253503
PEDDAPALLI,ANTHERGAON,Akenapalli,3432811.379744979,3934910.3137953486
PEDDAPALLI,ANTHERGAON,Somanapalli,3434829.2177274087,3933853.3154987013
PEDDAPALLI,ANTHERGAON,Brahmanpalli,3434145.18327805,3936940.8664838034
PEDDAPALLI,ANTHERGAON,Potyala,3434112.893949461,3931893.7386008017
PEDDAPALLI,ANTHERGAON,Lingapur,3435097.347435824,3944541.2818527026
PEDDAPALLI,ANTHERGAON,Anthergaon,3438158.7053732756,3941371.740937815
PEDDAPALLI,ANTHERGAON,Murmur,3437447.01977093,3934808.2582646743
PEDDAPALLI,ANTHERGAON,Goilwada,3438556.408579383,3938917.41178036
PEDDAPALLI,ANTHERGAON,Yellampalli,3438436.924774194,3936598.3682940346
PEDDAPALLI,MANTHANI,Adrial,3420060.6047723084,3955987.1052955794
PEDDAPALLI,MANTHANI,Kasipeta,3426779.9133821186,3960169.660236483
PEDDAPALLI,DHARMARAM,Mallapur,3420170.990565503,3913160.2506442745
PEDDAPALLI,PALAKURTHY,Gudipalli,3427698.4400801603,3930592.8744094823
PEDDAPALLI,ELIGAID,Burhanmiyapet,3405925.647567735,3922696.9942029985
RAJANNA SIRCILLA,YELLAREDDIPET,Boppapur,3389582.912114472,3856085.181025184
RAJANNA SIRCILLA,ILLANTHAKUNTA,Kandikatkoor,3388665.4734141226,3892373.953315317
RAJANNA SIRCILLA,SIRCILLA,Sircilla (M),3390932.487502569,3873916.4511493184
RAJANNA SIRCILLA,TANGALLAPALLI,Chintalthana,3391604.8258734797,3883227.3099741014
RAJANNA SIRCILLA,MUSTABAD,Moinkunta,3375128.1808652887,3866416.0518734274
RAJANNA SIRCILLA,GAMBHIRAOPET,Gorantial,3388549.438840247,3849143.0440519173
RAJANNA SIRCILLA,MUSTABAD,Cheekod,3376359.1647182386,3861732.7226172364
RAJANNA SIRCILLA,GAMBHIRAOPET,Kothapalle,3377653.3568152497,3853065.746081307
RAJANNA SIRCILLA,MUSTABAD,Mustabad,3378487.5440834784,3866921.4119350067
RAJANNA SIRCILLA,ILLANTHAKUNTA,Peddalingapur,3378661.649652099,3882881.019683128
RAJANNA SIRCILLA,VEMULAWADA (RURAL),Rudraram,3393544.1372948564,3886345.45762911
RAJANNA SIRCILLA,BOINPALLI,Shabashpalle,3395269.42206247,3887503.9488032665
RAJANNA SIRCILLA,YELLAREDDIPET,Gollapalli,3392384.493184484,3857793.101271813
RAJANNA SIRCILLA,VEERNAPALLI,Garjanapalli,3406131.5194923477,3855381.1206184695
RAJANNA SIRCILLA,YELLAREDDIPET,Thimmapur,3393908.798759945,3855267.320809562
RAJANNA SIRCILLA,VEMULAWADA,Chandragiri,3395214.060949674,3877440.64196278
RAJANNA SIRCILLA,VEMULAWADA (RURAL),Anupuram,3394304.6888666656,3883762.798297811
RAJANNA SIRCILLA,YELLAREDDIPET,Dumala,3391602.1436281973,3862452.8311326574
RAJANNA SIRCILLA,CHANDURTHI,Lingampet,3411469.801216232,3867931.061792024
RAJANNA SIRCILLA,MUSTABAD,Maddikunta,3375472.416109648,3864391.444133536
RAJANNA SIRCILLA,MUSTABAD,Morrapur,3376623.555762411,3870394.3078788836
RAJANNA SIRCILLA,ILLANTHAKUNTA,Ananthagiri,3376480.308877122,3885905.2311821496
RAJANNA SIRCILLA,ILLANTHAKUNTA,Anantharam,3381412.2495680223,3886406.3469774467
RAJANNA SIRCILLA,TANGALLAPALLI,Baswapur,3382128.6696060724,3879535.7083945647
RAJANNA SIRCILLA,KONARAOPET,Kanagarthi,3399861.301920318,3870789.421869419
RAJANNA SIRCILLA,GAMBHIRAOPET,Kollamaddi,3377311.036279699,3850201.0388562977
RAJANNA SIRCILLA,TANGALLAPALLI,Cheerlavancha,3389765.9875417952,3887641.828902256
RAJANNA SIRCILLA,TANGALLAPALLI,Thadur,3388160.8653256404,3880651.795299131
RAJANNA SIRCILLA,MUSTABAD,Bandankal,3373800.1842089957,3868809.021100373
RAJANNA SIRCILLA,KONARAOPET,Kondapuram (PR),3403425.2096000924,3864543.747502164
RAJANNA SIRCILLA,ILLANTHAKUNTA,Muskanipet,3381379.871909255,3894407.342752571
RAJANNA SIRCILLA,GAMBHIRAOPET,Mallareddipet,3382425.440928389,3856321.684215648
RAJANNA SIRCILLA,KONARAOPET,Vattimalla,3405905.705302741,3861248.6671140497
RAJANNA SIRCILLA,VEERNAPALLI,Kancherla,3401020.5188540826,3856858.798381591
RAJANNA SIRCILLA,GAMBHIRAOPET,Narmala,3379579.818670139,3849555.221616272
RAJANNA SIRCILLA,TANGALLAPALLI,Jillella,3378412.241951018,3874402.1753831306
RAJANNA SIRCILLA,KONARAOPET,Dharmaram,3395448.627828337,3868262.3734210385
RAJANNA SIRCILLA,ILLANTHAKUNTA,Sirikonda,3376230.601335916,3883120.3020091113
RAJANNA SIRCILLA,YELLAREDDIPET,Narayanapur,3388398.1862180023,3861156.297730919
RAJANNA SIRCILLA,MUSTABAD,Chippalapalle,3378041.2452468215,3858964.9713787413
RAJANNA SIRCILLA,TANGALLAPALLI,Ramchandrapur,3377864.3193109636,3877469.614116623
RAJANNA SIRCILLA,ILLANTHAKUNTA,Repaka,3377536.868912343,3891976.140207292
RAJANNA SIRCILLA,MUSTABAD,Moraipalle,3378419.48851875,3863690.04103106
RAJANNA SIRCILLA,VEMULAWADA,Marupaka,3398006.265325467,3878084.1044843267
RAJANNA SIRCILLA,VEMULAWADA (RURAL),Jayavaram,3399839.2903562523,3879311.486756857
RAJANNA SIRCILLA,KONARAOPET,Suddala,3399289.8488907753,3875193.1246917364
RAJANNA SIRCILLA,KONARAOPET,PalleMakta,3399612.7223147354,3873241.1216782825
RAJANNA SIRCILLA,CHANDURTHI,Jogapur,3408087.684163607,3869978.4701883057
RAJANNA SIRCILLA,RUDRANGI,Rudrangi,3414493.5425306195,3863795.5338708325
RAJANNA SIRCILLA,TANGALLAPALLI,Gandilachapet,3383997.788693461,3869189.1191408825
RAJANNA SIRCILLA,GAMBHIRAOPET,Srigadha,3374646.2035232377,3851198.293624578
RAJANNA SIRCILLA,GAMBHIRAOPET,Samudralingapuram,3388633.4359995974,3853195.0062653027
RAJANNA SIRCILLA,YELLAREDDIPET,Padira,3389193.9801746067,3865268.57551878
RAJANNA SIRCILLA,ILLANTHAKUNTA,Pottur,3389466.081507751,3895387.593636503
RAJANNA SIRCILLA,GAMBHIRAOPET,Gajasingaram,3392074.4268620317,3850797.9816916273
RAJANNA SIRCILLA,VEMULAWADA (RURAL),Kodumunja,3393839.962709105,3881638.0201327777
RAJANNA SIRCILLA,YELLAREDDIPET,Rajannapet,3392904.0141651947,3859395.754742325
RAJANNA SIRCILLA,KONARAOPET,Marthanpet,3394531.7307356717,3870622.1244178815
RAJANNA SIRCILLA,KONARAOPET,Kolanur,3394055.227565626,3873374.945538838
RAJANNA SIRCILLA,YELLAREDDIPET,Pothareddypalli,3392996.842273725,3866623.3198931287
RAJANNA SIRCILLA,VEMULAWADA,Thettakunta,3393984.5664882273,3879026.68511976
RAJANNA SIRCILLA,BOINPALLI,Kodurupaka,3393806.19540522,3889529.5427744635
RAJANNA SIRCILLA,KONARAOPET,Malkapet,3397886.326022809,3868307.750949846
RAJANNA SIRCILLA,YELLAREDDIPET,Akkapalli,3395804.2152965856,3863905.574264761
RAJANNA SIRCILLA,BOINPALLI,Vardavelli,3397302.898390315,3888498.1502378993
RAJANNA SIRCILLA,KONARAOPET,Sivangalapalle,3398308.998263161,3861694.3978786306
RAJANNA SIRCILLA,ILLANTHAKUNTA,Dacharam,3376537.369283393,3880092.786494977
RAJANNA SIRCILLA,GAMBHIRAOPET,Mucherla,3377049.673241826,3856147.617224916
RAJANNA SIRCILLA,ILLANTHAKUNTA,Thippapuram (PA),3379017.8991991915,3887427.996595698
RAJANNA SIRCILLA,TANGALLAPALLI,Narsimhulapalli,3379993.2492326223,3879934.471189655
RAJANNA SIRCILLA,MUSTABAD,Terlumaddi,3379587.018663731,3870273.033534275
RAJANNA SIRCILLA,TANGALLAPALLI,Nerella,3380599.2432289524,3877727.335001637
RAJANNA SIRCILLA,GAMBHIRAOPET,Lingannapet,3380248.9454106633,3855107.221303862
RAJANNA SIRCILLA,MUSTABAD,Gudur,3381074.262066003,3864377.516654319
RAJANNA SIRCILLA,ILLANTHAKUNTA,Ramajipet,3381222.4675913686,3882368.527628
RAJANNA SIRCILLA,MUSTABAD,Namapur,3381276.914452618,3860854.758168177
RAJANNA SIRCILLA,TANGALLAPALLI,Sarampalli,3382207.066588378,3874738.5033337944
RAJANNA SIRCILLA,ILLANTHAKUNTA,Thallapalli,3382843.6469903872,3894130.230883059
RAJANNA SIRCILLA,MUSTABAD,Pothugal,3381816.749785305,3867165.1360121835
RAJANNA SIRCILLA,GAMBHIRAOPET,Mustafanagar,3382816.7235290436,3849335.365789458
RAJANNA SIRCILLA,ILLANTHAKUNTA,Rahimkhanpet,3383506.694986412,3889019.7962299385
RAJANNA SIRCILLA,ILLANTHAKUNTA,Veljipuram,3383734.788272049,3885160.6826611455
RAJANNA SIRCILLA,TANGALLAPALLI,Baddenapalli,3384180.834389869,3878910.339031658
RAJANNA SIRCILLA,MUSTABAD,Gudem,3384229.122680077,3864205.3241332322
RAJANNA SIRCILLA,TANGALLAPALLI,Venugopalpur,3384325.686216768,3871048.1835460053
RAJANNA SIRCILLA,YELLAREDDIPET,Bandalingampalli,3384513.0228493684,3860189.483681056
RAJANNA SIRCILLA,GAMBHIRAOPET,Ramanujapuram,3385007.932884517,3855409.0197595935
RAJANNA SIRCILLA,ILLANTHAKUNTA,Galipalli,3384947.7884110347,3895737.122253792
RAJANNA SIRCILLA,MUSTABAD,Kondapur,3385816.79181224,3862558.1617119806
RAJANNA SIRCILLA,GAMBHIRAOPET,Laxmipuram,3385375.1993852416,3853715.004866286
RAJANNA SIRCILLA,MUSTABAD,Avunoor,3385677.4757461688,3865981.31471683
RAJANNA SIRCILLA,YELLAREDDIPET,Singaram,3385601.153434239,3858267.354504842
RAJANNA SIRCILLA,TANGALLAPALLI,Obulapur (PK),3384296.7482116455,3872604.6246778257
RAJANNA SIRCILLA,ILLANTHAKUNTA,Obulapuram (PA),3386284.982652764,3885156.9081376065
RAJANNA SIRCILLA,ILLANTHAKUNTA,Vanthadupula,3385228.741578262,3892173.7037284267
RAJANNA SIRCILLA,ILLANTHAKUNTA,Vallampatla,3386439.077298372,3888930.5367995547
RAJANNA SIRCILLA,TANGALLAPALLI,Mandepalli,3386693.1431696657,3874919.4841883713
RAJANNA SIRCILLA,ILLANTHAKUNTA,Jawaharpet,3387637.5119413934,3896983.643551434
RAJANNA SIRCILLA,TANGALLAPALLI,Thangallapalli (CT),3387578.082179948,3876930.098477914
RAJANNA SIRCILLA,YELLAREDDIPET,Yellareddypet,3388411.2706297655,3858959.5526906895
RAJANNA SIRCILLA,YELLAREDDIPET,Venkatapur,3389651.7166958507,3868546.596911913
RAJANNA SIRCILLA,BOINPALLI,Mallapur,3392135.6156353895,3894274.490261818
RAJANNA SIRCILLA,BOINPALLI,Manwada,3392065.762024895,3891869.0271790726
RAJANNA SIRCILLA,BOINPALLI,Kothapeta,3393985.5400456944,3892646.7303359224
RAJANNA SIRCILLA,YELLAREDDIPET,Gundaram,3394792.721789664,3852048.7988654952
RAJANNA SIRCILLA,VEMULAWADA,Sankepalli (Part),3396542.2249724017,3885901.186547827
RAJANNA SIRCILLA,BOINPALLI,Narsingapur,3396347.0135518224,3892780.234613167
RAJANNA SIRCILLA,KONARAOPET,Ramannapet,3396480.235663211,3875004.3608032702
RAJANNA SIRCILLA,KONARAOPET,Nagaram,3396800.0385036673,3871720.1845767633
RAJANNA SIRCILLA,YELLAREDDIPET,Almaspur,3396422.200951696,3859091.0377988024
RAJANNA SIRCILLA,VEERNAPALLI,Veernapalli,3398679.150380751,3854590.193806946
RAJANNA SIRCILLA,KONARAOPET,Nizamabad,3400173.3289397303,3867206.032860277
RAJANNA SIRCILLA,VEMULAWADA (RURAL),Lingampalli,3401333.5190493274,3875853.1663505696
RAJANNA SIRCILLA,VEERNAPALLI,Maddimalla,3399282.799531916,3849931.2100668256
RAJANNA SIRCILLA,KONARAOPET,Konaraopet,3400837.826558398,3862345.450991027
RAJANNA SIRCILLA,KONARAOPET,Venkatraopeta,3402438.295728293,3866203.4237949452
RAJANNA SIRCILLA,VEMULAWADA (RURAL),Bollaram,3402299.28896097,3873861.1588141723
RAJANNA SIRCILLA,VEMULAWADA (RURAL),Mallaram,3402382.0728558186,3877601.479622875
RAJANNA SIRCILLA,VEMULAWADA,Vemulawada (M),3401781.1935798978,3882860.3395294175
RAJANNA SIRCILLA,KONARAOPET,Mamidipalle,3402990.8611107613,3870663.0330972266
RAJANNA SIRCILLA,BOINPALLI,Boinpalle,3401897.8128407868,3888678.575754121
RAJANNA SIRCILLA,BOINPALLI,Sthambhampalle,3401693.811073472,3886218.650757143
RAJANNA SIRCILLA,VEERNAPALLI,Adavipadira,3402746.873502252,3852308.025451211
RAJANNA SIRCILLA,KONARAOPET,Nimmapalle,3403460.0576483607,3860956.874129059
RAJANNA SIRCILLA,VEMULAWADA (RURAL),Edurugatla,3404686.733716094,3881796.708782027
RAJANNA SIRCILLA,BOINPALLI,Burgupalle,3404548.7106833085,3888545.1339023462
RAJANNA SIRCILLA,KONARAOPET,Bavusaipeta,3404899.6439269474,3866275.306879661
RAJANNA SIRCILLA,CHANDURTHI,Engal,3405247.9522577827,3872550.0566338194
RAJANNA SIRCILLA,VEMULAWADA (RURAL),Hanmajipet,3404367.446416891,3874909.7635717015
RAJANNA SIRCILLA,VEMULAWADA (RURAL),Marripalli,3404940.112869899,3879070.0127498475
RAJANNA SIRCILLA,CHANDURTHI,Mudapalli,3405955.6135363583,3875807.289251158
RAJANNA SIRCILLA,BOINPALLI,Korem,3406353.5155415135,3887521.73087015
RAJANNA SIRCILLA,BOINPALLI,Thadagonda,3406548.2216073084,3890444.294169902
RAJANNA SIRCILLA,CHANDURTHI,Bandapalli,3406138.5934521467,3868240.052609754
RAJANNA SIRCILLA,VEMULAWADA (RURAL),Chekkapalli,3406978.572122955,3881790.075335415
RAJANNA SIRCILLA,BOINPALLI,Dundrapalle,3406979.606852383,3886093.289551564
RAJANNA SIRCILLA,VEERNAPALLI,Vanpalli,3406063.03329799,3851821.4913469744
RAJANNA SIRCILLA,CHANDURTHI,Ananthapalli (PK),3408414.4836357166,3875720.7596044736
RAJANNA SIRCILLA,CHANDURTHI,Marrigadda,3408247.20785143,3873192.0844842927
RAJANNA SIRCILLA,VEMULAWADA (RURAL),Venkatapuram,3408235.519778606,3877900.2340078005
RAJANNA SIRCILLA,BOINPALLI,Ananthapalle,3408655.3953268803,3887957.277086237
RAJANNA SIRCILLA,KONARAOPET,Marrimadla,3407013.2807760285,3858459.9001893136
RAJANNA SIRCILLA,BOINPALLI,Malkapur,3409848.1484441194,3890142.438419589
RAJANNA SIRCILLA,VEMULAWADA (RURAL),Vattemla,3409160.4444515198,3883992.975485185
RAJANNA SIRCILLA,VEMULAWADA (RURAL),Nookalamarri,3410232.010113477,3880817.5662624864
RAJANNA SIRCILLA,CHANDURTHI,Sanugula,3410033.4402741347,3862337.947369991
RAJANNA SIRCILLA,VEMULAWADA (RURAL),Fazilnagar,3410560.4065724513,3884888.579406327
RAJANNA SIRCILLA,CHANDURTHI,Thimmapur (PN),3411793.564312561,3876303.924392557
RAJANNA SIRCILLA,CHANDURTHI,Chandurthi,3412913.145934959,3873220.8530822317
RAJANNA SIRCILLA,CHANDURTHI,Mallial,3413238.1232552757,3869932.4443111205
RAJANNA SIRCILLA,MUSTABAD,Turkapalle,3386069.338934886,3867713.993944296
RAJANNA SIRCILLA,KONARAOPET,Lachapet,3405204.904339584,3863632.735636236
RAJANNA SIRCILLA,RUDRANGI,Manala,3417342.8300619964,3857135.0295209093
RAJANNA SIRCILLA,BOINPALLI,Vilasagar,3400007.761774777,3891428.8048670143
RAJANNA SIRCILLA,VEMULAWADA,Nampalli (Part),3396214.5702157826,3881607.7736706543
RAJANNA SIRCILLA,ILLANTHAKUNTA,Illanthakunta,3381120.034192953,3890868.921185631
RAJANNA SIRCILLA,ILLANTHAKUNTA,Jangareddipalli,3379762.9139893036,3889700.6411491064
RAJANNA SIRCILLA,YELLAREDDIPET,Korutlapet,3387020.3402631176,3856055.7767209457
RAJANNA SIRCILLA,YELLAREDDIPET,Sarvaipally (UIH),3387876.150738775,3857256.388062185
RAJANNA SIRCILLA,GAMBHIRAOPET,Gambhiraopet,3381717.865500272,3852104.549190011
RAJANNA SIRCILLA,GAMBHIRAOPET,Srinivasapuram,3383541.7192993658,3853618.260275258
RAJANNA SIRCILLA,GAMBHIRAOPET,Dammannapet,3385797.5537804766,3851237.353072824
RAJANNA SIRCILLA,GAMBHIRAOPET,Khurdulingampalle,3384035.8368070615,3851291.964349353
RAJANNA SIRCILLA,GAMBHIRAOPET,Desaipet,3379394.5474852184,3847431.223606049
RAJANNA SIRCILLA,TANGALLAPALLI,Kasbekatkur,3385409.003092797,3870276.4843095127
ADILABAD,NERADIGONDA,Malkalpahad,3497033.616962244,3834159.1004352053
ADILABAD,NERADIGONDA,Raipur,3496324.9860086176,3834002.2193907183
NIRMAL,LAKSHMANCHANDA,Parpalli,3455180.407994147,3838752.5643778616
NIRMAL,TANOOR,Nandgam,3456948.968062694,3778428.5166434683
NIRMAL,TANOOR,Wadgaon,3456694.466864485,3770049.163159159
NIRMAL,LAKSHMANCHANDA,Peechara,3459920.5935555086,3836631.1987479925
NIRMAL,SOAN,Kuchanpalli,3458535.2108822116,3834656.9960647426
NIRMAL,LOKESHWARAM,Bhagapur,3461331.2712504137,3803977.2722460344
NIRMAL,KHANAPUR,Maskapur,3461131.2309865174,3859038.17725776
NIRMAL,BASAR,Mailapur,3445103.1597785736,3786474.7213777197
NIRMAL,NIRMAL(RURAL),Ananthpet,3470153.13000667,3831898.710277985
NIRMAL,BHAINSA,Ekgaon,3470727.8366878387,3795039.903278103
NIRMAL,KADDAM,Lingapur,3461859.531288566,3866439.2797386986
NIRMAL,BASAR,Surli,3447787.8732548743,3795496.9814006775
NIRMAL,TANOOR,Wadhone,3449129.6736909105,3777518.2851598663
NIRMAL,BASAR,Kirgul (Buzurg),3449374.7816790757,3789770.884797481
NIRMAL,KHANAPUR,Tarlapad,3467195.998078115,3858190.914626062
NIRMAL,DASTURABAD,Mallapur,3468800.712611226,3889149.301972832
NIRMAL,BHAINSA,Mategaon,3468937.4153021006,3794569.1063504186
NIRMAL,TANOOR,Boregaon (Khurd),3464254.5683860993,3777614.6784452447
NIRMAL,SOAN,Gamjal,3459688.691124052,3830436.5128370025
NIRMAL,KHANAPUR,Badankurthy,3459537.283241223,3861884.4794195485
NIRMAL,NIRMAL(RURAL),Akkapur,3465125.9380329847,3832579.345062668
NIRMAL,BHAINSA,Boregaon (Buzurg),3465927.8799443715,3794921.1435015094
NIRMAL,DILAWARPUR,Lingampalli,3465109.025380068,3819158.0505270152
NIRMAL,NARSAPUR (G),Temborni,3465429.0256416313,3810781.444417038
NIRMAL,NIRMAL(RURAL),Kondapur,3466731.544281484,3832003.5908282395
NIRMAL,DASTURABAD,Munyal,3464496.512260326,3884929.0751792314
NIRMAL,MAMADA,Dimmadurthy,3466492.348341531,3852806.003026656
NIRMAL,DASTURABAD,Bhutkur,3464894.784445504,3881950.678970651
NIRMAL,MAMADA,Kappanpalle,3468157.7809401313,3850340.418836655
NIRMAL,NIRMAL(RURAL),Langdapur,3469743.8045600676,3825425.386649643
NIRMAL,MUDHOL,Ramtek,3462740.270626732,3782657.578215402
NIRMAL,KUBIR,Wai,3477528.8835128485,3781982.5683843596
NIRMAL,TANOOR,Kupli,3458859.4727788777,3770113.344101616
NIRMAL,LOKESHWARAM,Raipur K,3458724.749894378,3813764.5359387514
NIRMAL,KADDAM,Sarangapur,3460926.384061966,3867373.606892974
NIRMAL,DILAWARPUR,Kanjar,3462979.694217,3818671.203366349
NIRMAL,MAMADA,Koratikal,3462198.243574608,3845485.292079772
NIRMAL,LOKESHWARAM,Potpalle (M),3464128.713565688,3797709.549110426
NIRMAL,NIRMAL(RURAL),Nirmal (M),3466351.736683375,3827698.231952779
NIRMAL,KHANAPUR,Patha Yellapur,3465466.931639563,3863952.577571266
NIRMAL,MAMADA,Parimandal,3469194.467052234,3837955.803300047
NIRMAL,TANOOR,Jhari (Buzurg),3465776.22272869,3773444.7914621425
NIRMAL,LAKSHMANCHANDA,Narsapur,3465972.2052838374,3840012.0909150625
NIRMAL,KADDAM,Peddur,3474089.7111265296,3873642.2627295093
NIRMAL,BHAINSA,Mahagaon,3479068.601427257,3791402.0906685605
NIRMAL,KUBIR,Varni,3480866.2110815966,3785681.2569591943
NIRMAL,TANOOR,Yellawat,3450336.291523217,3779027.984377984
NIRMAL,MUDHOL,Ruvvi,3452168.5692798677,3788442.4441238428
NIRMAL,KHANAPUR,Surjapur,3459017.057106188,3858479.798775275
NIRMAL,LOKESHWARAM,Nagar,3458923.511711938,3802888.9685708047
NIRMAL,MAMADA,Potharam,3459216.616702213,3847339.381330227
NIRMAL,KADDAM,Rampur,3481522.8436221415,3878572.3532199115
NIRMAL,PEMBI,Vaspalle,3484253.505520286,3865393.6691864454
NIRMAL,SARANGAPUR,Nagapur,3483146.950604744,3822685.1676059947
NIRMAL,KUBIR,Rajura,3484721.3866624185,3788683.5995602813
NIRMAL,BASAR,Ravindrapur,3442637.7318572644,3785979.6385677755
NIRMAL,KUBIR,Lingi,3476656.7734354446,3780226.0630874834
NIRMAL,BASAR,Sawargaon,3445165.046802638,3795537.97005709
NIRMAL,BASAR,Salapur,3446431.9121299465,3795632.272608585
NIRMAL,BASAR,Basar,3445385.7377793184,3787573.4931865707
NIRMAL,BASAR,Renukapur,3445674.4413534272,3789368.734115655
NIRMAL,BASAR,Mahadpur,3446039.264756169,3785663.8108641743
NIRMAL,MUDHOL,Gudur,3458469.9873634977,3790844.7769794157
NIRMAL,BASAR,Ratnapur,3444499.6272787354,3783311.1287547396
NIRMAL,BASAR,Dhondapur,3449763.9679415347,3781430.7164909965
NIRMAL,BASAR,Bidrelli,3447736.660400195,3783378.728283483
NIRMAL,LAKSHMANCHANDA,Machapur,3454308.924665864,3841398.772880218
NIRMAL,LOKESHWARAM,Watoli,3453218.440550534,3799684.8850254747
NIRMAL,MUDHOL,Boregaon,3454634.398880235,3792693.870263089
NIRMAL,MAMADA,Ananthpet,3457119.285446037,3846887.1274580522
NIRMAL,MUDHOL,Karegaon,3456856.824485974,3791279.039302902
NIRMAL,KHANAPUR,Medampalle,3456567.6273146016,3858108.951318794
NIRMAL,MAMADA,Venkatapur,3457325.9795975727,3855471.9394693105
NIRMAL,TANOOR,Bolsa,3466815.6655820976,3778663.420548526
NIRMAL,TANOOR,Tondala,3453519.460023113,3774425.938625383
NIRMAL,TANOOR,Kharbala,3453609.6072736713,3778575.8411632804
NIRMAL,MUDHOL,Brahmangaon,3452299.8907551235,3791010.3843729347
NIRMAL,NARSAPUR (G),Burgupalli (K),3467117.693733655,3802338.710903446
NIRMAL,KADDAM,Kondkuru,3466687.7071655085,3875358.450024325
NIRMAL,NARSAPUR (G),Dongargaon,3466903.6481138305,3805568.8361252374
NIRMAL,KHANAPUR,Sathnapalle,3465668.6139527117,3861806.5736025055
NIRMAL,MAMADA,Chandaram,3463174.9209072073,3847628.4188160566
NIRMAL,KADDAM,Yelagadapa,3462046.981312919,3868746.084481192
NIRMAL,DILAWARPUR,Chintalakunta,3462032.4431087757,3812367.7216006075
NIRMAL,MUDHOL,Machkal,3462882.441535431,3784348.1112813684
NIRMAL,KUBIR,Kupti,3480693.923614483,3786854.4514163085
NIRMAL,NARSAPUR (G),Burugupalli-G,3481181.550506965,3810080.0403320817
NIRMAL,KUBIR,Chondi,3482732.6511624223,3788015.235142872
NIRMAL,KUNTALA,Suryapur,3481982.8267493686,3802063.0944334823
NIRMAL,KUBIR,Shivani,3481849.9771510735,3797176.1331144716
NIRMAL,KUBIR,Jumda,3483229.0120191164,3790083.678671956
NIRMAL,NARSAPUR (G),Naseerabad,3467787.7492984687,3810601.665246458
NIRMAL,BHAINSA,Watoli,3467195.451187049,3797006.710249542
NIRMAL,LAKSHMANCHANDA,Boregaon,3466854.4922820474,3843158.221083931
NIRMAL,KADDAM,Pandwapur,3468073.256401303,3876448.237704979
NIRMAL,KUBIR,Halda,3481730.207363457,3794799.246424271
NIRMAL,BHAINSA,Kamol,3463748.3360626074,3792502.836648541
NIRMAL,DILAWARPUR,Mayapur,3465050.747222165,3822050.315027252
NIRMAL,LOKESHWARAM,Sathgaon,3465273.6805870207,3799855.1374157704
NIRMAL,BHAINSA,Sirala,3465295.4031396452,3781875.8607063517
NIRMAL,TANOOR,Beltaroda,3468660.3490626025,3778458.3682139893
NIRMAL,MAMADA,Lingapur,3468640.3082528217,3845014.0374591695
NIRMAL,BHAINSA,Wanalpahad,3469608.915473181,3797650.0861492148
NIRMAL,LOKESHWARAM,Hadgaon,3465398.90325038,3798494.5867823507
NIRMAL,SARANGAPUR,Kowtla (Buzurg),3481612.5690342993,3817289.233831581
NIRMAL,PEMBI,Paspula,3485212.963632094,3853003.3186900658
NIRMAL,BASAR,Kirgul (Khurd),3449906.069212429,3787173.8083183398
NIRMAL,BASAR,Takli,3451044.513365545,3782759.610738257
NIRMAL,MUDHOL,Ashta,3450188.4029872282,3794124.7378452173
NIRMAL,MUDHOL,Gannora,3453257.1831096434,3788823.018415797
NIRMAL,SOAN,Boppal,3453255.7204871443,3822647.637316336
NIRMAL,DILAWARPUR,Arli (Buzurg),3462522.40636955,3810831.454397504
NIRMAL,MUDHOL,Shetpalli,3451252.7953088903,3788721.972942793
NIRMAL,LAKSHMANCHANDA,Chinthalchanda,3456756.7860144535,3844895.961745602
NIRMAL,MUDHOL,Edbid,3459581.3828278556,3793048.388896596
NIRMAL,KADDAM,Dildarnagar,3459894.853556656,3870383.967866626
NIRMAL,MUDHOL,Venkatapur,3460452.2139898734,3790013.655345318
NIRMAL,MUDHOL,Mudgal,3461607.1307844124,3785475.748496377
NIRMAL,MAMADA,Bandal Khanapur,3461282.7806810606,3849037.830787492
NIRMAL,TANOOR,Elvi,3461153.056046216,3778228.7675629463
NIRMAL,DASTURABAD,Godserial,3461861.507029253,3886956.3755906764
NIRMAL,TANOOR,Hipnally,3461941.6126231994,3775464.606814624
NIRMAL,TANOOR,Kolur,3460653.8357544253,3773131.0593028534
NIRMAL,TANOOR,Masalga,3461140.4536696025,3770583.9708288037
NIRMAL,DILAWARPUR,Sangvi,3461125.3300396563,3819274.266869701
NIRMAL,MAMADA,Naldurthi,3460934.533102761,3853424.135259009
NIRMAL,MUDHOL,Wadthala,3452999.921215424,3795408.768433446
NIRMAL,BASAR,Kowtha,3446771.68070299,3792891.53189011
NIRMAL,BASAR,Labdi,3448607.0139356065,3780927.3390470357
NIRMAL,BASAR,Voni,3448516.0228792373,3790997.9983728877
NIRMAL,BHAINSA,Khatgaon,3466955.5381044117,3791410.9590252084
NIRMAL,LAKSHMANCHANDA,Kanakpur,3466722.753721628,3837378.810301299
NIRMAL,NARSAPUR (G),Muthakapalli,3467393.959623048,3801023.7167426166
NIRMAL,SOAN,Old Pochampad,3455049.534112226,3826333.439077937
NIRMAL,TANOOR,Doultabad,3455457.8587973933,3778929.6723633
NIRMAL,SOAN,Jafrapur,3460641.137980113,3828413.755661125
NIRMAL,MUDHOL,Chinchala,3459041.7093361537,3788064.381754635
NIRMAL,SOAN,Sangampet,3461443.0768664805,3832597.0734446943
NIRMAL,KHANAPUR,Bavapur (K),3461780.9457745743,3864707.276060891
NIRMAL,LOKESHWARAM,Puspur,3462536.01503173,3795899.1725549153
NIRMAL,DILAWARPUR,Bansapalli,3464247.1599968635,3816617.930070834
NIRMAL,SARANGAPUR,Potia,3488021.4623270608,3812836.079057763
NIRMAL,NARSAPUR (G),Gulmadaga,3477293.950509689,3809514.6227538586
NIRMAL,KUNTALA,Ola,3477540.0246040155,3800383.904914212
NIRMAL,PEMBI,Venkampochampad,3479560.1252063354,3848923.0331986365
NIRMAL,BHAINSA,Chintalabori,3475993.81170191,3793390.9243127983
NIRMAL,SARANGAPUR,Pyaramur,3473848.9739760207,3816907.9159607496
NIRMAL,MAMADA,Gayadpalle,3472260.372059447,3844336.941964333
NIRMAL,TANOOR,Mahalingi,3473025.5868943925,3778015.5735652694
NIRMAL,SARANGAPUR,Beeravelli,3472778.3695658236,3819264.7256708285
NIRMAL,PEMBI,Mandapalle,3475097.7790544913,3857620.8806330846
NIRMAL,TANOOR,Hangirga,3462026.549771884,3780768.37468089
NIRMAL,KHANAPUR,Dilwarpur,3462415.3002035166,3862843.491617355
NIRMAL,KHANAPUR,Khanapur (M),3463221.6150793824,3859308.2020778493
NIRMAL,SARANGAPUR,Boregaon,3475270.2339666025,3822041.008853072
NIRMAL,BHAINSA,Gundagaon,3475368.2529147575,3791024.5835829643
NIRMAL,DILAWARPUR,Samunderpalli,3463551.075387912,3813556.979240936
NIRMAL,SOAN,Kadthal,3462587.4867623914,3830004.680868784
NIRMAL,LOKESHWARAM,Savargaon,3464152.304709752,3808908.067355728
NIRMAL,MAMADA,Lachampur,3464077.744000518,3852677.6582059735
NIRMAL,MAMADA,Danthapalle,3463718.55385306,3850376.631106749
NIRMAL,SARANGAPUR,Sarangpur,3480112.2232670905,3819089.449327747
NIRMAL,SARANGAPUR,Chincholi (Malak),3479587.7963476637,3816313.1541931913
NIRMAL,SARANGAPUR,Kupti,3487600.2387503344,3814534.0163439517
NIRMAL,MAMADA,Kishanraopet,3470632.9492184594,3836374.65350441
NIRMAL,DILAWARPUR,Rantapur K,3460953.139162851,3814634.7580175074
NIRMAL,DILAWARPUR,Mallapur,3461785.6240183203,3821610.0687264875
NIRMAL,KUNTALA,Medanpur,3480927.0383223,3799335.771520517
NIRMAL,SOAN,Madapur,3458555.2391793416,3827628.8711822955
NIRMAL,MUDHOL,Taroda,3459413.8397285966,3785434.9342763755
NIRMAL,LAKSHMANCHANDA,Thirpalli,3459688.065428829,3843977.02827496
NIRMAL,DILAWARPUR,Siddagunda,3459077.6828814857,3822983.1584060686
NIRMAL,MAMADA,Adarsanagar (R.C) Kothur @ Edudur,3454514.1801161873,3847872.791023638
NIRMAL,TANOOR,Tanoor,3458339.500910011,3776300.9400311713
NIRMAL,DILAWARPUR,New Lolam RC,3469011.4617889817,3818089.280606853
NIRMAL,KUNTALA,Limba (Khurd),3475309.292733511,3797304.5319485757
NIRMAL,KUBIR,Pardi (Khurd),3486021.007917039,3784475.8294984656
NIRMAL,KADDAM,Dharmaipet,3467591.2958021187,3870257.3757778085
NIRMAL,MAMADA,Raidhari,3468036.9005676014,3846173.668598039
NIRMAL,BHAINSA,Manjri,3468522.53829318,3783634.4602506924
NIRMAL,TANOOR,Jhari (K),3468398.753714893,3773847.008109113
NIRMAL,DILAWARPUR,Dilawarpur,3467313.0371435885,3816244.7189466637
NIRMAL,MAMADA,Lonkapad,3470881.8922649226,3849283.950705664
NIRMAL,SARANGAPUR,Vaikuntapur,3476746.44253931,3812844.142365424
NIRMAL,SARANGAPUR,Yakarpalle,3477978.2476998656,3819728.407927427
NIRMAL,MAMADA,Tandra,3477046.695375232,3840747.22027186
NIRMAL,MAMADA,Rasimatla,3475355.1214955654,3844092.039687092
NIRMAL,KHANAPUR,Ervachintal,3474403.637624814,3863095.4945643423
NIRMAL,KUBIR,Sanwali,3475515.661253301,3782056.678048486
NIRMAL,KUNTALA,Ambakanti,3475004.1888681115,3804800.5187172717
NIRMAL,KHANAPUR,Kothapet,3463230.407445322,3864577.191835784
NIRMAL,SOAN,Shakari,3463624.8652393348,3828453.6548701115
NIRMAL,KADDAM,Masaipet,3463724.0659960317,3868007.5943660634
NIRMAL,LOKESHWARAM,Kistapur,3463379.4796003853,3802338.9958947455
NIRMAL,TANOOR,Bondrat,3468991.3943917225,3781370.0360119613
NIRMAL,BHAINSA,Pangri,3470575.7019767403,3783611.7191985953
NIRMAL,BHAINSA,Babalgaon,3471981.945565969,3792945.8825412956
NIRMAL,KUBIR,Sirpalle,3491329.009901354,3784019.102356692
NIRMAL,BHAINSA,Bhainsa (M),3470189.5806802083,3789260.1506795436
NIRMAL,SARANGAPUR,Aloor,3473073.7032227865,3823867.7563319267
NIRMAL,KUBIR,Mola,3475816.1360896947,3778736.6111410833
NIRMAL,KUBIR,Kubeer,3487561.3430269784,3787602.4650269607
NIRMAL,LAKSHMANCHANDA,Munipalli,3455143.6084678355,3842578.6416494194
NIRMAL,LOKESHWARAM,Dharmara,3455772.8278639726,3800699.3784862123
NIRMAL,LOKESHWARAM,Wastapur,3455212.7093909937,3798510.668680764
NIRMAL,LOKESHWARAM,Panchgudi,3453695.406221379,3801643.4772378593
NIRMAL,LOKESHWARAM,Mohalla,3454480.355205315,3802521.305733414
NIRMAL,LOKESHWARAM,Godsera,3455065.865709728,3803714.2898004893
NIRMAL,SOAN,Pakpatla,3456027.0926397024,3827732.0251071276
NIRMAL,MUDHOL,Vitholi,3455720.9292729083,3788008.3725240077
NIRMAL,LAKSHMANCHANDA,Chamanpalli,3457575.606289415,3842656.9969744864
NIRMAL,TANOOR,Singangam,3457771.461277149,3779106.646806208
NIRMAL,LOKESHWARAM,Bamni (K),3456971.304105395,3806897.724595866
NIRMAL,LOKESHWARAM,Joharpur,3456863.7712633344,3797499.4374670335
NIRMAL,TANOOR,Kalyani,3458539.8456777716,3771461.9181430577
NIRMAL,LAKSHMANCHANDA,Dharmaram,3458245.610742488,3837585.4226801638
NIRMAL,SOAN,Soan,3458810.6885558222,3832224.681625141
NIRMAL,TANOOR,Dhagaon,3459056.5212984425,3780451.892008883
NIRMAL,MUDHOL,Mudhole,3455164.116091442,3783388.3876891257
NIRMAL,LOKESHWARAM,Gadchanda,3458675.425753106,3807925.0079908934
NIRMAL,KHANAPUR,Gangaipet,3461332.000468284,3856780.673109448
NIRMAL,KADDAM,Laxmisagar,3461798.1204815693,3871431.9099277915
NIRMAL,LOKESHWARAM,Malkapur,3462785.9196968055,3799896.000191105
NIRMAL,LOKESHWARAM,Rajura,3461637.7116697673,3808351.8531466285
NIRMAL,BHAINSA,Kumsari,3463396.0033942023,3789288.564641286
NIRMAL,NIRMAL(RURAL),Muktapur,3463416.3617463503,3833256.446508361
NIRMAL,KADDAM,Chittial,3463128.6093017915,3874222.090139926
NIRMAL,TANOOR,Mugli,3463091.5321295266,3769661.003440999
NIRMAL,LAKSHMANCHANDA,Wadyal,3463543.144242104,3836966.5950172376
NIRMAL,KADDAM,Maddipadaga,3464588.7122169537,3871205.3444827558
NIRMAL,DILAWARPUR,Gundampalli,3464952.8753766655,3814067.5975857517
NIRMAL,LOKESHWARAM,Manmad,3464830.1156427544,3804492.369584872
NIRMAL,LOKESHWARAM,Biloli,3465611.5499030696,3801385.5161004458
NIRMAL,LOKESHWARAM,Potpalle (B),3465680.6105577066,3807119.632699284
NIRMAL,NARSAPUR (G),Cherlapalle,3466741.4170906805,3813068.1101343036
NIRMAL,NARSAPUR (G),Narsapur,3469274.1181986895,3810051.85291262
NIRMAL,KADDAM,Kalleda,3472418.2202471825,3882455.206170159
NIRMAL,BHAINSA,Kotalgaon,3473908.9640806024,3793638.9593214914
NIRMAL,BHAINSA,Siddur,3473946.3728603167,3789630.245485596
NIRMAL,KUBIR,Antharni,3478239.4021900306,3784835.524413391
NIRMAL,KUBIR,Malegaon,3477885.3784156595,3786667.6129000057
NIRMAL,KHANAPUR,Rajura,3475321.8893715306,3853684.1880443697
NIRMAL,NARSAPUR (G),Rampur,3467534.721298339,3812192.8586172643
NIRMAL,DILAWARPUR,Sirgapur,3467369.2392438794,3821345.713712246
NIRMAL,DASTURABAD,Buttapur,3466778.16785396,3888920.775539248
NIRMAL,BHAINSA,Hampoli Khurd,3467382.6608844735,3794975.681541095
NIRMAL,KADDAM,Ambaripet,3467359.812645992,3878185.548941646
NIRMAL,BHAINSA,Pendapalle,3467478.3812323236,3799540.896305239
NIRMAL,BHAINSA,Hasgul,3467344.0131864413,3793098.987805445
NIRMAL,NARSAPUR (G),Arli (K),3467802.728653794,3803912.3646613955
NIRMAL,NIRMAL(RURAL),Chityal,3467453.70115526,3823645.365026372
NIRMAL,NIRMAL(RURAL),Talveda,3468485.635544082,3825140.252444071
NIRMAL,NARSAPUR (G),Chackpalli,3468222.9573225374,3806709.536481494
NIRMAL,TANOOR,Umri (Khurd),3464372.1509923283,3779269.153144218
NIRMAL,KADDAM,Nawabpet,3469514.6511712433,3878137.9587403215
NIRMAL,LOKESHWARAM,Hawarga,3465704.737202109,3802901.373939222
NIRMAL,LOKESHWARAM,Yeddur,3465410.0724186776,3808334.964096393
NIRMAL,KADDAM,Bellal,3464885.6267131,3876617.0136809633
NIRMAL,KADDAM,Narsapur,3464831.262988609,3866275.149102369
NIRMAL,KADDAM,Nachan Yellapur,3465365.2294144807,3868502.2000982394
NIRMAL,BHAINSA,Elegaon,3465531.430843685,3784037.987731022
NIRMAL,BHAINSA,Walegaon,3465634.5855101882,3789333.342063589
NIRMAL,DASTURABAD,Revojipet (New),3464802.4483277234,3887437.3734709113
NIRMAL,NIRMAL(RURAL),Neelaipet,3470375.72703173,3833839.4907880016
NIRMAL,KUNTALA,Kallur,3469552.2473718873,3803099.907752328
NIRMAL,NARSAPUR (G),Thurati,3470049.2643433693,3805272.7637241455
NIRMAL,NARSAPUR (G),Daryapur,3469560.1412691977,3812849.6162034445
NIRMAL,SARANGAPUR,Chincholi (Buzurg),3473301.58668764,3827606.273317617
NIRMAL,NARSAPUR (G),Anjani,3473915.339392199,3809433.8779605986
NIRMAL,NARSAPUR (G),Kusli,3473350.9193142913,3812655.4635554547
NIRMAL,NIRMAL(RURAL),Dyangapur,3474482.872629397,3829960.357935575
NIRMAL,BHAINSA,Mirzapur,3474216.659979267,3788116.0530140214
NIRMAL,KUNTALA,Rajapur,3479544.9463004796,3802767.1588645307
NIRMAL,MAMADA,Arepalle,3469581.9261949323,3842248.0103325844
NIRMAL,KHANAPUR,Advisarangapur,3469183.401196824,3862034.5934598
NIRMAL,BHAINSA,Thimmapur,3469629.5743328617,3800394.4766444354
NIRMAL,PEMBI,Nagpur,3470400.4287006203,3857942.8730692593
NIRMAL,TANOOR,Bhosi,3470773.557236059,3779170.14643147
NIRMAL,KADDAM,Revojipet (Old),3470149.308246483,3870645.6083919695
NIRMAL,NIRMAL(RURAL),Vengwapet,3470645.4040111303,3824824.2966728783
NIRMAL,DASTURABAD,Dasturabad,3468096.746507311,3881530.400540875
NIRMAL,DILAWARPUR,Malegaon,3471002.261710834,3816394.2669309783
NIRMAL,NARSAPUR (G),Nandan,3471041.2717788224,3807801.583333667
NIRMAL,DILAWARPUR,Kadili,3471377.345410786,3814616.2413742496
NIRMAL,KHANAPUR,Beernandi,3470230.139720189,3866968.497745249
NIRMAL,KUNTALA,Andkur,3472165.425632976,3803348.775156607
NIRMAL,NARSAPUR (G),Bamni (B),3472453.1349565107,3806283.9268474346
NIRMAL,KUNTALA,Penchikalpahad,3472183.810960924,3800588.7503832458
NIRMAL,SARANGAPUR,Lakshmipur,3472329.608329902,3825449.122769724
NIRMAL,BHAINSA,Sunkli,3472179.1047237567,3797500.5744647356
NIRMAL,BHAINSA,Bijjur,3472717.361594264,3794969.654514046
NIRMAL,KHANAPUR,Chamanpalle,3471962.34380465,3863459.1211234503
NIRMAL,NIRMAL(RURAL),Medipalli,3472157.8344482114,3834957.879345425
NIRMAL,DILAWARPUR,Kalwa,3470824.0977891698,3821517.4027171293
NIRMAL,KADDAM,Laxmipur,3472351.7662734534,3878712.1601786157
NIRMAL,KUBIR,Chata,3478317.819526044,3794728.70140962
NIRMAL,KUNTALA,Vittapur,3474214.9486163664,3800612.5979321594
NIRMAL,BHAINSA,Linga,3474247.0022325516,3786922.248558477
NIRMAL,TANOOR,Bamni,3473755.0389769203,3780795.7266472722
NIRMAL,MAMADA,Burugupalle,3473181.2881862847,3839183.7507010857
NIRMAL,KUNTALA,Venkur,3474820.374325295,3802256.5547273913
NIRMAL,NARSAPUR (G),Tekulpahad,3479037.0547195533,3806717.0020444263
NIRMAL,NARSAPUR (G),Shakapur,3471560.1382592428,3810370.9631285816
NIRMAL,MAMADA,Pulimadugu,3474715.1988795847,3836180.330075863
NIRMAL,SARANGAPUR,Godsera,3475662.652906558,3819968.2105616187
NIRMAL,NIRMAL(RURAL),Yellareddipet,3474821.2741243616,3833262.796290319
NIRMAL,LOKESHWARAM,Pipri,3455489.2755426653,3805992.0485192183
NIRMAL,DILAWARPUR,Mujgi,3459757.123968372,3822054.3265896393
NIRMAL,DILAWARPUR,Kothur,3462432.943075362,3815559.97227118
NIRMAL,SOAN,Loham,3454116.5984167987,3824838.983795721
NIRMAL,MUDHOL,Jalalpur,3455901.6197990463,3789752.9544376275
NIRMAL,MUDHOL,Chandapur,3456881.4406710234,3788934.144934437
NIRMAL,MUDHOL,Govindpur,3458064.439087946,3789488.7478913753
NIRMAL,MAMADA,Devathapur,3458233.343560013,3852550.6585291596
NIRMAL,SOAN,Local Velmal,3457403.09033601,3823736.472866578
NIRMAL,DILAWARPUR,Potpalle (Kurd),3459918.332019453,3820970.088217824
NIRMAL,MAMADA,Mondepalle,3465835.9035196803,3844906.835226641
NIRMAL,KUNTALA,Raipahad,3474628.333416678,3807151.5901747667
NIRMAL,KUBIR,Pangra,3477609.8434411343,3789162.210419849
NIRMAL,SARANGAPUR,Thandra,3476407.205146237,3815571.4020548663
NIRMAL,KADDAM,Maisampet,3476733.790217707,3878919.8141172095
NIRMAL,SARANGAPUR,Vanjar,3476445.2156266957,3818107.52609054
NIRMAL,NIRMAL(RURAL),Ranapur,3476629.2175419754,3829798.892954654
NIRMAL,KUNTALA,Kuntala,3477287.304909863,3803861.704766841
NIRMAL,KUNTALA,Limba (Buzurg),3478504.4583061677,3797631.9513943754
NIRMAL,KADDAM,Dharmajipet,3479062.91827794,3878804.528651598
NIRMAL,SARANGAPUR,Gopalpet,3477366.3855588445,3827158.878810939
NIRMAL,KUBIR,Godsera,3479144.8658063016,3788161.807130371
NIRMAL,KUBIR,Hampli (Buzurg),3479446.1228600848,3782937.6564112273
NIRMAL,SARANGAPUR,Dhani,3477045.606050313,3824860.672120744
NIRMAL,MAMADA,Rampur,3480371.809362097,3844211.6272752574
NIRMAL,KUBIR,Sangvi,3480573.5025834865,3789341.9423771617
NIRMAL,MAMADA,Vasthapur,3480464.8590307785,3841839.2117132884
NIRMAL,KUBIR,Sonari,3480327.4223057097,3784235.894129281
NIRMAL,KUBIR,Godapur,3480586.2849462247,3781526.8117869343
NIRMAL,PEMBI,Pembi,3479382.4602547064,3857606.528078018
NIRMAL,KADDAM,Gangapur,3477842.911110119,3867221.412209176
NIRMAL,PEMBI,Shetpalle,3479683.4438931937,3863588.001874862
NIRMAL,KADDAM,Udumpur,3478751.10450502,3883999.8343270463
NIRMAL,SARANGAPUR,Jam,3479467.9542131433,3822777.3275899645
NIRMAL,KUBIR,Nighwa,3479867.6946439673,3779274.1154127247
NIRMAL,PEMBI,Kosagutta,3482275.5439732177,3860866.616707113
NIRMAL,KUNTALA,Downelly,3481577.683127708,3805311.2930044895
NIRMAL,KUBIR,Veeragohan,3484085.442339724,3795722.9967426476
NIRMAL,SARANGAPUR,Jewly,3482609.0983591056,3813509.8727832804
NIRMAL,KUNTALA,Ambagaon,3483502.885976343,3800222.809799175
NIRMAL,KUBIR,Palsi,3483997.099637653,3782231.9344490003
NIRMAL,SARANGAPUR,Adelli,3483775.8517483594,3820868.618196221
NIRMAL,PEMBI,Itikyal,3483819.8165704804,3858008.712087399
NIRMAL,KADDAM,Gandigopalpur,3484746.083518342,3882549.8226591432
NIRMAL,KUBIR,Darkubeer,3486543.629042699,3789507.601272129
NIRMAL,KADDAM,Islampur,3483468.9971184833,3887787.379986822
NIRMAL,SARANGAPUR,Pendaldhari,3487984.629666747,3818702.626760413
NIRMAL,KUBIR,Pardi (Buzurg),3485147.2968565556,3792356.8231271165
NIRMAL,SARANGAPUR,Ponkur,3486923.8773626783,3816340.491770521
NIRMAL,PEMBI,Gummanuyenglapur,3486613.8138382705,3861801.3297828627
NIRMAL,PEMBI,Dhomdari,3488336.6406401694,3864968.8187908777
NIRMAL,KUBIR,Ranjani,3489963.223335001,3781111.469437981
NIRMAL,KADDAM,Allampally,3484121.609735192,3869762.947444432
NIRMAL,KUBIR,Belgaon,3489572.535109849,3791123.396766914
NIRMAL,KUBIR,Dodarna,3492298.0682901987,3787733.5086365123
NIRMAL,KUBIR,Khasra,3483208.7376930886,3785757.8425404727
NIRMAL,SARANGAPUR,Karji,3485174.0957083665,3819089.1337805577
NIRMAL,KUBIR,Brahmeswar,3488813.678876242,3794249.9797823853
NIRMAL,KUBIR,Jamgaon,3488293.642709744,3784564.1065419023
NIRMAL,TANOOR,Bember,3464583.1191790034,3775527.7758665318
NIRMAL,TANOOR,Wadjhari,3466920.883647512,3776217.512676121
NIRMAL,BHAINSA,Takli,3475238.4038989935,3786066.502695616
NIRMAL,BHAINSA,Chichond,3472940.774865045,3784505.02239393
NIRMAL,BHAINSA,Kumbhi,3475574.6576110655,3784207.5275477343
NIRMAL,BHAINSA,Dahegaon,3464684.3455332494,3786375.4289738303
NIRMAL,BHAINSA,Badgaon,3467204.990447025,3785860.0167352627
NIRMAL,KUBIR,Bakot,3476526.578384359,3788398.267493447
NIRMAL,KUBIR,Sowna,3476073.3044664343,3789871.6849850826
NIRMAL,TANOOR,Jewla (Buzurg),3454709.7129837126,3775882.816336627
NIRMAL,TANOOR,Kesarelly,3452418.401712261,3774766.7718888517
NIRMAL,NIRMAL(URBAN),Nirmal (M),3469063.3633680665,3828491.7135550156
NIRMAL,NIRMAL(RURAL),Mambapur,3472403.6350279786,3831836.906686644
NIRMAL,NIRMAL(RURAL),Yedulapur,3470958.4028604263,3830823.9045886924
NIRMAL,NIRMAL(RURAL),Naganaipet,3468235.35678323,3830330.7964802757
NIRMAL,NIRMAL(RURAL),Thimmapur,3466821.6397545794,3830267.8426439185
NIRMAL,NIRMAL(RURAL),Bagyanagar,3469076.4141093525,3834171.275996857
NIRMAL,NIRMAL(RURAL),New Pochampad,3468269.6669729305,3833570.7847884544
NIRMAL,NIRMAL(RURAL),Kamlapur,3471529.2492823494,3830239.815570289
NIRMAL,NIRMAL(RURAL),Yellapalli,3467784.266633092,3832460.546361846
NIRMAL,NIRMAL(RURAL),Ratnapur Kandli,3467410.9461334543,3834748.7808966315
NIRMAL,NARSAPUR (G),Velugudari,3479787.8895286657,3813552.4341480355
NIRMAL,SARANGAPUR,Kamkati,3477697.4608436134,3813808.6050619143
NIRMAL,MAMADA,Mamda,3467085.2037015236,3847443.3183958884
NIRMAL,MAMADA,Kotha Sangvi (R.C),3465103.4775815457,3848801.557575113
NIRMAL,KHANAPUR,Singapur,3468858.9391590236,3854125.775110637
NIRMAL,KHANAPUR,Iqbalpur,3464923.2230490213,3855595.122486551
NIRMAL,KHANAPUR,Bevapur (R),3472072.6571372035,3851333.0068431213
NIRMAL,MAMADA,Kotha Lingampalle (R.C),3463318.4069203315,3843408.698724042
NIRMAL,LAKSHMANCHANDA,Kanjar,3464439.4428406665,3841826.390787823
NIRMAL,LAKSHMANCHANDA,Babapur,3464156.9955245755,3840305.0823156503
NIRMAL,LAKSHMANCHANDA,Mallapur,3456645.2936404063,3840857.988440673
NIRMAL,LAKSHMANCHANDA,Potpalli B,3456974.898837669,3839066.324220928
NIRMAL,LAKSHMANCHANDA,Laxmanchanda,3460432.4093176774,3841010.2130960445
NIRMAL,LAKSHMANCHANDA,Potpalli K,3460552.7763805306,3838721.589810288
NIRMAL,KUBIR,Nandapahad,3486117.661989537,3795624.3805491542
NIRMAL,KUBIR,Marlagonda,3487666.9238480837,3795898.242187601
NIRMAL,MUDHOL,Chinthakunta,3456954.72351583,3794960.249482199
NIRMAL,MUDHOL,Chinthakunta RC,3458399.766457999,3796076.27352964
NIRMAL,LOKESHWARAM,Lohesra,3461150.204368829,3800667.4395939177
NIRMAL,LOKESHWARAM,New Raipur (K) R.C,3458839.225782641,3800102.9460949698
NIRMAL,SARANGAPUR,Bagirthapur,3478261.2937852847,3830238.6856958843
MANCHERIAL,TANDUR,Abbapur,3479679.5895002927,3933023.171888601
MANCHERIAL,JAIPUR,Pownur,3424606.5399917304,3967296.714320241
MANCHERIAL,JAIPUR,Gopalpur,3425842.628615989,3966257.135585733
MANCHERIAL,CHENNUR,Nagapur,3425152.498509657,3975873.248701196
MANCHERIAL,CHENNUR,Beervelli,3425160.4847920453,3978217.838448311
MANCHERIAL,CHENNUR,Somanpalle,3424493.557482591,3972680.74503022
MANCHERIAL,CHENNUR,Ponnaram,3427133.3666154835,3973438.4750996786
MANCHERIAL,CHENNUR,Asnad,3430366.070803897,3972437.1958789136
MANCHERIAL,JAIPUR,Rommipur,3431040.8666745587,3962977.997759254
MANCHERIAL,JAIPUR,Shetpalle,3433104.229682307,3955043.188766093
MANCHERIAL,BHEEMARAM,Kothapalle,3432430.33220504,3969781.1176667684
MANCHERIAL,HAJIPUR,Mulkalla,3442564.8531662137,3936098.3743167217
MANCHERIAL,KOTAPALLI,Kondampet,3455096.4400439905,3980950.0053916723
MANCHERIAL,NENNEL,Gollapalle,3457270.7266338384,3962264.5600459995
MANCHERIAL,KOTAPALLI,Jangaon,3457146.215255629,3991539.5455726315
MANCHERIAL,KASIPET,Gurvapur,3459536.8427719274,3937940.119493098
MANCHERIAL,KASIPET,Chintaguda,3461052.482759097,3936087.18676634
MANCHERIAL,DANDEPALLI,Lingapur,3460581.203762507,3910344.974161854
MANCHERIAL,JANNARAM,Kothapet,3479210.0074548945,3890761.956265448
MANCHERIAL,CHENNUR,Kannepalle,3444376.340893797,3975969.7164673815
MANCHERIAL,JAIPUR,Kankur,3443730.2186273187,3951814.2336756503
MANCHERIAL,CHENNUR,Kistampet,3441764.164415542,3972879.9654555954
MANCHERIAL,HAJIPUR,Donabanda,3443730.3407811592,3926310.4613750363
MANCHERIAL,JANNARAM,Rampur,3460984.304297541,3906043.9112542244
MANCHERIAL,KASIPET,Pallamguda,3463263.4544118294,3938198.625496955
MANCHERIAL,KASIPET,Kometichenu,3461808.265719964,3939833.0730856233
MANCHERIAL,CHENNUR,Chakepalle,3428076.0395592973,3976268.1286167963
MANCHERIAL,CHENNUR,Pokkur,3427876.104711018,3979692.8625776754
MANCHERIAL,JAIPUR,Velal,3427835.0037380843,3965620.143129357
MANCHERIAL,CHENNUR,Narasakkapet,3430554.8166363845,3980345.594451134
MANCHERIAL,JAIPUR,Kistapur,3429532.194824854,3964148.6998798144
MANCHERIAL,JAIPUR,Bejjal,3431322.052042128,3957091.021964638
MANCHERIAL,CHENNUR,Sundersala,3432100.8671053913,3980991.902716948
MANCHERIAL,CHENNUR,Kommera,3431436.7910148054,3977184.611740277
MANCHERIAL,JAIPUR,Shivvaram,3423423.664180986,3969191.5501054106
MANCHERIAL,CHENNUR,Gangaram,3434724.1678103497,3973085.2160705635
MANCHERIAL,CHENNUR,Dugnepalle,3434232.0715936585,3980734.7881152555
MANCHERIAL,BHEEMARAM,Arepalle,3435524.891491903,3965215.9266235577
MANCHERIAL,JAIPUR,Yelkanti,3435680.157205681,3955511.5606583185
MANCHERIAL,CHENNUR,Angarajpalle,3434930.540005681,3976305.6361636813
MANCHERIAL,CHENNUR,Kachanpalle,3436057.295939461,3974799.9547197316
MANCHERIAL,JAIPUR,Maddulapalle,3434394.0234742924,3960072.8000836484
MANCHERIAL,JAIPUR,Kundaram,3432680.03963592,3960958.492154657
MANCHERIAL,JAIPUR,Narasingapuram,3434761.2307253047,3958677.925791888
MANCHERIAL,CHENNUR,Raipet,3436467.2302281633,3978826.869616766
MANCHERIAL,CHENNUR,Narayanpur,3436799.8806056683,3980820.914597703
MANCHERIAL,JAIPUR,Tekumatla,3434911.9029872133,3952948.803565592
MANCHERIAL,CHENNUR,Suddal,3436975.733356176,3972826.4594472507
MANCHERIAL,HAJIPUR,Hajipur,3440863.2101187855,3928237.1682598186
MANCHERIAL,LUXETTIPET,Gullakota,3441885.0099636274,3923515.378640796
MANCHERIAL,JAIPUR,Narva,3440655.0235081147,3954678.950586597
MANCHERIAL,KOTAPALLI,Rampur,3440899.178569505,3988975.987301478
MANCHERIAL,HAJIPUR,Pochampahad,3445341.686657319,3936832.0567287016
MANCHERIAL,HAJIPUR,Hussainsagar,3446590.813683592,3928030.335971425
MANCHERIAL,BHEEMARAM,Dampur,3446157.777863998,3962048.3259906154
MANCHERIAL,JANNARAM,Dharmaram,3467070.8187326323,3893448.0687384447
MANCHERIAL,NENNEL,Jogapur,3459696.0004083286,3959906.354899984
MANCHERIAL,VEMANPALLY,Mulkalpet,3458167.3158890354,3984726.529379733
MANCHERIAL,NENNEL,Gundlasomaram,3460291.0420504576,3956169.2111615017
MANCHERIAL,VEMANPALLY,Katepalli (UI),3464505.496302081,3980328.920148592
MANCHERIAL,NENNEL,Jangalpet,3463443.9783877055,3969062.8511969377
MANCHERIAL,BELLAMPALLY,Budha Khurd (R),3466490.5953276264,3948637.765468623
MANCHERIAL,CHENNUR,Bhamraopet,3438495.0090376544,3975700.731626024
MANCHERIAL,JAIPUR,Pegadapalle,3438450.0910088825,3957117.519728451
MANCHERIAL,HAJIPUR,Karnamamidi,3438736.2851649676,3926652.688080045
MANCHERIAL,HAJIPUR,Namnur,3439540.996946982,3932382.744202299
MANCHERIAL,JAIPUR,Indaram,3437388.3232465116,3951554.7144258115
MANCHERIAL,HAJIPUR,Padthenpally,3439551.841534306,3925575.6325068865
MANCHERIAL,BHEEMINI,Mallidi,3477281.3038293137,3960074.565534543
MANCHERIAL,TANDUR,Madaram,3475452.682380941,3937081.8762145527
MANCHERIAL,JAIPUR,Ramaraopet,3438143.3347903895,3949672.4378159624
MANCHERIAL,KOTAPALLI,Borampalle,3441976.9047781215,3986097.1866662744
MANCHERIAL,HAJIPUR,Kondapur,3445209.6044986015,3925807.0056952233
MANCHERIAL,HAJIPUR,Vempally,3443738.6723646843,3939243.7202786873
MANCHERIAL,HAJIPUR,Subbapally,3443745.4622741323,3929267.8568318947
MANCHERIAL,KASIPET,Kasipet,3458785.49733425,3943330.920850499
MANCHERIAL,KASIPET,Muthempalle,3458761.691405177,3940106.738986132
MANCHERIAL,BELLAMPALLY,Bellampally (M),3463254.452747472,3946874.0762087354
MANCHERIAL,BELLAMPALLY,Chakepalle,3470180.1020096075,3948401.283661682
MANCHERIAL,BELLAMPALLY,Chandravelli,3468887.6688604173,3951362.0863843877
MANCHERIAL,KANNEPALLY,Jankapur,3469786.5529280636,3955257.6895049685
MANCHERIAL,KOTAPALLI,Rapanpalle,3441107.3769094176,3993607.031172442
MANCHERIAL,BHEEMARAM,Bheemaram,3441313.4109199108,3966800.1714505493
MANCHERIAL,BHEEMARAM,Polampalle,3440388.6078248997,3962599.6800915627
MANCHERIAL,KOTAPALLI,Rajaram,3443495.735532859,3990541.13078328
MANCHERIAL,BHEEMARAM,Pothanpalle,3444356.6468508546,3966161.1027477486
MANCHERIAL,LUXETTIPET,Pothepalle,3443184.0321021667,3921317.912223376
MANCHERIAL,CHENNUR,Yellakkapet,3442844.674482366,3974411.091282811
MANCHERIAL,HAJIPUR,Gudipet,3442863.757773174,3933058.4937644727
MANCHERIAL,CHENNUR,Shivalingapur,3445081.275651311,3978875.0933841607
MANCHERIAL,CHENNUR,Akkapalle,3443942.833676767,3980909.784678452
MANCHERIAL,CHENNUR,Chintapalle,3445001.2207414326,3981656.887721188
MANCHERIAL,LUXETTIPET,Luxettipet (M),3444812.4401703225,3917578.5202977997
MANCHERIAL,NASPUR,Naspur (M),3441100.6829381,3947139.6251985324
MANCHERIAL,MANDAMARRI,Venkatapur,3446347.2868539924,3950858.310694458
MANCHERIAL,JAIPUR,Mittapalle,3445064.693557561,3955868.883465306
MANCHERIAL,KOTAPALLI,Kawarkothapalle,3445381.00294215,3988988.7163255922
MANCHERIAL,DANDEPALLI,Kamepalle,3447265.321490415,3915309.370335021
MANCHERIAL,LUXETTIPET,Lingapur,3447113.0087037804,3920657.456034222
MANCHERIAL,CHENNUR,Amudalpalle,3436278.5815803846,3982098.0379896085
MANCHERIAL,CHENNUR,Konampet,3438076.824910617,3980694.1214936003
MANCHERIAL,KOTAPALLI,Rawalpalle,3438573.0449205674,3988920.983653584
MANCHERIAL,CHENNUR,Adiwarpet,3444809.867724867,3977596.0368914134
MANCHERIAL,NENNEL,Puppulawanipet,3466865.999408392,3966330.5760459937
MANCHERIAL,BHEEMARAM,Arkepelly (D),3444163.77436945,3969117.6519488744
MANCHERIAL,CHENNUR,Gudirampur,3444403.4885773165,3979747.347068584
MANCHERIAL,BHEEMARAM,Burugupalle,3446549.557571407,3964518.312551685
MANCHERIAL,KOTAPALLI,Edagatta,3448485.3511278564,3981927.7977971598
MANCHERIAL,DANDEPALLI,Venkatapur,3454559.8892407636,3912860.551336627
MANCHERIAL,KOTAPALLI,Bopparam,3453420.141323192,3986268.8591472353
MANCHERIAL,MANDAMARRI,Mandamarri (M),3454778.854329421,3946082.208138594
MANCHERIAL,KOTAPALLI,Pangadisomaram,3454982.2283169366,3970778.1194359777
MANCHERIAL,KOTAPALLI,Kotapalle,3450744.1437364565,3976543.7223873693
MANCHERIAL,HAJIPUR,Peddampet,3447889.9500535843,3926478.3089957517
MANCHERIAL,JANNARAM,Badampalle,3466197.545409863,3895888.287495458
MANCHERIAL,KANNEPALLY,Kothapalle,3466695.4540195893,3962545.206789864
MANCHERIAL,KANNEPALLY,Salegaon,3477967.866994015,3969366.988891613
MANCHERIAL,TANDUR,Rechini,3476885.8628946096,3948184.7497774684
MANCHERIAL,TANDUR,Narsapur,3477479.3966286243,3933513.212344479
MANCHERIAL,NENNEL,Konampet,3467358.822178575,3967557.9131065574
MANCHERIAL,VEMANPALLY,Vemanpally,3466545.9904391104,3984192.124515199
MANCHERIAL,BELLAMPALLY,Budha Kalan (R),3468603.154746779,3947558.6036886047
MANCHERIAL,JANNARAM,Kalmadagu,3467065.3499057153,3891251.7312119952
MANCHERIAL,KANNEPALLY,Yellaram,3467627.2750810604,3955463.960286298
MANCHERIAL,BHEEMINI,Akkalapalle,3482096.537301151,3952638.229534383
MANCHERIAL,KOTAPALLI,Sirsa,3449612.2969073392,3994316.876762983
MANCHERIAL,KOTAPALLI,Lingannapet,3448123.874498306,3987135.5297955163
MANCHERIAL,MANDAMARRI,Kyathanpally (M),3448658.459229953,3944890.613014922
MANCHERIAL,MANDAMARRI,Ponnaram,3449697.3051242414,3952673.361829631
MANCHERIAL,CHENNUR,Sankaram,3448544.929622401,3973404.5683705434
MANCHERIAL,LUXETTIPET,Venkataraopet,3450269.4833601625,3916905.5989697557
MANCHERIAL,LUXETTIPET,Ellaram,3449903.976044023,3914712.022456911
MANCHERIAL,KOTAPALLI,Edula Bandam,3449556.6765814335,3990585.8628236908
MANCHERIAL,LUXETTIPET,Balraopet,3449682.2188557615,3924390.9504692955
MANCHERIAL,KOTAPALLI,Vesonvai,3449796.7973583383,3980543.357389318
MANCHERIAL,NENNEL,Chinavenkatapur,3451284.5927600474,3962405.7072745604
MANCHERIAL,CHENNUR,Buddaram,3448409.3734989525,3969060.521149478
MANCHERIAL,DANDEPALLI,Velganoor,3450465.4347661734,3909524.0622129585
MANCHERIAL,MANDAMARRI,Mamidighat,3450722.663517055,3956565.7492539613
MANCHERIAL,DANDEPALLI,Kasipet,3452107.673999938,3908503.680995931
MANCHERIAL,KOTAPALLI,Pullagaon,3452014.13968944,3992165.4866022547
MANCHERIAL,MANDAMARRI,Thimmapur (Part),3449770.9005206986,3941086.155098042
MANCHERIAL,NENNEL,Jhandavenkatapur,3452063.0190947587,3955452.3788353624
MANCHERIAL,MANDAMARRI,Chirrakunta,3452212.586947306,3951380.639958992
MANCHERIAL,MANDAMARRI,Sarangapalle,3450243.178656692,3948889.597765963
MANCHERIAL,LUXETTIPET,Challampet,3452605.484310414,3923887.661110038
MANCHERIAL,NENNEL,Pottiyal,3453007.6672798544,3962608.8997529144
MANCHERIAL,NENNEL,Avadam,3451945.744506911,3960161.0284510544
MANCHERIAL,NENNEL,Kothur,3452931.286109071,3966332.619230721
MANCHERIAL,HAJIPUR,Nagaram,3449671.88185662,3932900.4787653587
MANCHERIAL,DANDEPALLI,Karvichelma,3453339.7641110253,3917680.291538105
MANCHERIAL,KOTAPALLI,Nagampet,3452993.6228796244,3982871.3025203855
MANCHERIAL,KOTAPALLI,Yerraipet,3442944.244365129,3984780.132351532
MANCHERIAL,JAIPUR,Jaipur,3441896.0941711655,3958002.372173535
MANCHERIAL,CHENNUR,Chennur (M),3441252.4791182554,3978846.613031437
MANCHERIAL,BHEEMARAM,Vellapelly (D),3449599.0178129096,3963066.6219843877
MANCHERIAL,NENNEL,Khammampalle,3457046.5780914593,3960262.767797205
MANCHERIAL,NENNEL,Bhagirathipet,3452818.0374470665,3957406.468029094
MANCHERIAL,VEMANPALLY,Mamda,3461734.536424627,3979226.9794994197
MANCHERIAL,VEMANPALLY,Kyathanpally,3461783.8361963434,3983991.28889292
MANCHERIAL,VEMANPALLY,Neelwai,3460307.303793447,3981011.4268026813
MANCHERIAL,KASIPET,Kondapur,3462364.1370836534,3937171.4620484877
MANCHERIAL,NENNEL,Nandulapalle,3462575.878238186,3961341.672392499
MANCHERIAL,BELLAMPALLY,Perkapalle,3462265.8958526524,3953685.4541223277
MANCHERIAL,KOTAPALLI,Shetpalle,3454380.629696699,3975802.7073039087
MANCHERIAL,KOTAPALLI,Annaram,3446374.014859033,3993370.5686504873
MANCHERIAL,BHEEMARAM,Reddipalle,3447079.5500806933,3959474.3651576512
MANCHERIAL,LUXETTIPET,Kothur,3448424.69468933,3916756.858644482
MANCHERIAL,KOTAPALLI,Parpalle,3445309.78918131,3984699.2811386893
MANCHERIAL,MANDAMARRI,Lemur,3447943.8390211877,3954513.1501843734
MANCHERIAL,DANDEPALLI,Gudam,3447103.020082246,3913598.52911399
MANCHERIAL,KOTAPALLI,Pinnaram,3448122.615474857,3983306.0447792434
MANCHERIAL,DANDEPALLI,Nambal,3448351.369245147,3911548.241327471
MANCHERIAL,LUXETTIPET,Jendavenkatapur,3448869.8234645957,3922183.0644555474
MANCHERIAL,VEMANPALLY,Chamanpally,3465864.0656492687,3971414.7449730705
MANCHERIAL,JANNARAM,Singaraipet,3465577.8212578725,3908732.0108211786
MANCHERIAL,KASIPET,Peddapur,3463183.879394246,3932067.686982892
MANCHERIAL,JANNARAM,Puttiguda,3466264.1572146276,3898719.2587474333
MANCHERIAL,KOTAPALLI,Algaon,3454898.8063102895,3991966.9841548475
MANCHERIAL,NENNEL,Chittapur,3454919.909641727,3959011.0818921803
MANCHERIAL,DANDEPALLI,Narsapur,3454857.5064771674,3910417.4643227253
MANCHERIAL,KANNEPALLY,Kannepalle,3473399.1791514647,3967313.392095849
MANCHERIAL,KANNEPALLY,Shiknam,3475630.014976226,3960579.612612503
MANCHERIAL,KANNEPALLY,Nagapelli,3475199.2384899673,3974171.770428467
MANCHERIAL,KANNEPALLY,Veerapur,3470509.320572549,3961779.422679194
MANCHERIAL,DANDEPALLI,Dandepalle,3457520.0127261905,3913297.032882125
MANCHERIAL,TANDUR,Balhanpur,3477217.3109151274,3945992.3201018595
MANCHERIAL,BHEEMINI,Bitturpalle,3476547.2414550167,3956679.8700285214
MANCHERIAL,JANNARAM,Bommena,3467627.5362747703,3902285.120062291
MANCHERIAL,NENNEL,Kushenapalle,3468702.932126358,3969197.3561874707
MANCHERIAL,NENNEL,Gudipet,3454293.425556108,3953813.3648460084
MANCHERIAL,NENNEL,Singapur,3449184.894473338,3957806.2156765424
MANCHERIAL,KANNEPALLY,Babapur,3478203.7093321467,3962536.415945504
MANCHERIAL,TANDUR,Gampalpalle,3474526.3595584556,3948922.535257687
MANCHERIAL,JANNARAM,Indhanpalle,3474204.0875322814,3888149.4676737585
MANCHERIAL,TANDUR,Repallewada,3475869.6015738146,3940886.933500799
MANCHERIAL,MANDAMARRI,Andgulapet,3454635.677243612,3940896.228323962
MANCHERIAL,LUXETTIPET,Talamalla,3455312.0313684293,3924627.8747783066
MANCHERIAL,KOTAPALLI,Mallampet,3456159.0298177046,3977915.385392961
MANCHERIAL,DANDEPALLI,Peddapet,3456963.4311154764,3908339.3591692466
MANCHERIAL,DANDEPALLI,Medaripet,3457949.343426549,3910395.2942120302
MANCHERIAL,HAJIPUR,Gadhpur,3452290.9886983414,3936660.375793666
MANCHERIAL,NENNEL,Metpalle,3457442.5609332584,3955991.775580018
MANCHERIAL,VEMANPALLY,Racharla,3458059.497955395,3986630.7979391646
MANCHERIAL,KOTAPALLI,Venchapalle,3458486.156623265,3988864.7271969644
MANCHERIAL,KOTAPALLI,Brahmanpalle,3459001.0722602312,3976421.1937278137
MANCHERIAL,KASIPET,Peddampalle (R),3461491.38885025,3944207.959952843
MANCHERIAL,KASIPET,Gatrapalle,3460462.253158154,3928097.1478567966
MANCHERIAL,VEMANPALLY,Kalmalpet (UI),3462834.0092562195,3985176.098996583
MANCHERIAL,BELLAMPALLY,Batwanpalle,3462020.592208156,3952448.599662053
MANCHERIAL,JANNARAM,Raindlaguda,3466903.7430511084,3897903.911312967
MANCHERIAL,BELLAMPALLY,Dugnepalle,3463229.4577593044,3955178.561047576
MANCHERIAL,VEMANPALLY,Baddampally,3463117.1464754995,3973815.0055282647
MANCHERIAL,JANNARAM,Papammaguda,3465888.9337904556,3901153.0871210475
MANCHERIAL,BELLAMPALLY,Gurjal (R) @ Talla Gurjal,3464279.6695004534,3950628.701544214
MANCHERIAL,DANDEPALLI,Mamidipalle,3462504.7156172697,3914750.6038074745
MANCHERIAL,NENNEL,Manneguda,3464893.647069929,3965196.5379598397
MANCHERIAL,JANNARAM,Ponakal,3468577.5412956746,3897539.032664459
MANCHERIAL,TANDUR,Rampur,3469894.9076762223,3946760.5931577384
MANCHERIAL,JANNARAM,Chintaguda,3466446.2667808468,3905705.089857614
MANCHERIAL,KANNEPALLY,Rebbena,3468860.880358205,3964613.857575808
MANCHERIAL,VEMANPALLY,Gorlapally,3464443.4413537653,3982482.032839375
MANCHERIAL,KASIPET,Varipet,3464194.9524339866,3941326.534459827
MANCHERIAL,NENNEL,Nennal,3464304.5332378065,3959412.446723479
MANCHERIAL,BELLAMPALLY,Rangapet,3465611.672402763,3954520.8345132414
MANCHERIAL,JANNARAM,Thimmapur,3462235.9585378193,3905165.0402583797
MANCHERIAL,BHEEMINI,Veegaon,3473069.8249682323,3961698.771007828
MANCHERIAL,BELLAMPALLY,Kannal (R),3465203.887942341,3944567.555220618
MANCHERIAL,KASIPET,Sonapur,3465723.094971456,3927722.1704291995
MANCHERIAL,KANNEPALLY,Jajjarvelly,3467340.329661626,3959363.5774145373
MANCHERIAL,BHEEMINI,Dampur,3474460.592999338,3956625.3484823857
MANCHERIAL,TANDUR,Dwarakapur,3470657.526629087,3944959.848057854
MANCHERIAL,TANDUR,Kistampet,3470336.5479958174,3943204.5770676574
MANCHERIAL,VEMANPALLY,Buyyaram,3470525.931735538,3969746.6082020462
MANCHERIAL,JANNARAM,Marriguda,3470419.295666308,3892266.563699997
MANCHERIAL,JANNARAM,Murimadugu,3470570.958682171,3890052.394428512
MANCHERIAL,TANDUR,Kasipet,3471664.159752303,3944922.0742018647
MANCHERIAL,JANNARAM,Juvviguda,3470856.747757263,3898312.02695934
MANCHERIAL,VEMANPALLY,Jilleda,3471089.6127415556,3971628.700548844
MANCHERIAL,JANNARAM,Narsingapur,3470182.631881434,3885926.8899951433
MANCHERIAL,TANDUR,Chandrapalle,3472352.2767385403,3946797.4187041232
MANCHERIAL,KANNEPALLY,Tekulapalle,3471895.2277725902,3957065.8390839254
MANCHERIAL,KASIPET,Venkatapur,3469278.5405098167,3931182.4271377795
MANCHERIAL,VEMANPALLY,Nagaram,3470985.766989611,3977083.229518363
MANCHERIAL,KANNEPALLY,Muthapur,3471677.0217027958,3968323.883905847
MANCHERIAL,VEMANPALLY,Rajaram,3471607.586688443,3980961.7638653596
MANCHERIAL,VEMANPALLY,Jakkepally,3472731.4807104515,3972750.549508143
MANCHERIAL,JANNARAM,Malyal,3470247.3533737673,3906460.9966676435
MANCHERIAL,KANNEPALLY,Gollaghat,3472785.4242735817,3963789.3271132554
MANCHERIAL,VEMANPALLY,Mukkidigudem,3472798.711250945,3988889.0367650003
MANCHERIAL,VEMANPALLY,Kallampally,3473335.576858034,3991108.1795504685
MANCHERIAL,VEMANPALLY,Suraram,3470091.4670210993,3974635.060452647
MANCHERIAL,JANNARAM,Jannaram,3470783.8534939205,3896436.924309354
MANCHERIAL,TANDUR,Gopalnagar,3473406.0916929683,3945490.3981364234
MANCHERIAL,JANNARAM,Dongapalle,3474252.6571020395,3901756.3668959513
MANCHERIAL,VEMANPALLY,Jajulpet,3473386.9036589167,3986462.103791633
MANCHERIAL,TANDUR,Kothapalle,3474354.4867900377,3941405.788126515
MANCHERIAL,JANNARAM,Kishtapur,3473534.039309386,3895418.616238299
MANCHERIAL,KANNEPALLY,Ankannapet (D),3471603.163926605,3964563.3484881083
MANCHERIAL,VEMANPALLY,Maddulapally (UI),3470409.3704302544,3980383.0191029105
MANCHERIAL,BHEEMINI,Keslapur,3484140.2125011184,3957907.4590833643
MANCHERIAL,KANNEPALLY,Lingala,3474538.5352572957,3976305.502658808
MANCHERIAL,KANNEPALLY,Metpalle,3475485.2018381385,3971296.391127694
MANCHERIAL,KANNEPALLY,Surjapur,3477525.282974733,3964889.829660301
MANCHERIAL,NENNEL,Bhadrapur,3457837.710616454,3964045.3231291845
MANCHERIAL,NENNEL,Mankapur,3457510.0881987275,3966566.5563589493
MANCHERIAL,VEMANPALLY,Badvelli (UI),3459102.485045505,3983132.629876076
MANCHERIAL,NENNEL,Sitanagar,3459581.1544155804,3958325.3348915977
MANCHERIAL,VEMANPALLY,Dasnapur,3467110.8344816556,3979469.934434519
MANCHERIAL,KOTAPALLI,Adkapalle,3458361.185516211,3977629.554218434
MANCHERIAL,KANNEPALLY,Mothkupalli (D),3473709.784627222,3964882.759418712
MANCHERIAL,TANDUR,Madnapur,3473740.353820373,3933656.8139421404
MANCHERIAL,BHEEMINI,Ramaraopet (D),3475324.582392222,3959087.0909682903
MANCHERIAL,KANNEPALLY,Lingapur,3475423.711591906,3966587.31182502
MANCHERIAL,KANNEPALLY,Madavelli,3477226.513550888,3967243.372926331
MANCHERIAL,TANDUR,Annaram,3477448.427240814,3952255.4704735954
MANCHERIAL,TANDUR,Pegadapalle,3477644.047112851,3938299.3039211766
MANCHERIAL,BHEEMINI,Peddapeta,3479030.7981951954,3959311.951042814
MANCHERIAL,BHEEMINI,Pedda Thimmapur,3479736.6690740427,3966039.738384855
MANCHERIAL,BHEEMINI,Peddagudipet,3479828.2795178173,3963324.1826797905
MANCHERIAL,JANNARAM,Kawal,3478407.467146895,3894628.4353502784
MANCHERIAL,BHEEMINI,Laxmipur,3480896.9092607303,3955322.376453451
MANCHERIAL,HAJIPUR,Kondepally,3437606.3063002652,3927701.706982708
MANCHERIAL,JAIPUR,Gangipalle,3437010.409902108,3959108.302950935
MANCHERIAL,HAJIPUR,Chandanapur,3438050.681856704,3932661.822794754
MANCHERIAL,CHENNUR,Kathersala,3437995.563402404,3978126.164742291
MANCHERIAL,BHEEMARAM,Maddikal,3435276.4161784756,3968515.576177903
MANCHERIAL,CHENNUR,Lingampalle,3438823.602274512,3971403.4381235037
MANCHERIAL,HAJIPUR,Rapalle,3438085.085094667,3929930.306792751
MANCHERIAL,BHEEMARAM,Ankushapur,3438110.878574064,3965989.099295499
MANCHERIAL,LUXETTIPET,Mittapally,3440874.6360815754,3924999.1470848275
MANCHERIAL,HAJIPUR,Narsingapur,3440777.0892961626,3930551.950604165
MANCHERIAL,VEMANPALLY,Gudepalli (UI),3464366.2735946183,3977896.2315489296
MANCHERIAL,BHEEMINI,Pothepalli (D),3477301.732938497,3953927.013467525
MANCHERIAL,BHEEMINI,Kamalapur (D),3478753.1657631416,3953852.688005265
MANCHERIAL,JAIPUR,Maddikunta,3441449.731447397,3952879.2958769393
MANCHERIAL,KOTAPALLI,Kollur,3440045.7280735658,3987086.3760525393
MANCHERIAL,KASIPET,Kankalapur,3463360.628095464,3940179.270673062
MANCHERIAL,VEMANPALLY,Bommena,3466664.5786382766,3975034.317515536
MANCHERIAL,LUXETTIPET,Rangapet,3450921.8328840653,3920874.5129453084
MANCHERIAL,KOTAPALLI,Sarvaipet,3451371.1442156183,3979964.6426187633
MANCHERIAL,DANDEPALLI,Jaidapet,3450797.861372115,3911997.904374172
MANCHERIAL,KASIPET,Kurreghad,3458414.045150588,3924378.807155021
MANCHERIAL,NENNEL,Dammireddipet,3459645.5999054033,3968610.6959997243
MANCHERIAL,HAJIPUR,Kothapally,3442647.829281249,3938175.1978250346
MANCHERIAL,KOTAPALLI,Dewalwada,3440125.519548799,3991224.4876329084
MANCHERIAL,KOTAPALLI,Ayepalle,3453670.262607388,3990500.0183721757
MANCHERIAL,KOTAPALLI,Chintakunta,3450647.0281211273,3984290.529063876
MANCHERIAL,DANDEPALLI,Andugulpet,3452607.548773959,3911186.47626827
MANCHERIAL,CHENNUR,Khambojipet,3441653.346348979,3971191.126562685
MANCHERIAL,KOTAPALLI,Arjungutta,3443052.874141763,3994678.39177642
MANCHERIAL,KOTAPALLI,Supak,3460285.929957954,3991989.6386907045
MANCHERIAL,KASIPET,Devapur (CT),3458542.397813525,3933336.3706207345
MANCHERIAL,KOTAPALLI,Nakkalpalle,3459454.898960019,3973259.5989088253
MANCHERIAL,HAJIPUR,Ryali,3452225.746656654,3929402.1494143126
MANCHERIAL,NENNEL,Ghanpur,3461176.5918373144,3960789.623619131
MANCHERIAL,BELLAMPALLY,Akenipalle,3458928.0951281777,3949953.429444011
MANCHERIAL,NENNEL,Mailaram,3460583.095137842,3963661.9763436452
MANCHERIAL,KANNEPALLY,Dampur,3469255.6538433773,3958999.9341508816
MANCHERIAL,BHEEMINI,Bhimini,3478476.158965871,3956074.5113895196
MANCHERIAL,BHEEMINI,Karjibheempur,3484247.199587721,3952966.2253415044
MANCHERIAL,BHEEMINI,Venkatapur,3475719.1193447653,3963751.3400562424
MANCHERIAL,NENNEL,Kharji,3462073.780828659,3966300.7418061844
MANCHERIAL,KASIPET,Tirmalapur,3469670.01290482,3934610.6784438575
MANCHERIAL,TANDUR,Ankepalle,3472605.27450415,3940675.8886472997
MANCHERIAL,JANNARAM,Kamanpalle,3472562.4992744317,3893191.515023085
MANCHERIAL,KANNEPALLY,Polampalle,3473353.2706337934,3959768.9009775617
MANCHERIAL,VEMANPALLY,Sumptam,3471984.7522872165,3984709.914127582
MANCHERIAL,TANDUR,Achalapur,3473264.1141477274,3952031.4244181425
MANCHERIAL,TANDUR,Katherla,3468393.924072719,3946000.472047309
MANCHERIAL,JANNARAM,Paidpalle,3468666.2075464553,3899943.767801206
MANCHERIAL,TANDUR,Boyapalle,3469111.9504669067,3944740.3659788626
MANCHERIAL,KASIPET,Malkepalle,3464081.835242695,3935355.242640122
MANCHERIAL,KASIPET,Konur,3465637.9234372787,3939556.9143170486
MANCHERIAL,KASIPET,Dharmaraopet,3466105.7002277994,3937790.356693171
MANCHERIAL,BHEEMINI,Rajaram,3479437.7525952766,3961312.014001558
MANCHERIAL,JANNARAM,Venkatapur,3470248.7082574805,3888083.0163502498
MANCHERIAL,DANDEPALLI,Dharmaraopet,3454941.9282533433,3908121.6974232406
MANCHERIAL,DANDEPALLI,Dwaraka,3454441.8984543285,3906974.721859827
MANCHERIAL,DANDEPALLI,Kondapur,3453459.9456520593,3908277.073812451
MANCHERIAL,DANDEPALLI,Nagasamudram,3464184.663615349,3911622.2359308954
MANCHERIAL,DANDEPALLI,Tallapet,3463485.479447376,3908694.1239993055
MANCHERIAL,DANDEPALLI,Gurrevu,3458962.0469181226,3906377.580060623
MANCHERIAL,DANDEPALLI,Allipur,3460359.0499857734,3908084.367380038
MANCHERIAL,DANDEPALLI,Bikkanguda,3457285.4846859565,3906674.03877238
MANCHERIAL,DANDEPALLI,Laxmikantapur,3455391.018901478,3906651.0852958653
MANCHERIAL,DANDEPALLI,Kundelapahad,3456252.4025054183,3919092.985046798
MANCHERIAL,DANDEPALLI,Chintapalle,3454211.412417989,3915144.035286307
MANCHERIAL,DANDEPALLI,Tanimadugu,3458363.2268851213,3916440.956425914
MANCHERIAL,DANDEPALLI,Rebbenpalle,3451638.075341528,3913359.0663486454
MANCHERIAL,DANDEPALLI,Mutyampet,3452007.9413560154,3915014.5630257498
MANCHERIAL,LUXETTIPET,Laxmipur,3445796.5549169006,3923299.9523119307
MANCHERIAL,DANDEPALLI,Makulpet,3461888.5024052113,3908673.203613098
MANCHERIAL,KASIPET,Rottepalle,3466270.1954699466,3934159.971497105
MANCHERIAL,JAIPUR,Kachanpelly (D),3433670.4175292286,3949574.84801799
MANCHERIAL,KANNEPALLY,Chinthapudi,3476276.8953313394,3976690.4617839153
JANGOAN,JANGAON,Gangupahad,3325696.645184578,3910303.73325817
JANGOAN,BACHANNAPET,Itikyalapalle,3326536.507274106,3895695.0696241427
JANGOAN,ZAFARGARH,Konaichelam,3327054.6007689373,3945083.926375308
JANGOAN,BACHANNAPET,Basireddipalle,3327470.585466167,3902291.483017493
JANGOAN,JANGAON,Marigadi,3324222.8468863103,3912980.74229884
JANGOAN,ZAFARGARH,Theegaram,3325048.0131513723,3939504.9069681503
JANGOAN,BACHANNAPET,Dubbaguntapalle,3326219.467858542,3890819.3617341085
JANGOAN,NARMETTA,Hanmanthapur,3331006.569569243,3912702.389881315
JANGOAN,GHANPUR(STATION),Kothapalli,3331272.0187064647,3928884.944080253
JANGOAN,CHILPUR,Lingampalli,3340763.023066325,3921935.4118129336
JANGOAN,BACHANNAPET,Pullaguda,3328116.2170835882,3889840.5646368205
JANGOAN,BACHANNAPET,Gangapur,3329489.277446893,3894481.416728508
JANGOAN,PALAKURTHY,Vavilala,3305289.543974424,3949524.8618954187
JANGOAN,GHANPUR(STATION),Vishwanathpur,3327453.5988004883,3934485.0581936496
JANGOAN,GHANPUR(STATION),Pamunuru,3332621.150353903,3938555.1743240044
JANGOAN,DEVARUPPULA,Dharamapur,3302282.591808483,3935573.0962295798
JANGOAN,PALAKURTHY,Mailaram,3304867.010180995,3936536.0839983667
JANGOAN,PALAKURTHY,Chennur,3303016.606983405,3939184.366694683
JANGOAN,LINGALAGHANPUR,Jeedikal,3303695.5214809515,3912646.417895679
JANGOAN,RAGUNATHPALLY,Kannaipalle,3315176.343486327,3927482.3586505787
JANGOAN,PALAKURTHY,Kothalabad,3316348.6752499472,3932965.7841359745
JANGOAN,BACHANNAPET,Nagireddipalle,3331477.154009553,3892497.1962243156
JANGOAN,BACHANNAPET,Kesireddipalle,3331419.4670933266,3904614.591101113
JANGOAN,KODAKANDLA,Mondrai,3294837.887664871,3937968.82030191
JANGOAN,DEVARUPPULA,Gollapalle,3295787.984576736,3934062.318543257
JANGOAN,KODAKANDLA,Pakala,3299027.5215503243,3944036.831783984
JANGOAN,KODAKANDLA,Narsingapur,3299133.220521405,3947906.6970163872
JANGOAN,RAGUNATHPALLY,Fatheshapur,3321251.9620622126,3916918.0083017414
JANGOAN,RAGUNATHPALLY,Raghunathpalle,3321418.6223607445,3923010.4259270015
JANGOAN,THARIGOPPULA,Akkerajepalle,3339422.838730077,3912042.3079267247
JANGOAN,THARIGOPPULA,Bonthagattunagaram,3345765.5921211876,3916913.450690323
JANGOAN,BACHANNAPET,Pochannapet,3320877.6307753017,3898433.7773502725
JANGOAN,GHANPUR(STATION),Ippagudem,3320959.1750498204,3933948.8639974995
JANGOAN,RAGUNATHPALLY,Veldi,3324249.280093365,3922415.346825065
JANGOAN,RAGUNATHPALLY,Komalla,3323790.8952625534,3926427.5637331097
JANGOAN,DEVARUPPULA,Manpahad,3295456.9855999053,3935393.2986363345
JANGOAN,KODAKANDLA,Kodakandla,3295501.0283903955,3947849.05230375
JANGOAN,KODAKANDLA,Rangapur,3297904.170469749,3950096.942044691
JANGOAN,KODAKANDLA,Ramavaram,3296787.5695980918,3941965.5812443607
JANGOAN,DEVARUPPULA,Neermiala,3301625.7674686024,3921684.5815464836
JANGOAN,DEVARUPPULA,Ramrajpalle,3302560.8294523456,3919455.442456581
JANGOAN,PALAKURTHY,Dardepalle,3310007.0288989767,3943933.9598863907
JANGOAN,PALAKURTHY,Ayyangaripalle,3312223.964489762,3936322.067929183
JANGOAN,RAGUNATHPALLY,Bhanjipeta,3317544.9366103513,3925303.4823655738
JANGOAN,RAGUNATHPALLY,Nidigonda,3318074.0141450856,3918940.0306661045
JANGOAN,JANGAON,Shamirpet (Part),3318842.860476064,3908866.5558234523
JANGOAN,KODAKANDLA,Lakshmakkapalle,3299166.296615402,3938021.335876075
JANGOAN,KODAKANDLA,Edunuthala,3301163.5298435045,3947164.216445715
JANGOAN,PALAKURTHY,Manchuppula,3301344.611697236,3942545.3995938445
JANGOAN,DEVARUPPULA,Devaruppula,3298214.4595205113,3932675.2453494333
JANGOAN,DEVARUPPULA,Madoorkalan,3302618.998494762,3926862.7007968775
JANGOAN,DEVARUPPULA,Singarajpalle,3303406.521111831,3923072.316269247
JANGOAN,DEVARUPPULA,Kadavendi,3301721.763658388,3930832.393742373
JANGOAN,PALAKURTHY,Mutharam,3304105.645434254,3945561.3393800943
JANGOAN,PALAKURTHY,Valmidi,3305787.680765106,3942530.1102196667
JANGOAN,LINGALAGHANPUR,Gummadavelli,3305885.3438493023,3914697.415751151
JANGOAN,PALAKURTHY,Theegaram,3306113.6960184863,3939991.097971463
JANGOAN,LINGALAGHANPUR,Vanaparthy,3306204.3070834954,3920197.5705402605
JANGOAN,DEVARUPPULA,Madhapuram,3306736.9440612085,3932968.428894725
JANGOAN,LINGALAGHANPUR,Siripuram,3308532.9033520557,3910875.4589649416
JANGOAN,DEVARUPPULA,Chowdur,3308226.366778646,3929366.17800197
JANGOAN,PALAKURTHY,Visnoor,3307776.7813287443,3936994.4386512735
JANGOAN,LINGALAGHANPUR,Kothapalle,3308480.908763038,3918277.8432007786
JANGOAN,LINGALAGHANPUR,Nyalapogula,3308018.023602554,3923667.9435704737
JANGOAN,PALAKURTHY,Mallampalle,3308789.637062335,3947766.950327008
JANGOAN,PALAKURTHY,Lakshminarayana Puram,3310044.3800752596,3937934.5345749394
JANGOAN,DEVARUPPULA,Madoorkhurd,3307001.0620910823,3926876.7802304723
JANGOAN,PALAKURTHY,Shatapuram,3310162.440958065,3933001.0339068803
JANGOAN,PALAKURTHY,Palakurthi,3310721.2344688172,3940227.167459629
JANGOAN,DEVARUPPULA,Kolkonda,3310714.708794685,3930387.0247140303
JANGOAN,PALAKURTHY,Thorrur,3311036.740657182,3935170.772599101
JANGOAN,LINGALAGHANPUR,Waddicherla,3311022.9631981766,3919390.971152338
JANGOAN,LINGALAGHANPUR,Lingalaghanpur,3310484.41744811,3915184.252714801
JANGOAN,LINGALAGHANPUR,Cheeturu,3312088.473595659,3927006.3977587204
JANGOAN,LINGALAGHANPUR,Kallem,3311357.025730341,3910968.307697649
JANGOAN,LINGALAGHANPUR,Nagaram,3313659.386937495,3913301.3196279327
JANGOAN,PALAKURTHY,Kondapuram,3313629.0917596696,3944939.625133708
JANGOAN,JANGAON,Pembarthy,3313500.2434478123,3907904.2740949485
JANGOAN,RAGUNATHPALLY,Koduru,3313851.4771023747,3930232.402229615
JANGOAN,LINGALAGHANPUR,Kundaram,3312705.363519403,3922735.3072742233
JANGOAN,PALAKURTHY,Thirmalagiri,3315651.2078118753,3936171.2394759115
JANGOAN,PALAKURTHY,Bommera,3314263.1086948314,3940126.4372078236
JANGOAN,PALAKURTHY,Iravennu,3314116.9074806706,3934137.5960508445
JANGOAN,LINGALAGHANPUR,Nellutla,3314978.756553623,3916393.304979569
JANGOAN,RAGUNATHPALLY,Gabbeta,3316526.2171597765,3929956.779782554
JANGOAN,JANGAON,Yellamla,3315915.9039322804,3907620.2775626704
JANGOAN,JANGAON,Siddenki,3316612.2589649265,3905076.833165299
JANGOAN,JANGAON,Chowdarpalle,3317454.625823906,3903777.1757494514
JANGOAN,LINGALAGHANPUR,Chinnarajpet,3307501.8405863135,3912299.2218387816
JANGOAN,JANGAON,Jangaon (M),3316859.2985958746,3911833.7495810753
JANGOAN,JANGAON,Yeswanthapur (Part),3318220.2531400467,3915933.748194271
JANGOAN,ZAFARGARH,Obulapur,3317124.344413786,3945618.295879339
JANGOAN,ZAFARGARH,Guduru,3317605.3988125897,3942808.2202196163
JANGOAN,JANGAON,Peddaramancherla,3318707.0283067315,3902326.2430342394
JANGOAN,ZAFARGARH,Shapalle Thammadapalle (G),3319556.1593864644,3941389.1931038634
JANGOAN,PALAKURTHY,Gudur,3317996.2059766236,3938499.734221662
JANGOAN,JANGAON,Pasarmadla,3319474.0674632806,3905899.5069581685
JANGOAN,ZAFARGARH,Aliyabad,3320933.707468772,3946147.6102204607
JANGOAN,RAGUNATHPALLY,Srimannarayanapur,3317996.448798989,3921400.4064115915
JANGOAN,ZAFARGARH,Thimmapur,3320162.22706612,3943858.506513064
JANGOAN,JANGAON,Cheetakodur (Part),3320039.567388676,3913048.655213644
JANGOAN,RAGUNATHPALLY,Kanchanpalle,3319892.2764864895,3928659.41451569
JANGOAN,JANGAON,Oblakeshvapur,3321212.0759627786,3903875.81572433
JANGOAN,JANGAON,Chowdaram,3320811.6252132617,3914868.7016707496
JANGOAN,BACHANNAPET,Narayanapur,3320674.7672587205,3896127.4535551835
JANGOAN,ZAFARGARH,Suraram,3321666.190307375,3940630.3968008473
JANGOAN,JANGAON,Wadlakonda,3321846.617605261,3909619.0319232633
JANGOAN,RAGUNATHPALLY,Ibrahimpur,3322403.4902975927,3917940.997372928
JANGOAN,BACHANNAPET,Chinnaramancherla,3322686.440380303,3900278.498840047
JANGOAN,CHILPUR,Venkatadripet,3340415.498132096,3929403.886972883
JANGOAN,THARIGOPPULA,Solipuram,3342309.902674043,3910729.1123250434
JANGOAN,THARIGOPPULA,Tharigoppula,3341408.5839181626,3914495.3958364036
JANGOAN,GHANPUR(STATION),Samudrala,3322018.0804214836,3937436.957743734
JANGOAN,RAGUNATHPALLY,Madharam,3323087.6233925386,3919058.8994835443
JANGOAN,BACHANNAPET,Tammadapalle,3323909.813029707,3903165.3362759454
JANGOAN,ZAFARGARH,Sagaram,3324719.2791150687,3947616.182815591
JANGOAN,ZAFARGARH,Zaffergadh,3323237.6337497253,3944726.216445331
JANGOAN,GHANPUR(STATION),Thanadarpalli,3325777.0896119284,3936415.7763132975
JANGOAN,RAGUNATHPALLY,Kurchapalle,3324618.5056395982,3931563.672197904
JANGOAN,ZAFARGARH,Thidugu,3326623.3672637907,3947894.545995613
JANGOAN,JANGAON,Peddapahad,3324238.06380681,3906006.5982036875
JANGOAN,RAGUNATHPALLY,Govardhanagiri,3325427.751217992,3927893.6600324307
JANGOAN,JANGAON,Venkriyala,3327225.3455670215,3907965.921189145
JANGOAN,GHANPUR(STATION),Raghavapur,3327298.0696508796,3929928.8582377867
JANGOAN,ZAFARGARH,Thimmampet,3327397.6243950105,3941150.477116321
JANGOAN,JANGAON,Goparajpalle,3326878.03415494,3904281.327376835
JANGOAN,BACHANNAPET,Lingampalle,3327952.672457428,3887584.9644634286
JANGOAN,BACHANNAPET,Ramachandrapur,3327265.2511077733,3893520.8275495633
JANGOAN,BACHANNAPET,Salvapur,3327967.6622042498,3883189.8180797305
JANGOAN,RAGUNATHPALLY,Quileshapur,3327452.315203682,3918980.350900544
JANGOAN,RAGUNATHPALLY,Mekalagattu,3330427.0500709265,3916674.195490599
JANGOAN,BACHANNAPET,Lakshmapur,3330966.950982528,3902316.286368875
JANGOAN,NARMETTA,Malakpet,3331749.997452082,3914668.1863375977
JANGOAN,NARMETTA,Bommakur,3331696.9636731083,3910001.279998215
JANGOAN,ZAFARGARH,Kunoor Thamadapalle (I),3330701.648339735,3946160.2990048467
JANGOAN,BACHANNAPET,Bandanagaram,3333021.69852862,3902171.7266760482
JANGOAN,BACHANNAPET,Katkoor,3332374.9167485377,3898050.450938968
JANGOAN,ZAFARGARH,Uppugal,3331594.7392305657,3941744.3221781985
JANGOAN,GHANPUR(STATION),Ghanpur (Stn),3332325.3317877497,3934398.823388048
JANGOAN,BACHANNAPET,Padamati Keshavapur,3331874.523179217,3888934.594487067
JANGOAN,ZAFARGARH,Raghunathpalle,3333781.2696559415,3945520.454564201
JANGOAN,NARMETTA,Machupahad,3333337.267737326,3919109.547376079
JANGOAN,GHANPUR(STATION),Thatikonda,3332991.2195231807,3924352.406816849
JANGOAN,NARMETTA,Veldanda,3332513.7425941788,3907480.248890316
JANGOAN,CHILPUR,Pallagutta,3334432.124724634,3930127.8261820674
JANGOAN,CHILPUR,Chinnapendyala,3335478.2227342585,3937736.36280404
JANGOAN,JANGAON,Yerragollapahad,3327998.687093727,3913324.2205522517
JANGOAN,BACHANNAPET,Konne,3328675.2476859093,3891612.554860965
JANGOAN,GHANPUR(STATION),Meedigonda,3328909.5812615296,3927827.2605535095
JANGOAN,ZAFARGARH,Ippagudem,3328915.489307279,3943727.2520687827
JANGOAN,BACHANNAPET,Bachannapet,3326225.5562667227,3899785.910772177
JANGOAN,RAGUNATHPALLY,Ashwaraopalle,3326768.5007924554,3924167.271443979
JANGOAN,JANGAON,Adavikeshvapur,3329264.4795493647,3910246.7294999976
JANGOAN,BACHANNAPET,Mansanpalle,3329526.348847706,3885094.413025505
JANGOAN,GHANPUR(STATION),Namilakonda,3328594.498654042,3937672.4521827595
JANGOAN,BACHANNAPET,Alimpur,3329560.647359645,3896946.750175876
JANGOAN,GHANPUR(STATION),Chagal,3329141.9251081753,3931954.7588426815
JANGOAN,BACHANNAPET,Kodavatoor,3329402.6422578506,3901424.46832629
JANGOAN,GHANPUR(STATION),Shivunipalli (CT),3330245.760358073,3935468.8535240064
JANGOAN,THARIGOPPULA,Narsapur,3339442.8827484,3916082.759587654
JANGOAN,THARIGOPPULA,Abdulnagaram,3339569.4953823523,3918595.3241142137
JANGOAN,CHILPUR,Krishnajigudem,3335898.7693890673,3926026.638683428
JANGOAN,CHILPUR,Nashkal,3335800.2569761504,3941028.850755765
JANGOAN,NARMETTA,Gandiramaram,3336832.179345557,3918149.649782534
JANGOAN,NARMETTA,Narmetta,3335202.474710513,3913120.8103557522
JANGOAN,CHILPUR,Fathepur,3337198.942263821,3922286.055863547
JANGOAN,CHILPUR,Rajavaram,3336440.586602773,3933526.9949390646
JANGOAN,CHILPUR,Chilpur,3338166.7756095952,3928313.7750698286
JANGOAN,NARMETTA,Ammapur,3337999.4710824983,3908601.9760131408
JANGOAN,THARIGOPPULA,Potharam,3339934.5775441853,3909480.455119378
JANGOAN,CHILPUR,Malkapur,3340404.944636456,3925557.2892832328
JANGOAN,CHILPUR,Sreepathipalli,3343130.0186735936,3919007.1072669346
JANGOAN,CHILPUR,Kondapur,3344592.170993067,3921604.3802903476
JANGOAN,THARIGOPPULA,Ankushapuram,3345012.9206980425,3912751.5901145632
JANGOAN,KODAKANDLA,Regula,3305357.1682181433,3952753.8504753136
YADADRI BHUVANAGIRI,GUNDALA,Bandakothapalle,3294571.8861711924,3932006.06393511
YADADRI BHUVANAGIRI,GUNDALA,Vangala,3289838.17468505,3927213.8184143305
YADADRI BHUVANAGIRI,GUNDALA,Masanpalle,3297219.975120126,3923441.2251417497
YADADRI BHUVANAGIRI,GUNDALA,Suddala,3296945.4892165703,3915804.5020716023
YADADRI BHUVANAGIRI,GUNDALA,Gangapur,3297983.918787077,3926315.227536896
YADADRI BHUVANAGIRI,GUNDALA,Anantaram,3299950.908095721,3914700.2268732674
YADADRI BHUVANAGIRI,GUNDALA,Velmajala,3302727.3838943318,3916957.232592727
YADADRI BHUVANAGIRI,GUNDALA,Vastha Kondur,3292471.6819975018,3931837.3762853267
YADADRI BHUVANAGIRI,GUNDALA,Brahmanpalle,3297950.7531723217,3918167.400791949
YADADRI BHUVANAGIRI,GUNDALA,Ambala,3291752.7224676847,3921466.2349456972
YADADRI BHUVANAGIRI,GUNDALA,Turkala Shapur,3291573.239638249,3927943.138757856
YADADRI BHUVANAGIRI,GUNDALA,Pedda Padishala,3290093.3174392385,3930122.747769636
YADADRI BHUVANAGIRI,GUNDALA,Gundala,3294669.191978927,3926959.1476225248
YADADRI BHUVANAGIRI,GUNDALA,Seetarampur,3298075.9942439036,3920701.966102435
YADADRI BHUVANAGIRI,GUNDALA,Ramaram,3294687.4320401824,3922096.998553195
YADADRI BHUVANAGIRI,GUNDALA,Marpadaga,3299557.033558529,3924107.272472299
RANGA REDDY,FAROOQNAGAR,Gundlakunta,3245920.4524713806,3810553.164933648
RANGA REDDY,MADGUL,Anneboinpalle,3223490.707208763,3870135.0700391345
RANGA REDDY,KESHAMPETA,Lingamdana,3224594.8990330463,3824256.5932222493
RANGA REDDY,KESHAMPETA,Bodanampalle,3231747.513035166,3827608.5958763724
RANGA REDDY,KONDURG,Govindapur (U I),3245383.164214822,3793276.119189262
RANGA REDDY,FAROOQNAGAR,Shadnagar (M),3247103.6869580615,3810725.526044748
RANGA REDDY,THALAKONDAPALLY,Rampur,3222873.27212654,3833047.6518397406
RANGA REDDY,THALAKONDAPALLY,Julapalle,3224143.971668364,3826686.9136486575
RANGA REDDY,FAROOQNAGAR,Burgul,3236086.4625309287,3812142.0665221135
RANGA REDDY,KESHAMPETA,Vemulanarva,3237345.4324621325,3822649.6037038285
RANGA REDDY,AMANGAL,Konapur,3227721.8411794887,3847565.14982408
RANGA REDDY,MADGUL,Madgul,3223833.5862993547,3863406.858688317
RANGA REDDY,KONDURG,Parvathapur,3247072.450906775,3796792.060443051
RANGA REDDY,FAROOQNAGAR,Chattanpalle (Part),3246543.7080482906,3813605.7227863246
RANGA REDDY,KOTHUR,Seriguda (Bhadrai Palle),3247518.180660541,3825987.7287548706
RANGA REDDY,KESHAMPETA,Chowlapalle (East),3234087.4382802043,3830410.420201959
RANGA REDDY,KOTHUR,Siddapur,3245550.5095838625,3825386.8585468936
RANGA REDDY,KOTHUR,Inmulnarva,3247839.7477821913,3821554.7439367627
RANGA REDDY,MADGUL,Nagilla,3228638.8220370826,3859057.868038996
RANGA REDDY,KADTHAL,Salarpur,3231376.0791099723,3837910.4573376686
RANGA REDDY,MADGUL,Appareddipalle,3226866.845450328,3861026.4910648824
RANGA REDDY,KADTHAL,Vasudevapur,3230748.7646968407,3842836.5111019327
RANGA REDDY,MADGUL,Andugul,3213906.56625756,3870475.2984735845
RANGA REDDY,FAROOQNAGAR,Gantlavelli,3239887.7637676676,3814716.7273053653
RANGA REDDY,KESHAMPETA,Papireddiguda,3240009.922699412,3818180.5769288456
RANGA REDDY,FAROOQNAGAR,Kamsanpalle,3240099.908516643,3802088.196865747
RANGA REDDY,FAROOQNAGAR,Dooskal,3246718.137739231,3817104.151933202
RANGA REDDY,FAROOQNAGAR,Kandivanam,3246183.1492211577,3800284.667760598
RANGA REDDY,FAROOQNAGAR,Elkatta,3248278.1247193427,3806639.5379006984
RANGA REDDY,NANDIGAMA,Edulapalle,3253054.045055402,3810974.420158745
RANGA REDDY,KOTHUR,Theegapur,3256495.5416104035,3818196.281193514
RANGA REDDY,NANDIGAMA,Mamidipalle,3256268.0796839236,3810753.9192327107
RANGA REDDY,NANDIGAMA,Nandigam,3251140.4155016947,3818088.7992702494
RANGA REDDY,JILLED CHOWDERGUDEM,Tummalapalle,3254646.8781156274,3791570.6599425604
RANGA REDDY,KONDURG,Uttaraspalle,3254536.590877483,3795924.0425157147
RANGA REDDY,KONDURG,Tekulapalle,3255069.941969423,3798451.342563126
RANGA REDDY,KONDURG,Ummenthyal,3256772.149981293,3792730.1640895256
RANGA REDDY,JILLED CHOWDERGUDEM,Indranagar,3248777.935346045,3790486.466021078
RANGA REDDY,AMANGAL,Settipalle,3226287.847616845,3854886.49919867
RANGA REDDY,THALAKONDAPALLY,Chennaram,3226590.0616364554,3841356.5558644226
RANGA REDDY,AMANGAL,Akuthotapalle,3225958.0868736007,3851138.696111753
RANGA REDDY,KESHAMPETA,Thommidirekula,3226702.3599020382,3822763.9209161634
RANGA REDDY,JILLED CHOWDERGUDEM,Vanampalle,3252748.2829176867,3790116.6030919943
RANGA REDDY,KONDURG,Kondurg (E),3250829.4702299596,3794010.403158307
RANGA REDDY,KOTHUR,Gudur,3262239.3925313926,3818660.7628296544
RANGA REDDY,KESHAMPETA,Kakunoor,3229865.3033264843,3823632.614530535
RANGA REDDY,THALAKONDAPALLY,Lingarapalle,3230246.87565859,3830195.915583207
RANGA REDDY,KADTHAL,Karkalpahad,3232041.040623138,3845366.0536412993
RANGA REDDY,FAROOQNAGAR,Vittyal,3242258.04153897,3805231.712698682
RANGA REDDY,JILLED CHOWDERGUDEM,Padmaram,3249334.41794299,3785364.463606886
RANGA REDDY,FAROOQNAGAR,Rangasamudram,3249106.2360805576,3801205.3483035606
RANGA REDDY,MADGUL,Kalakonda,3218338.8709999896,3856885.222421579
RANGA REDDY,THALAKONDAPALLY,Venkatraopeta,3220283.7953336504,3837761.7505502715
RANGA REDDY,THALAKONDAPALLY,Veljala,3218838.270627075,3828914.8541593766
RANGA REDDY,FAROOQNAGAR,Buchiguda,3245195.8249508,3816376.652169649
RANGA REDDY,FAROOQNAGAR,Kondannaguda,3245456.763279779,3819435.0049539395
RANGA REDDY,JILLED CHOWDERGUDEM,Raviryal,3244677.1166301817,3790204.372179987
RANGA REDDY,KESHAMPETA,Sangam,3242931.5305409315,3822096.00646328
RANGA REDDY,JILLED CHOWDERGUDEM,Chegireddy Ghanpur,3244911.801867356,3787238.7114692437
RANGA REDDY,KONDURG,Mutpoor,3257575.8300968264,3795653.214884429
RANGA REDDY,KOTHUR,Mallapur,3259660.281124041,3817661.8591528535
RANGA REDDY,KOTHUR,Kodicherla,3249072.5852334932,3824710.179148232
RANGA REDDY,FAROOQNAGAR,Mogalagidda,3248674.825702936,3803358.974269153
RANGA REDDY,KOTHUR,Khajiguda,3249958.715761477,3823619.5436791973
RANGA REDDY,KADTHAL,Ravichedu,3237613.137452236,3833898.6834261282
RANGA REDDY,JILLED CHOWDERGUDEM,Gunjalapahad,3239683.342300514,3789151.3559523765
RANGA REDDY,MADGUL,Girikothapalle,3213986.575285855,3866812.3786172597
RANGA REDDY,THALAKONDAPALLY,Gattu Ippalapalle,3217254.7840558267,3836372.9603995304
RANGA REDDY,AMANGAL,Polepalle,3218372.6995594013,3852249.901564839
RANGA REDDY,MADGUL,Irwin,3216346.9967679284,3863193.839869164
RANGA REDDY,THALAKONDAPALLY,Venkatapurpatti Veljala,3219955.2585889013,3824522.854300614
RANGA REDDY,MADGUL,Ramanampalle,3220391.0023211236,3871653.3697183435
RANGA REDDY,THALAKONDAPALLY,Medakpalle,3220894.754206523,3834209.695058517
RANGA REDDY,MADGUL,Arkapalle,3218956.690856498,3869873.321306185
RANGA REDDY,AMANGAL,Chennampalle,3220946.743124257,3851156.092633154
RANGA REDDY,MADGUL,Brahmanapalle,3220302.4080578126,3866144.2947613667
RANGA REDDY,THALAKONDAPALLY,Garvipalle,3221539.198604745,3839668.1729111983
RANGA REDDY,AMANGAL,Singam Palle,3221146.0598284635,3853455.8055918533
RANGA REDDY,THALAKONDAPALLY,Antharam,3221330.3391085113,3825547.693032372
RANGA REDDY,THALAKONDAPALLY,Khanapur,3223287.0845241514,3837859.1473384066
RANGA REDDY,MADGUL,Aurpalle,3223084.3819674216,3854634.162183757
RANGA REDDY,MADGUL,Dodlapahad,3224754.3292495576,3857126.551374131
RANGA REDDY,THALAKONDAPALLY,Chandradana,3223923.6863364833,3830209.741451123
RANGA REDDY,AMANGAL,Amangal (M),3222717.1455220757,3845948.5992569467
RANGA REDDY,THALAKONDAPALLY,Chukkapur,3225393.268958137,3838439.442448614
RANGA REDDY,KESHAMPETA,Nirdavally,3227430.675404142,3826601.0872586607
RANGA REDDY,THALAKONDAPALLY,Talakondapalle,3227570.4296037704,3833840.3546858015
RANGA REDDY,THALAKONDAPALLY,Yadavalli,3228023.033314194,3839936.2697063833
RANGA REDDY,AMANGAL,Ramanuthula,3228701.609586983,3844374.0955456104
RANGA REDDY,THALAKONDAPALLY,Cheepunuthala,3229136.027441052,3837368.4159229067
RANGA REDDY,KESHAMPETA,Lemamidi,3228982.292834528,3829003.5134589565
RANGA REDDY,MADGUL,Kulkulepalle,3229399.253122901,3865489.226833988
RANGA REDDY,KADTHAL,Chellampalle,3232334.992580865,3839896.8243614924
RANGA REDDY,THALAKONDAPALLY,Padakal,3232184.9041574206,3833344.697468125
RANGA REDDY,KADTHAL,Mudwin,3230770.3000422535,3850303.01107085
RANGA REDDY,KESHAMPETA,Pomalpalle,3233126.0877138404,3819546.68469551
RANGA REDDY,KADTHAL,Vampuguda,3233966.5733104893,3841215.565070948
RANGA REDDY,THALAKONDAPALLY,Thimmapur,3216560.6379440012,3830102.0244316314
RANGA REDDY,KESHAMPETA,Chintakuntapalle,3233125.888940581,3821691.376032123
RANGA REDDY,KADTHAL,Takrajguda,3235307.37450798,3839466.1965897107
MANCHERIAL,TANDUR,TANDUR,3473355.5101364795,3943781.6906702872
RANGA REDDY,KOTHUR,Kothur (M),3257207.5834591114,3820029.5149765774
RANGA REDDY,KESHAMPETA,Keshampeta,3233883.3606464,3825944.049451801
RANGA REDDY,KADTHAL,Makthamadharam,3234752.5663114293,3836464.2837936375
RANGA REDDY,FAROOQNAGAR,Seriguda-Madhurapur,3237120.2637774097,3817695.7356827958
RANGA REDDY,KESHAMPETA,Ipparapalle,3236796.8737210375,3819425.1897969763
RANGA REDDY,FAROOQNAGAR,Madhurapur,3237136.5271263197,3816056.2786461986
RANGA REDDY,JILLED CHOWDERGUDEM,Chalivendrampalle,3238346.420219753,3790006.9222941487
RANGA REDDY,KADTHAL,Nyamathapur,3237890.025116534,3836250.291616388
RANGA REDDY,KADTHAL,Kadthal,3235883.198005312,3843822.9926488088
RANGA REDDY,KESHAMPETA,Alwal,3238721.979468972,3826245.3220770536
RANGA REDDY,KESHAMPETA,Dattaipalle,3239787.178386938,3820564.5389221967
RANGA REDDY,KESHAMPETA,Kothapeta,3238563.7549064555,3828505.232347796
RANGA REDDY,FAROOQNAGAR,Bhemaram,3239449.9480248983,3799372.26730738
RANGA REDDY,FAROOQNAGAR,Raikal,3239900.0739938756,3809604.894267744
RANGA REDDY,FAROOQNAGAR,Jagammaguda,3241234.8418100425,3807521.8741560173
RANGA REDDY,KESHAMPETA,Santhapur,3238572.7749498873,3830959.604966784
RANGA REDDY,FAROOQNAGAR,Chilkamarri (Chelka),3241420.937384258,3811835.8353596334
RANGA REDDY,FAROOQNAGAR,Annaram,3242049.1790448404,3809670.1169884778
RANGA REDDY,KONDURG,Agiryal,3241431.101295706,3795660.4803791633
RANGA REDDY,KONDURG,Venkiryal,3242144.943174655,3793557.4554769234
RANGA REDDY,KESHAMPETA,Eklaskhampeta,3241083.843545236,3824314.6921812156
RANGA REDDY,KESHAMPETA,Bhairkhanpalle,3242553.5511583923,3827460.7667258545
RANGA REDDY,JILLED CHOWDERGUDEM,Edira,3242122.828433655,3789674.238672566
RANGA REDDY,KONDURG,Viswanathpur,3243978.0820340123,3793011.960072035
RANGA REDDY,FAROOQNAGAR,Hajipalle,3243810.416169077,3809351.4797213245
RANGA REDDY,FAROOQNAGAR,Kangaguda,3244585.0207319306,3821418.305291554
RANGA REDDY,FAROOQNAGAR,Chinchod,3243095.9146795208,3799247.7995215952
RANGA REDDY,FAROOQNAGAR,Veljerla III,3243482.548231817,3817731.0881022043
RANGA REDDY,KONDURG,Tangellapalle,3244791.6305102576,3795710.8865221213
RANGA REDDY,FAROOQNAGAR,Kishannagar,3244888.241294397,3807138.0068202815
RANGA REDDY,JILLED CHOWDERGUDEM,Veerannapet,3246749.4946122738,3786398.8198654354
RANGA REDDY,KONDURG,Cherukupalle,3246539.358327123,3793215.618874897
RANGA REDDY,FAROOQNAGAR,Chowlapalle (West),3244926.788080903,3803827.3099936973
RANGA REDDY,JILLED CHOWDERGUDEM,Gurrampalle,3246438.8589993366,3789753.500200418
RANGA REDDY,JILLED CHOWDERGUDEM,Jilled Chowdergudem,3248227.6259576227,3788899.469897097
RANGA REDDY,KONDURG,Srirangapur,3249914.322439196,3798610.170963255
RANGA REDDY,FAROOQNAGAR,Nagulapalle,3249699.6851282623,3812158.4675770965
RANGA REDDY,JILLED CHOWDERGUDEM,Thoompalle,3250573.909814596,3790264.9481837456
RANGA REDDY,KONDURG,Mahadevpoor,3250174.0378019437,3796814.886406136
RANGA REDDY,KOTHUR,Penjerla,3250990.6530177174,3823022.34240355
RANGA REDDY,KONDURG,Bhirampalle,3252374.528793743,3797338.88373421
RANGA REDDY,KONDURG,Chukkammet,3257665.731710091,3798406.3247531014
RANGA REDDY,KONDURG,Regadi Chilakamarri,3259330.0783467884,3797167.289780555
RANGA REDDY,NANDIGAMA,Chegur,3258258.3173174905,3815050.2382709053
RANGA REDDY,IBRAHIMPATNAM,Ibrahimpatnam (M),3259801.0407223115,3857926.4177814364
RANGA REDDY,SHAMSHABAD,Shankarapur,3262292.131976071,3829644.598928666
RANGA REDDY,IBRAHIMPATNAM,Raipole,3260783.6676236107,3864371.601472008
RANGA REDDY,SHANKARPALLE,Masaniguda,3281507.1080220267,3799610.858086436
RANGA REDDY,SAROORNAGAR,GHMC,3276638.030679367,3847326.390617618
RANGA REDDY,HAYATHNAGAR,GHMC,3274856.597875442,3851868.6454938008
RANGA REDDY,RAJENDRANAGAR,GHMC,3274372.172303875,3834192.5375202284
RANGA REDDY,SHABAD,Etlaerravaly,3266167.6770905238,3799350.8329317467
RANGA REDDY,ABDULLAPURMET,Kawadipally,3275345.066740829,3863976.824637742
RANGA REDDY,SHANKARPALLE,Kothapalle,3280772.2129997807,3802551.583266664
RANGA REDDY,SHANKARPALLE,Kondakal,3290128.7786495592,3811172.201483907
RANGA REDDY,CHEVELLA,Allawada,3267669.2506849053,3804458.64603161
RANGA REDDY,SERILINGAMPALLY,GHMC,3289694.9535864294,3826891.500300219
RANGA REDDY,YACHARAM,Tulekhurd,3247640.767789394,3855198.954055996
RANGA REDDY,MAHESHWARAM,Kollapadkal,3247929.0834720177,3828671.028916123
RANGA REDDY,MANCHAL,Rangapur,3247523.443376576,3864231.495998573
RANGA REDDY,MAHESHWARAM,Akanpalle,3248933.2373557123,3831583.8339604684
RANGA REDDY,ABDULLAPURMET,Abdullapur (CT),3273419.8378732414,3862569.947996545
RANGA REDDY,CHEVELLA,Kesavaram,3273459.5718407463,3807068.5748589803
RANGA REDDY,CHEVELLA,Devarampalle,3266222.5546103595,3796960.579858707
RANGA REDDY,MOINABAD,Nakkalapalle,3267376.2552166996,3811551.8755727853
RANGA REDDY,CHEVELLA,Bastepur,3271691.2036858792,3800251.2063125684
RANGA REDDY,ABDULLAPURMET,Turkayamjal (M),3268840.867730708,3853714.429478357
RANGA REDDY,YACHARAM,Kothapalle,3234696.0566129647,3861156.080038719
RANGA REDDY,YACHARAM,Nanaknagar,3238184.766503753,3854839.568282598
RANGA REDDY,YACHARAM,Manthangoud,3238990.082135155,3872204.293248672
RANGA REDDY,YACHARAM,Nallavelly,3237135.6012398843,3866169.1833893657
RANGA REDDY,YACHARAM,Thakkellapalle,3238391.151157363,3861119.128568937
RANGA REDDY,YACHARAM,Thatiparthy,3236901.84385859,3851957.0271437103
RANGA REDDY,YACHARAM,Nakkarta,3238914.974466923,3858864.456733256
RANGA REDDY,KANDUKUR,Jaithwaram (Maqta),3247031.251187203,3836758.9434440336
RANGA REDDY,KANDUKUR,Kandukur,3245234.5266806143,3841301.2638479336
RANGA REDDY,MANCHAL,Cheeded,3246253.048837506,3865320.214397664
RANGA REDDY,MANCHAL,Loyapally,3245583.824670158,3875875.5219370183
RANGA REDDY,MANCHAL,Bandalemoor,3248301.4067135816,3874276.076429245
RANGA REDDY,YACHARAM,Medpalle,3237315.390451056,3856924.918299477
RANGA REDDY,KANDUKUR,Dasarlapalle,3239747.9843794494,3839482.267222615
RANGA REDDY,YACHARAM,Chinthapatla,3239953.1711028414,3865048.5969711873
RANGA REDDY,YACHARAM,Kurmidda,3240141.9335806617,3849493.807860026
RANGA REDDY,YACHARAM,Manthangowrelly,3239855.438163976,3869671.7220804673
RANGA REDDY,KANDUKUR,Murlinagar,3242150.4536900423,3831642.290455311
RANGA REDDY,KANDUKUR,Sarvaravulapalle,3242384.342442716,3846955.085230453
RANGA REDDY,KANDUKUR,Mucherla,3240327.0629111836,3845515.674595184
RANGA REDDY,YACHARAM,Nazdik Singaram,3241950.43135239,3852669.988277557
RANGA REDDY,YACHARAM,Nandiwanaparthy,3241702.8343270137,3855576.8692724416
RANGA REDDY,KANDUKUR,Nednur,3241592.2972450266,3836457.3505891743
RANGA REDDY,YACHARAM,Mandigowrelly,3242328.1477866815,3864411.9652621928
RANGA REDDY,YACHARAM,Mogullavampu,3242989.2128006015,3858343.9608661206
RANGA REDDY,KANDUKUR,Debbadaguda,3243344.1449311385,3840499.6275106696
RANGA REDDY,KANDUKUR,Meerkhanpet,3245114.636268076,3850341.039480027
RANGA REDDY,KANDUKUR,Dhannaram,3243604.157681516,3832826.677735989
RANGA REDDY,KANDUKUR,Chippalpalle,3244314.5663048443,3831193.1802785797
RANGA REDDY,KANDUKUR,Bachupalle,3244156.499500146,3835277.8182364088
RANGA REDDY,KANDUKUR,Thimmaipalle,3245844.7051064814,3844441.163825443
RANGA REDDY,KANDUKUR,Peruguguda,3244975.852724222,3837455.614623351
RANGA REDDY,MANCHAL,Dadpally,3244720.9563234486,3866558.6012288975
RANGA REDDY,KANDUKUR,Mohammadnagar,3245572.511455941,3840867.344568896
RANGA REDDY,KANDUKUR,Panjaguda,3245353.441278597,3847414.0735446615
RANGA REDDY,YACHARAM,Yacharam,3243394.7532408857,3860797.2289152313
RANGA REDDY,KANDUKUR,Annojiguda,3246312.469559131,3843941.224168963
RANGA REDDY,YACHARAM,Chowderpalle,3245475.1823176863,3856839.696720835
RANGA REDDY,MANCHAL,Bodakonda @ Penikarla Thanda,3245512.6280726925,3869885.7261753245
RANGA REDDY,MAHESHWARAM,Porandla,3245927.423580511,3830075.9858322814
RANGA REDDY,KANDUKUR,Kothur,3249429.086019692,3839459.571797536
RANGA REDDY,KANDUKUR,Pulumamidi,3247360.6087202434,3833896.4149442636
RANGA REDDY,KANDUKUR,Gafoornagar,3249724.512831856,3836856.8710989878
RANGA REDDY,KANDUKUR,Gudoor,3249268.1185283284,3843217.9437352507
RANGA REDDY,SHABAD,Kakloor,3250705.2821635148,3806488.3347893893
RANGA REDDY,KANDUKUR,Gummadavalle,3249045.612828395,3849513.4616542496
RANGA REDDY,IBRAHIMPATNAM,Toolekalan,3250396.7584852395,3856294.9555478524
RANGA REDDY,MAHESHWARAM,Dubbacherla,3251191.1740948088,3829603.064456027
RANGA REDDY,MAHESHWARAM,Subhanpur,3250499.188389079,3826640.7757825996
RANGA REDDY,YACHARAM,Gungal,3249406.7824131614,3861165.561646106
RANGA REDDY,MAHESHWARAM,Ghatpalle,3251147.866428878,3832438.1627105894
RANGA REDDY,MANCHAL,Japala,3250475.009642357,3865601.3013005015
RANGA REDDY,SHABAD,Rangapur,3252583.921317652,3808375.000237268
RANGA REDDY,SHABAD,Ananthawaram,3252310.355862959,3805482.606853504
RANGA REDDY,MANCHAL,Asmatpur,3251722.1429336756,3866627.60099065
RANGA REDDY,KANDUKUR,Rachloor,3250480.879879937,3845874.8019264378
RANGA REDDY,MAHESHWARAM,Kalwakole,3252893.1724038003,3826704.0475729443
RANGA REDDY,KANDUKUR,Madhapur,3252478.918800346,3851893.6197761814
RANGA REDDY,MAHESHWARAM,Pendyal,3253206.0415840447,3830074.557086733
RANGA REDDY,SHABAD,Manmarri,3251809.3775505307,3800598.893526023
RANGA REDDY,MANCHAL,Agapally,3253314.1583451224,3860352.012117055
RANGA REDDY,MANCHAL,Chandkhanguda,3253749.0639152457,3866530.301688984
RANGA REDDY,MANCHAL,Kagazghat,3252771.7920095054,3863004.3272692976
RANGA REDDY,YACHARAM,Sultanpur,3240500.7561716186,3873313.13925776
RANGA REDDY,KANDUKUR,Kufarchandguda,3247453.46975412,3835160.9969031843
RANGA REDDY,KANDUKUR,Timmapur,3253348.953760663,3847785.310058236
RANGA REDDY,SHABAD,Kesavaram,3253733.5379488696,3807798.8965506456
RANGA REDDY,SHANKARPALLE,Tangutoor,3284159.023931544,3808447.6631415845
RANGA REDDY,SHABAD,Pothugal,3263498.983415668,3804667.7661139593
RANGA REDDY,SHAMSHABAD,Posettyguda,3264323.0852162917,3830172.9687122055
RANGA REDDY,SHABAD,Rudraram,3264088.42764986,3806572.3619777737
RANGA REDDY,SHANKARPALLE,Maharajpet,3286848.7505032313,3814000.7476810417
RANGA REDDY,SHANKARPALLE,Yelwarthy,3285753.3192694196,3805217.9058649363
RANGA REDDY,IBRAHIMPATNAM,Kappapahad,3253745.1290734694,3855988.192200319
RANGA REDDY,MANCHAL,Arutla,3250917.749061707,3871005.9734215653
RANGA REDDY,MAHESHWARAM,Maheswaram,3253275.97396632,3835455.4649900123
RANGA REDDY,IBRAHIMPATNAM,Turkaguda,3255453.8201891473,3854421.419331251
RANGA REDDY,MAHESHWARAM,Mansanpalle,3254664.3592738993,3832590.5441584503
RANGA REDDY,MAHESHWARAM,Thummaloor,3253055.5482973824,3839272.7070582714
RANGA REDDY,MAHESHWARAM,Sirigiripur,3256216.8745150487,3836875.170827989
RANGA REDDY,MANCHAL,Manchal,3255222.4210482715,3864916.4846816887
RANGA REDDY,MANCHAL,Nomula,3255562.327282059,3861630.620165268
RANGA REDDY,MAHESHWARAM,Venkannaguda,3257407.975074966,3826077.0344191995
RANGA REDDY,MANCHAL,Sabithnagar,3260262.679780662,3866744.898785293
RANGA REDDY,SHANKARPALLE,Ravalpalle Kalan,3287965.1380420392,3798819.6312817405
RANGA REDDY,SHANKARPALLE,Shankarpally (M),3289466.31106672,3804752.2159309234
RANGA REDDY,MAHESHWARAM,Toopra Khurd,3255588.6359870387,3823102.518951291
RANGA REDDY,MAHESHWARAM,Nagireddipalle,3256724.0776743004,3828897.6619377406
RANGA REDDY,MAHESHWARAM,Thukkuguda (M),3261024.4569908357,3842793.2010000558
RANGA REDDY,SHAMSHABAD,Ammapalle,3267288.0133017334,3826588.253825749
RANGA REDDY,GANDIPET,Manikonda (M),3282633.301066534,3830168.508379616
RANGA REDDY,SHANKARPALLE,Gopularam,3283581.8064402794,3813228.673686755
RANGA REDDY,SHANKARPALLE,Sankepalle (Paigah),3283324.874441019,3797185.7641690015
RANGA REDDY,MAHESHWARAM,Gangaram,3257298.5463622026,3834924.306409596
RANGA REDDY,MANCHAL,Chittapur,3257097.1395527353,3868235.999740244
RANGA REDDY,KANDUKUR,Lemoor,3255288.4975964217,3844054.8536805194
RANGA REDDY,MANCHAL,Lingampally,3258158.552066119,3864346.78243654
RANGA REDDY,MANCHAL,Thippaiguda,3257481.0838459996,3871166.24215001
RANGA REDDY,BALAPUR,Badangpet (M.Corp.),3269067.0636629574,3843953.5306104664
RANGA REDDY,CHEVELLA,Kistapur,3273064.7661560485,3794882.5956514077
RANGA REDDY,MOINABAD,Nazeebnagar,3272250.307095441,3821068.8728551324
RANGA REDDY,MOINABAD,Kanakamamidi,3272586.9506780193,3815806.0348908585
RANGA REDDY,MAHESHWARAM,Nagaram,3258126.085916151,3831862.0561018395
RANGA REDDY,MANCHAL,Manorabad,3259083.1895065154,3862659.720049308
RANGA REDDY,SHABAD,Bhongirpalle,3259228.4703032547,3805742.123366083
RANGA REDDY,SHABAD,Nagarkunta,3258716.6930867443,3807592.7066966523
RANGA REDDY,MAHESHWARAM,Gollor,3258888.5073517156,3827600.9273838787
RANGA REDDY,IBRAHIMPATNAM,Pocharam,3256742.221925371,3850563.0845742864
RANGA REDDY,MAHESHWARAM,Nandipalle,3259568.4771866896,3832754.603883719
RANGA REDDY,SHABAD,Obagunta,3259323.7681355234,3798890.9362654597
RANGA REDDY,SHAMSHABAD,Palmakole,3259543.7876027687,3822579.249653003
RANGA REDDY,MANCHAL,Thallapalliguda,3259342.334096658,3868393.962004297
RANGA REDDY,SHABAD,Damerlapalle,3259572.9067094834,3810368.2847023094
RANGA REDDY,SHABAD,Peddaved,3261540.0382588813,3810759.716627309
RANGA REDDY,SHAMSHABAD,Sanghiguda,3261133.071453673,3829583.400636755
RANGA REDDY,IBRAHIMPATNAM,Muknoor,3261405.2428289177,3868857.5083075957
RANGA REDDY,SHABAD,Machanpalle,3261243.983605763,3807524.128141484
RANGA REDDY,SHABAD,Polaram,3261560.4694581246,3803864.724310516
RANGA REDDY,IBRAHIMPATNAM,Yengalaguda,3262452.7884014975,3864163.289998694
RANGA REDDY,SHABAD,Bobbilgam,3261279.395891963,3796381.2549591805
RANGA REDDY,SHAMSHABAD,Bahadurguda,3260984.1452373383,3833494.4769172645
RANGA REDDY,SHABAD,Maddur,3262070.048935178,3814184.3159750365
RANGA REDDY,MAHESHWARAM,Mohabatnagar,3255981.4260851843,3839957.4562932267
RANGA REDDY,MANCHAL,Mallikarjunaguda,3256222.257619282,3860256.6711166967
RANGA REDDY,SHABAD,Komerabanda,3260714.6128092106,3799324.2702288404
RANGA REDDY,IBRAHIMPATNAM,Ibrahimpatnam (Khalsa) (Part),3263107.411708785,3853925.1974792746
RANGA REDDY,SHAMSHABAD,Golkonda Khurd,3262379.502748845,3831231.3948840736
RANGA REDDY,MAHESHWARAM,Mankhal (Part),3260662.0535345543,3838174.209082236
RANGA REDDY,SHABAD,Hayathabad,3263041.0017203297,3810995.214261718
RANGA REDDY,SHAMSHABAD,Hamidullanagar,3263521.8624144723,3830681.0462904978
RANGA REDDY,SHAMSHABAD,Rasheedguda,3263960.6849072217,3831975.820498298
RANGA REDDY,SHAMSHABAD,Jukal,3262476.933808392,3821921.812938358
RANGA REDDY,SHABAD,Regadidoswada,3263332.1658489527,3798791.325659864
RANGA REDDY,SHAMSHABAD,Nanajpur,3264378.4202428483,3819915.3374284646
RANGA REDDY,IBRAHIMPATNAM,Adibatla (M),3262980.8311698954,3850624.7508847076
RANGA REDDY,IBRAHIMPATNAM,Naganpally,3263837.6754894285,3862457.350037212
RANGA REDDY,SHAMSHABAD,Gandiguda,3264640.8284610743,3827885.2456887583
RANGA REDDY,SHAMSHABAD,Rayannaguda,3265513.3752274825,3819213.265505205
RANGA REDDY,SHABAD,Chandenvalle,3264500.991534963,3808934.023641931
RANGA REDDY,SHAMSHABAD,Kacharam,3265799.5806993833,3821702.054952869
RANGA REDDY,SHAMSHABAD,Ramanujapur,3264129.4858162003,3816139.5382046667
RANGA REDDY,SHABAD,Solipet,3264939.757007697,3812892.012317432
RANGA REDDY,SHAMSHABAD,Chowderguda,3265570.9683046504,3824090.9515612447
RANGA REDDY,SHAMSHABAD,Kaveliguda,3266166.091561769,3817534.6335854204
RANGA REDDY,CHEVELLA,Nowlaipalle,3276615.8965569846,3794259.084123955
RANGA REDDY,CHEVELLA,Mudimyal,3274966.2068899553,3810754.021777269
RANGA REDDY,CHEVELLA,Devuni Erravelly,3276341.7991550835,3805418.988548146
RANGA REDDY,CHEVELLA,Kummera,3276848.1222943817,3808815.274403901
RANGA REDDY,CHEVELLA,Aloor I,3275501.8816772914,3798855.795718573
RANGA REDDY,CHEVELLA,Ravulapalle (Khurd),3277939.829755355,3811093.256120326
RANGA REDDY,IBRAHIMPATNAM,Polkampally,3264861.3219458074,3865156.367574968
RANGA REDDY,SHAMSHABAD,Kolbowidoddi,3267593.0025900593,3820719.7719035824
RANGA REDDY,IBRAHIMPATNAM,Narrepally,3267002.825835493,3866685.035754745
RANGA REDDY,SHABAD,Tadlapalle,3265112.0405959864,3802282.386834029
RANGA REDDY,IBRAHIMPATNAM,Dandumailaram,3264089.950054014,3871162.7813500785
RANGA REDDY,SHAMSHABAD,Malkaram,3267179.437739122,3819429.890864914
RANGA REDDY,SHAMSHABAD,Narkhuda,3268284.7481012805,3824372.8144609365
RANGA REDDY,ABDULLAPURMET,Quthbullapur,3280126.0436481717,3856387.333332226
RANGA REDDY,MOINABAD,Medipalle,3279659.430347842,3811416.2174946615
RANGA REDDY,CHEVELLA,Gundal,3267323.12300979,3806765.7827973026
RANGA REDDY,MOINABAD,Venkatapur,3267626.3487326363,3815251.8848977517
RANGA REDDY,SHAMSHABAD,Sultanpalle,3268132.863656223,3822182.9843054228
RANGA REDDY,SHAMSHABAD,Shamshabad (M),3267655.5962098436,3831804.0216699447
RANGA REDDY,MOINABAD,Sriramnagar,3268311.3212535526,3817742.3671350353
RANGA REDDY,ABDULLAPURMET,Anajpur,3267654.3744362616,3862766.0701295654
RANGA REDDY,ABDULLAPURMET,Majeedpur,3269069.9208415477,3866771.218719251
RANGA REDDY,CHEVELLA,Tallaram,3278686.675624944,3797420.300528515
RANGA REDDY,GANDIPET,Bandlaguda Jagir (M.Corp.),3277301.5478146384,3830497.8521393957
RANGA REDDY,CHEVELLA,Nyalata,3277729.882473071,3801489.532461433
RANGA REDDY,MOINABAD,Chilkoor,3276967.209636525,3820741.600667396
RANGA REDDY,MOINABAD,Chandanagar,3279895.561102103,3817369.937796916
RANGA REDDY,SHANKARPALLE,Hussainipur,3279711.221227332,3800151.9327251106
RANGA REDDY,MOINABAD,Peddamangalaram,3276980.6967346473,3816985.434411523
RANGA REDDY,MAHESHWARAM,Dabilguda,3255055.6595750423,3829656.016256127
RANGA REDDY,MAHESHWARAM,Ameerpet,3255402.4683116153,3826009.2563686594
RANGA REDDY,ABDULLAPURMET,Surmaiguda,3270546.2461629305,3863077.8621743503
RANGA REDDY,CHEVELLA,Regadghanapur,3269097.4549705028,3797027.4522980126
RANGA REDDY,CHEVELLA,Chanvelli,3269218.2605126025,3800437.1605570386
RANGA REDDY,CHEVELLA,Pamena,3269838.5326938904,3803219.393569311
RANGA REDDY,MOINABAD,Amdapur,3269737.90173431,3820678.7796417316
RANGA REDDY,MOINABAD,Kethireddipalle,3269335.260564065,3814455.4954607077
RANGA REDDY,ABDULLAPURMET,Koheda (Part),3269238.1158592105,3858334.7156910584
RANGA REDDY,MOINABAD,Yethbarpalle,3270048.1912671747,3811720.0156049035
RANGA REDDY,ABDULLAPURMET,Laskerguda,3271616.192849229,3862358.6997288237
RANGA REDDY,ABDULLAPURMET,Inamguda,3272146.915158256,3863251.652410644
RANGA REDDY,CHEVELLA,Naincheru,3271509.3827411258,3796001.768289602
RANGA REDDY,MOINABAD,Bakaram Jagir,3271280.3621386313,3823726.163678373
RANGA REDDY,MOINABAD,Nagireddiguda,3272038.893491177,3825059.90547602
RANGA REDDY,CHEVELLA,Kanduwada,3269927.4067840814,3808265.9228057717
RANGA REDDY,ABDULLAPURMET,Batasingaram (CT),3271880.0922973133,3866389.9569799914
RANGA REDDY,CHEVELLA,Khanapur,3271778.9564304017,3797941.872390711
RANGA REDDY,CHEVELLA,Mirjaguda,3273300.148227116,3798068.8969557006
RANGA REDDY,BALAPUR,Meerpet (M.Corp.),3274078.603207772,3846182.542649779
RANGA REDDY,MOINABAD,Tolkatta,3273075.05757788,3811693.8339466676
RANGA REDDY,CHEVELLA,Chevella,3272861.8853406184,3804296.233517276
RANGA REDDY,ABDULLAPURMET,Piglipur,3273520.656179173,3867916.673091537
RANGA REDDY,ABDULLAPURMET,Pedda Amberpet (M),3276282.995851792,3856659.7063632123
RANGA REDDY,MOINABAD,Chinnashapur,3274615.604016036,3814472.7941433266
RANGA REDDY,MOINABAD,Murthuzaguda,3273661.9658178953,3819810.7402858543
RANGA REDDY,CHEVELLA,Ibrahimpalle,3275034.3243731414,3803593.813676823
RANGA REDDY,CHEVELLA,Anantawaram,3274741.9029911878,3793279.392460229
RANGA REDDY,CHEVELLA,Damergidda,3273753.8356989757,3801444.555744759
RANGA REDDY,MOINABAD,Yenkepalle,3274257.254927761,3822861.205151111
RANGA REDDY,CHEVELLA,Malkapur,3275135.0518209506,3807759.4161378145
RANGA REDDY,ABDULLAPURMET,Balijaguda,3276185.754033108,3861500.9668470877
RANGA REDDY,CHEVELLA,Hasthepur,3276231.684614147,3791976.025727416
RANGA REDDY,SHABAD,Shabad,3256814.587075753,3803043.6183819636
RANGA REDDY,MOINABAD,Aziznagar,3275377.6479479773,3825375.2523509604
RANGA REDDY,MOINABAD,Himayathnagar,3276936.12390596,3823754.787946349
RANGA REDDY,CHEVELLA,Gollapalle,3278476.287627352,3807456.4646349917
RANGA REDDY,ABDULLAPURMET,Taramatipet,3278210.1988474894,3862687.0044619297
RANGA REDDY,MOINABAD,Reddipalle,3279684.3867581775,3816131.4492592514
RANGA REDDY,CHEVELLA,Orella,3278666.7897377484,3803982.0813067635
RANGA REDDY,ABDULLAPURMET,Gowrelly,3279679.30705117,3860479.8065928575
RANGA REDDY,ABDULLAPURMET,Thimmaiguda,3280156.6865858543,3858741.5787216197
RANGA REDDY,CHEVELLA,Kowkuntla,3278839.4300054633,3793588.5353586012
RANGA REDDY,CHEVELLA,Tangedapalle,3280713.7819382553,3796498.407489693
RANGA REDDY,ABDULLAPURMET,Banda Raviryal,3280593.5442084367,3865508.4403925827
RANGA REDDY,CHEVELLA,Kammeta,3280779.6698098504,3807169.240246849
RANGA REDDY,CHEVELLA,Yenkepalle,3281905.7387912422,3804504.235554317
RANGA REDDY,ABDULLAPURMET,Bacharam,3281656.2759328946,3861865.909433563
RANGA REDDY,MOINABAD,Chinna Mangalaram,3280240.6075426573,3814322.2395977587
RANGA REDDY,MOINABAD,Mothukupalle,3281521.9677935233,3816653.645916687
RANGA REDDY,SHANKARPALLE,Anthappaguda,3282980.7489231145,3795518.6921017417
RANGA REDDY,GANDIPET,Narsingi (M),3282144.354810158,3825270.7167334883
RANGA REDDY,SHANKARPALLE,Yervaguda,3283352.027090825,3803048.873099748
RANGA REDDY,SHANKARPALLE,Proddutur,3282702.2812687093,3810806.277601707
RANGA REDDY,SHANKARPALLE,Janwada,3284303.196532965,3818089.561272319
RANGA REDDY,SHANKARPALLE,Donthanpalle,3285286.2784437267,3813342.1546786265
RANGA REDDY,SHAMSHABAD,Sayyed Guda,3262605.84038632,3832972.166874898
RANGA REDDY,IBRAHIMPATNAM,Rainguda,3262184.8683810052,3866792.181997463
RANGA REDDY,SHAMSHABAD,Peddashapur,3262668.192738457,3825967.4697287874
RANGA REDDY,SHANKARPALLE,Sankepalle (Khalsa),3285029.084383351,3799450.2030574074
RANGA REDDY,ABDULLAPURMET,Sagarpump,3270776.467934538,3864161.9421695443
RANGA REDDY,BALAPUR,Jalpally (M),3268429.438531917,3837766.8189282482
RANGA REDDY,MOINABAD,Surangal,3272004.6936579216,3818111.9348607813
RANGA REDDY,ABDULLAPURMET,Akbarja,3278426.471053536,3866039.7289170935
RANGA REDDY,CHEVELLA,Dearlapalle,3283557.32991143,3805167.88406363
RANGA REDDY,SHANKARPALLE,Chandippa,3286977.984493166,3801976.7678444404
RANGA REDDY,SHANKARPALLE,Mokila,3286811.8093463117,3810699.8839130267
RANGA REDDY,SHANKARPALLE,Dhobipet,3291947.598452827,3799020.7869719113
RANGA REDDY,FAROOQNAGAR,Veljerla II,3244655.36477638,3820179.247562704
RANGA REDDY,FAROOQNAGAR,Veljerla (I),3242770.877058575,3818961.839948392
RANGA REDDY,HAYATHNAGAR,Pedda Amberpet (M),3273805.7434052196,3853821.788457882
RANGA REDDY,MANCHAL,Jainammaguda,3255094.35625573,3864887.3699763613
RANGA REDDY,SHAMSHABAD,Ghansimiaguda,3263592.755810279,3827011.5782867884
JAYASHANKAR BHUPALPALLI,KATARAM,Gummallapalle,3418049.3483180176,3989557.5209941505
JAYASHANKAR BHUPALPALLI,KATARAM,Adivarampeta,3417268.964249676,3991907.0108430535
JAYASHANKAR BHUPALPALLI,MAHADEVPUR,Annaram,3429761.699249113,3986278.4266628693
JAYASHANKAR BHUPALPALLI,KATARAM,Kothapalle,3412494.480222837,3992602.6319645913
JAYASHANKAR BHUPALPALLI,PALIMELA,Thimmetigudem,3412838.2271666597,4032987.8169924417
JAYASHANKAR BHUPALPALLI,MAHADEVPUR,Chindrapalle,3431897.0729649323,3986585.1297113374
JAYASHANKAR BHUPALPALLI,MALHALRAO,Rudraram,3410185.8646539794,3989483.1167620504
JAYASHANKAR BHUPALPALLI,MALHALRAO,Mallaram,3408714.7839065436,3975904.463624986
JAYASHANKAR BHUPALPALLI,MAHAMUTHARAM,Yamanpalle,3406345.1610095226,4006113.157511917
JAYASHANKAR BHUPALPALLI,MALHALRAO,Tadicherla,3405326.716618082,3971583.953214573
JAYASHANKAR BHUPALPALLI,MAHADEVPUR,Puskupalle,3436527.3609862244,3988607.796547419
JAYASHANKAR BHUPALPALLI,KATARAM,Dharmasagar,3419948.53645587,3986107.2403722648
JAYASHANKAR BHUPALPALLI,MAHAMUTHARAM,Nallagunta (Meenajipeta),3400618.739277549,4008000.0553390775
JAYASHANKAR BHUPALPALLI,KATARAM,Sundarajpeta,3410785.308060693,3992141.3489515656
JAYASHANKAR BHUPALPALLI,MALHALRAO,Dubbagattu,3409080.4499473246,3980393.244528372
JAYASHANKAR BHUPALPALLI,KATARAM,Bayyaram,3410488.2438066346,3994379.1850381237
JAYASHANKAR BHUPALPALLI,MAHADEVPUR,Rapallekota,3419212.461356697,4002867.7887824113
JAYASHANKAR BHUPALPALLI,KATARAM,Kambalpad,3413600.584884089,3992531.884421006
JAYASHANKAR BHUPALPALLI,KATARAM,Chinthakani,3412426.213369404,3998227.3446393893
JAYASHANKAR BHUPALPALLI,KATARAM,Jadaraopet,3422252.7289196528,3987443.6753514097
JAYASHANKAR BHUPALPALLI,PALIMELA,Lenkalagadda,3419539.143298181,4013119.644868718
JAYASHANKAR BHUPALPALLI,KATARAM,Vilasagar,3418530.0952761304,3984299.4190431214
JAYASHANKAR BHUPALPALLI,MAHAMUTHARAM,Gaddalapalle,3408929.2172350804,4023226.695295893
JAYASHANKAR BHUPALPALLI,PALIMELA,Garkapalle,3419362.453625082,4017021.5724811726
JAYASHANKAR BHUPALPALLI,MAHADEVPUR,Metpalle,3432866.6846559052,3993140.1042056396
JAYASHANKAR BHUPALPALLI,MAHAMUTHARAM,Vajnepalle,3408744.754485215,4000443.304373623
JAYASHANKAR BHUPALPALLI,PALIMELA,Medigadda,3424400.772431032,4027642.198973143
JAYASHANKAR BHUPALPALLI,MALHALRAO,Yedlapalle,3411299.9372863644,3985123.760387712
JAYASHANKAR BHUPALPALLI,KATARAM,Pothulvai,3413367.167439335,3995534.407495885
JAYASHANKAR BHUPALPALLI,KATARAM,Prathapagiri,3415377.3425011304,4000641.904584024
JAYASHANKAR BHUPALPALLI,KATARAM,Regulagudem,3416175.3298421516,3987149.133081011
JAYASHANKAR BHUPALPALLI,MALHALRAO,Kondampet,3415799.945661741,3983293.4717305675
JAYASHANKAR BHUPALPALLI,MAHADEVPUR,Edapalle,3428474.9494414693,3996447.250655338
JAYASHANKAR BHUPALPALLI,MAHADEVPUR,Kudurpalle,3429288.291067687,3994925.473316797
JAYASHANKAR BHUPALPALLI,KATARAM,Medipalle,3406320.141996776,3992525.8192160944
JAYASHANKAR BHUPALPALLI,MAHADEVPUR,Medigadda,3424626.1894813185,4006620.915745589
JAYASHANKAR BHUPALPALLI,MAHAMUTHARAM,Singaram,3390597.5159669346,4019156.195676347
JAYASHANKAR BHUPALPALLI,MAHAMUTHARAM,Gandikamaram,3392713.410350753,4005433.3600969375
JAYASHANKAR BHUPALPALLI,MALHALRAO,Tadwai,3397294.698560409,3978928.6491553937
JAYASHANKAR BHUPALPALLI,MAHADEVPUR,Beersagar,3429804.4754217416,3992995.1212439607
JAYASHANKAR BHUPALPALLI,MAHADEVPUR,Muktipalle,3421897.1805610918,4000744.7116466076
JAYASHANKAR BHUPALPALLI,MALHALRAO,Ansanpalle,3394285.8046917245,3980087.9020126574
JAYASHANKAR BHUPALPALLI,MAHAMUTHARAM,Regula Gudem,3397215.2094150693,4014768.269753728
JAYASHANKAR BHUPALPALLI,MALHALRAO,Mallampalle,3396846.1534208646,3989372.9946780573
JAYASHANKAR BHUPALPALLI,MALHALRAO,Nacharam,3397833.9585009236,3976385.863664761
JAYASHANKAR BHUPALPALLI,MAHAMUTHARAM,Stambhampalle (P.K.),3396144.3341406304,4019408.663694485
JAYASHANKAR BHUPALPALLI,MAHAMUTHARAM,Borlagudem,3400202.110344836,4012105.5421425174
JAYASHANKAR BHUPALPALLI,MALHALRAO,Korlakunta,3400828.363784452,3986052.4755590544
JAYASHANKAR BHUPALPALLI,MAHAMUTHARAM,Reddipalle,3401708.9844478164,4022644.0552440025
JAYASHANKAR BHUPALPALLI,MALHALRAO,Shatrajpalle,3401511.186046378,3976582.482063704
JAYASHANKAR BHUPALPALLI,MALHALRAO,Kapuram,3403077.714509031,3974445.2389749084
JAYASHANKAR BHUPALPALLI,MAHAMUTHARAM,Pegdapalle,3403493.6833313303,4010722.9181314074
JAYASHANKAR BHUPALPALLI,MALHALRAO,Pedda Thoondla,3404769.827100594,3979463.3831764394
JAYASHANKAR BHUPALPALLI,MALHALRAO,Dubbapeta,3406378.2165682525,3977713.4672277914
JAYASHANKAR BHUPALPALLI,MAHAMUTHARAM,Polaram,3404310.159709996,3997789.3575472212
JAYASHANKAR BHUPALPALLI,MALHALRAO,Chinna Thoondla,3407208.8989948938,3976524.228367015
JAYASHANKAR BHUPALPALLI,MAHAMUTHARAM,Kankunoor,3403968.381989165,4018934.7446724945
JAYASHANKAR BHUPALPALLI,MAHAMUTHARAM,Mutharam (Mahadevpur),3406194.49512621,4002067.8598551233
JAYASHANKAR BHUPALPALLI,MAHAMUTHARAM,Mulugupalle,3407392.9448158727,3995878.6006852556
JAYASHANKAR BHUPALPALLI,MAHAMUTHARAM,Korlakunta,3410895.775674087,3998957.6327844434
JAYASHANKAR BHUPALPALLI,MAHAMUTHARAM,Singampalle,3410578.717196285,4019494.4475995
JAYASHANKAR BHUPALPALLI,PALIMELA,Kamanpalle,3415228.030772238,4024206.320706248
JAYASHANKAR BHUPALPALLI,PALIMELA,Venchapalle,3415987.966339005,4029680.895658793
JAYASHANKAR BHUPALPALLI,KATARAM,Devarampalle,3413469.1592574776,3986582.872056036
JAYASHANKAR BHUPALPALLI,MAHAMUTHARAM,Madharam,3412027.7583910823,4001568.2605455397
JAYASHANKAR BHUPALPALLI,PALIMELA,Mukunur,3414719.421154864,4032781.3411161723
JAYASHANKAR BHUPALPALLI,MALHALRAO,Vallamkunta,3413163.806091499,3981584.1642007134
JAYASHANKAR BHUPALPALLI,KATARAM,Dhanwada,3414007.4523105086,3989432.6795886126
JAYASHANKAR BHUPALPALLI,PALIMELA,Moded,3414499.210463256,4017314.2417060006
JAYASHANKAR BHUPALPALLI,MAHAMUTHARAM,Yetnaram,3408960.0880599753,4015202.4649148914
JAYASHANKAR BHUPALPALLI,MAHAMUTHARAM,Jeelapalle,3414599.5454953797,4004758.6922436245
JAYASHANKAR BHUPALPALLI,KATARAM,Chidnepalle,3415187.417610569,3996642.5367148737
JAYASHANKAR BHUPALPALLI,MAHAMUTHARAM,Nimmagudem,3411019.842555338,4009326.500329892
JAYASHANKAR BHUPALPALLI,KATARAM,Garepalle,3415748.479593959,3994869.4735967754
JAYASHANKAR BHUPALPALLI,KATARAM,Bopparam,3415596.2000131398,3997941.376947574
JAYASHANKAR BHUPALPALLI,KATARAM,Kataram,3415439.8093814743,3992795.8057912816
JAYASHANKAR BHUPALPALLI,MAHADEVPUR,Muddulapalle,3436825.241180538,3984270.3903371813
JAYASHANKAR BHUPALPALLI,MAHADEVPUR,Mahadevpur,3427709.957598609,3998955.2242833427
JAYASHANKAR BHUPALPALLI,KATARAM,Gudoor,3421574.1145776343,3986328.955621774
JAYASHANKAR BHUPALPALLI,KATARAM,Nasthurpalle,3420219.8014970087,3995791.512514392
JAYASHANKAR BHUPALPALLI,KATARAM,Veerapoor,3420991.428408694,3990750.3579813046
JAYASHANKAR BHUPALPALLI,MAHADEVPUR,Yenkepalle,3418433.476294452,4004348.1742566945
JAYASHANKAR BHUPALPALLI,KATARAM,Odipilavancha,3419809.225337749,3989412.0987101574
JAYASHANKAR BHUPALPALLI,MALHALRAO,Gandharla,3401192.186050718,3980144.9769255533
JAYASHANKAR BHUPALPALLI,MALHALRAO,Ankanpalle,3402925.065293606,3983131.908262314
JAYASHANKAR BHUPALPALLI,MALHALRAO,Chigurupalle,3405879.525384602,3989447.0825954904
JAYASHANKAR BHUPALPALLI,MALHALRAO,Mothkupalle,3406911.3490018393,3984255.8660480552
JAYASHANKAR BHUPALPALLI,MALHALRAO,Domala Madaram,3406497.8308905144,3986572.6054302766
JAYASHANKAR BHUPALPALLI,KATARAM,Nallagunta,3414179.459967987,3995986.7755462555
JAYASHANKAR BHUPALPALLI,PALIMELA,Kishtapur,3412718.9601402967,4028311.4876971915
JAYASHANKAR BHUPALPALLI,PALIMELA,Bheemanpalle,3415806.7224653647,4020226.0572350533
JAYASHANKAR BHUPALPALLI,KATARAM,Pochampalle,3417185.0408862773,3995618.390649018
JAYASHANKAR BHUPALPALLI,MAHADEVPUR,Tallagadda,3429418.3801649404,3982799.4709315714
JAYASHANKAR BHUPALPALLI,KATARAM,Morepalle,3418099.449291853,3999280.4777814685
JAYASHANKAR BHUPALPALLI,MAHADEVPUR,Kishtaraopet,3420676.9660321036,4005484.2512649
JAYASHANKAR BHUPALPALLI,PALIMELA,Neelampalle,3419876.1873967,4030517.2352931863
JAYASHANKAR BHUPALPALLI,PALIMELA,Burugugudem,3422423.4894461897,4029990.366517439
JAYASHANKAR BHUPALPALLI,MAHADEVPUR,Peddampet,3418923.0230389335,4008540.785675403
JAYASHANKAR BHUPALPALLI,PALIMELA,Pankena,3419499.9647194273,4020293.3706289753
JAYASHANKAR BHUPALPALLI,PALIMELA,Sarvaipet,3420681.865579576,4025999.68739141
JAYASHANKAR BHUPALPALLI,MAHADEVPUR,Ambatpalle,3422826.495001799,4007541.0888609244
JAYASHANKAR BHUPALPALLI,PALIMELA,Palimela,3421046.8038600963,4022775.271646169
JAYASHANKAR BHUPALPALLI,KATARAM,Gundrathpalle,3427447.4545110273,3983905.0126861073
JAYASHANKAR BHUPALPALLI,PALIMELA,Dammur,3424382.7544411835,4029372.9059628937
JAYASHANKAR BHUPALPALLI,KATARAM,Damerakunta,3423699.84208223,3982604.2676476464
JAYASHANKAR BHUPALPALLI,MAHADEVPUR,Suraram,3424184.5833880557,4004385.50577605
JAYASHANKAR BHUPALPALLI,KATARAM,Mallaram,3425453.2171536856,3985962.5232370156
JAYASHANKAR BHUPALPALLI,KATARAM,Raghupalle,3424516.6127560665,3990052.6469067885
JAYASHANKAR BHUPALPALLI,MAHADEVPUR,Bommapur,3425786.711664024,4000090.596755624
JAYASHANKAR BHUPALPALLI,MAHADEVPUR,Elkeswaram,3425106.816194479,4000962.587325555
JAYASHANKAR BHUPALPALLI,MAHADEVPUR,Beglur,3426462.808627274,4003169.7452754206
JAYASHANKAR BHUPALPALLI,MAHADEVPUR,Brahmanapalle,3427685.946961242,3999964.8756434377
JAYASHANKAR BHUPALPALLI,MAHADEVPUR,Nagepalle,3434720.420170159,3985746.4612666904
JAYASHANKAR BHUPALPALLI,MAHADEVPUR,Kaleswaram,3432706.195568385,3990010.2926998613
JAYASHANKAR BHUPALPALLI,MAHADEVPUR,Majeedpalle,3436254.955056056,3990447.0404174314
JAYASHANKAR BHUPALPALLI,MAHADEVPUR,Palgula,3439005.0357972523,3983455.9692144357
JAYASHANKAR BHUPALPALLI,MAHADEVPUR,Kuntlam,3441092.985485855,3983926.0121191987
JAYASHANKAR BHUPALPALLI,PALIMELA,Boyapalmela,3422901.101418796,4025678.658932593
JAYASHANKAR BHUPALPALLI,MAHADEVPUR,Kancherlapalle,3423250.2335041426,3993241.92859403
JAYASHANKAR BHUPALPALLI,MAHADEVPUR,Kothapeta,3425711.5557428137,3995082.9688410205
JAYASHANKAR BHUPALPALLI,MAHADEVPUR,Kannepalle,3434345.2232402074,3991996.5399327283
JAYASHANKAR BHUPALPALLI,MAHADEVPUR,Balijapur,3437888.5830946653,3985839.1233052257
JAYASHANKAR BHUPALPALLI,KOTHAPALLYGORI,Konaraopet,3368982.0548879774,3983595.97739958
JAYASHANKAR BHUPALPALLI,REGONDA,Tirumalagiri,3373551.7128810138,3979893.3633171264
JAYASHANKAR BHUPALPALLI,BHUPALPALLI,Kamalapur,3398277.138920664,3991339.9177652006
JAYASHANKAR BHUPALPALLI,CHITYAL,Kalvapalle,3398943.27258544,3965092.2310800646
JAYASHANKAR BHUPALPALLI,BHUPALPALLI,Budharam,3395897.301277419,4005156.810731513
JAYASHANKAR BHUPALPALLI,BHUPALPALLI,Rampur,3394757.913226759,4000963.16717574
JAYASHANKAR BHUPALPALLI,BHUPALPALLI,Nandigama,3397327.0526047344,4008406.048189408
JAYASHANKAR BHUPALPALLI,TEKUMATLA,Ramakistapur (V),3393094.4894335917,3960413.6318943077
JAYASHANKAR BHUPALPALLI,BHUPALPALLI,Vajinepalle,3392280.7249701438,3975380.805906546
JAYASHANKAR BHUPALPALLI,TEKUMATLA,Velchal,3393288.683754255,3961031.130269031
JAYASHANKAR BHUPALPALLI,TEKUMATLA,Raghavapur,3394912.374179984,3964735.740515149
JAYASHANKAR BHUPALPALLI,BHUPALPALLI,Neredpalle,3394839.7145097214,3974327.609341793
JAYASHANKAR BHUPALPALLI,MOGULLAPALLY,Gudipahad,3379500.963244586,3960692.958564224
JAYASHANKAR BHUPALPALLI,BHUPALPALLI,Pandipampula,3390846.6016236907,4013718.482766705
JAYASHANKAR BHUPALPALLI,TEKUMATLA,Kundanpalle,3393350.2745628413,3958599.9262725506
JAYASHANKAR BHUPALPALLI,KOTHAPALLYGORI,Chinnakodepaka,3368656.7277490306,3974528.128364849
JAYASHANKAR BHUPALPALLI,BHUPALPALLI,Kothapalle,3386106.8061239426,3978939.2822976504
JAYASHANKAR BHUPALPALLI,TEKUMATLA,Ramakistapur (T),3388547.831337393,3965862.8127526892
JAYASHANKAR BHUPALPALLI,MOGULLAPALLY,Gundlakarthi,3378958.6695072884,3957444.7190832435
JAYASHANKAR BHUPALPALLI,MOGULLAPALLY,Issipet,3377712.6081920615,3963572.4960070373
JAYASHANKAR BHUPALPALLI,CHITYAL,Jadalapet,3389231.0714023104,3971500.9864009507
JAYASHANKAR BHUPALPALLI,BHUPALPALLI,Kompalle (Part),3392142.9251634064,3983022.967549552
JAYASHANKAR BHUPALPALLI,BHUPALPALLI,Dudekulapalle,3392332.2680906616,4010364.5947007095
JAYASHANKAR BHUPALPALLI,TEKUMATLA,Tekumatla,3391296.897249901,3963467.94182561
JAYASHANKAR BHUPALPALLI,BHUPALPALLI,Gorlavedu,3392315.3856688063,3978271.5768688135
JAYASHANKAR BHUPALPALLI,CHITYAL,Chain Paka,3392862.3115095873,3968163.6938219573
JAYASHANKAR BHUPALPALLI,TEKUMATLA,Empedu,3394299.2497087256,3956867.497091386
JAYASHANKAR BHUPALPALLI,BHUPALPALLI,Bhupalpally (M),3395650.505467732,3985081.349108616
JAYASHANKAR BHUPALPALLI,KOTHAPALLYGORI,Kothapallygori,3365111.9705585656,3982099.3359636646
JAYASHANKAR BHUPALPALLI,KOTHAPALLYGORI,Jamshedbaigpet,3368212.144832057,3979456.039762029
JAYASHANKAR BHUPALPALLI,TEKUMATLA,Dubyala,3388868.051422658,3956917.83263832
JAYASHANKAR BHUPALPALLI,KOTHAPALLYGORI,Sulthanpur,3369971.3920369255,3981788.7774371337
JAYASHANKAR BHUPALPALLI,KOTHAPALLYGORI,Chennapur,3370979.3486070223,3973775.6055821055
JAYASHANKAR BHUPALPALLI,REGONDA,Dammannapet,3372657.5693226736,3972595.3942018924
JAYASHANKAR BHUPALPALLI,KOTHAPALLYGORI,Jaggaiahpet,3370699.477075722,3978433.793875319
JAYASHANKAR BHUPALPALLI,REGONDA,Kanaparthy,3375020.2377289743,3970600.9066687147
JAYASHANKAR BHUPALPALLI,REGONDA,Regonda,3374364.7246156647,3975381.8923476776
JAYASHANKAR BHUPALPALLI,REGONDA,Lingala,3377264.4680352774,3974467.4622982102
JAYASHANKAR BHUPALPALLI,MOGULLAPALLY,Pothugal,3386170.973415935,3960840.3102857736
JAYASHANKAR BHUPALPALLI,MOGULLAPALLY,Akinepalle,3386783.78252643,3957763.8025659034
JAYASHANKAR BHUPALPALLI,MOGULLAPALLY,Metpalle,3376999.4569812086,3956373.9848797023
JAYASHANKAR BHUPALPALLI,MOGULLAPALLY,Vemulapalle,3377611.2414954156,3959441.1203127764
JAYASHANKAR BHUPALPALLI,REGONDA,Ramannaguda,3375525.1398407496,3982547.7617009035
JAYASHANKAR BHUPALPALLI,MOGULLAPALLY,Rangapuram,3377515.848031348,3966462.82092786
JAYASHANKAR BHUPALPALLI,REGONDA,Repaka,3377880.1790550794,3971007.628335639
JAYASHANKAR BHUPALPALLI,REGONDA,Kodavatancha,3379341.2409860454,3973467.8423534953
JAYASHANKAR BHUPALPALLI,GHANPUR MULUG,Budharam,3378586.6767279194,3985421.1102894074
JAYASHANKAR BHUPALPALLI,MOGULLAPALLY,Medaramatla,3379891.639656702,3965477.5333682336
JAYASHANKAR BHUPALPALLI,MOGULLAPALLY,Motlapalle,3379896.2600161885,3955693.483373529
JAYASHANKAR BHUPALPALLI,CHITYAL,Challagarige,3380907.101024809,3971400.148779779
JAYASHANKAR BHUPALPALLI,MOGULLAPALLY,Pidisilla,3380815.0484854644,3958673.3013824094
JAYASHANKAR BHUPALPALLI,CHITYAL,Jookal,3380713.3640966695,3968531.014735991
JAYASHANKAR BHUPALPALLI,MOGULLAPALLY,Mulkalapalle,3381883.241991487,3960860.4404639616
JAYASHANKAR BHUPALPALLI,GHANPUR MULUG,Mylaram,3381276.324959039,3981956.2541782684
JAYASHANKAR BHUPALPALLI,REGONDA,Madathapalle,3381732.4983202517,3973781.091082282
JAYASHANKAR BHUPALPALLI,MOGULLAPALLY,Ankushapur,3382578.454844093,3964665.4836605554
JAYASHANKAR BHUPALPALLI,REGONDA,Bhagirthipet,3379456.9253875455,3978084.9527099296
JAYASHANKAR BHUPALPALLI,REGONDA,Ponagandla,3382855.730056932,3975654.1438519466
JAYASHANKAR BHUPALPALLI,MOGULLAPALLY,Mogullapalle,3381870.760040127,3963071.4862777796
JAYASHANKAR BHUPALPALLI,CHITYAL,Chityal,3382718.613885647,3966131.682382928
JAYASHANKAR BHUPALPALLI,MOGULLAPALLY,Kurkishala,3384126.47287731,3961384.415088294
RANGA REDDY,GANDIPET,OSMAN SAGAR,3280283.7848024783,3821298.429635881
RANGA REDDY,ABDULLAPURMET,RF,3267349.354833263,3860800.0456008352
RANGA REDDY,ABDULLAPURMET,MANSURABAD RF,3280348.6482842597,3852620.9404902947
RANGA REDDY,ABDULLAPURMET,RF,3274802.1880508196,3861016.6970991762
RANGA REDDY,GANDIPET,HIMAYATSAGAR LAKE,3272980.945144067,3827076.8651190586
JAYASHANKAR BHUPALPALLI,CHITYAL,Thirmalapur,3384231.5891247317,3968398.167937056
JAYASHANKAR BHUPALPALLI,CHITYAL,Muchiniparthi,3383593.213455117,3971851.343609164
JAYASHANKAR BHUPALPALLI,MOGULLAPALLY,Parlapalle,3383398.533744125,3956782.3175639403
JAYASHANKAR BHUPALPALLI,GHANPUR MULUG,Kondapur,3383622.105923553,3992454.8810769534
JAYASHANKAR BHUPALPALLI,MOGULLAPALLY,Peddakomatipalle,3383988.166678672,3958989.7878937856
JAYASHANKAR BHUPALPALLI,CHITYAL,Gopalpur,3384985.674694933,3974618.4560617814
JAYASHANKAR BHUPALPALLI,CHITYAL,Navabpet,3385410.6456378005,3964228.7477221815
JAYASHANKAR BHUPALPALLI,TEKUMATLA,Ankushapur,3388585.8306279248,3962353.8854846936
JAYASHANKAR BHUPALPALLI,CHITYAL,Kailapur,3386993.456969722,3967923.197656998
JAYASHANKAR BHUPALPALLI,GHANPUR MULUG,Dharmaraopet,3386712.6456582476,3988394.2037798814
JAYASHANKAR BHUPALPALLI,GHANPUR MULUG,Chelpur,3387808.8118966604,3984116.4140235838
JAYASHANKAR BHUPALPALLI,TEKUMATLA,Raghavareddypet,3389118.9727111673,3959945.435898102
JAYASHANKAR BHUPALPALLI,BHUPALPALLI,Gudadupalle,3389576.294806639,3980162.7429983104
JAYASHANKAR BHUPALPALLI,CHITYAL,Vodthala,3388523.133140547,3975332.3120264225
JAYASHANKAR BHUPALPALLI,TEKUMATLA,Pangidipalle,3391511.6113570435,3962323.390057254
JAYASHANKAR BHUPALPALLI,TEKUMATLA,Gummadavalli,3391593.4389432105,3959881.214910577
JAYASHANKAR BHUPALPALLI,TEKUMATLA,Vellampalle,3391008.5521472557,3957667.594926346
JAYASHANKAR BHUPALPALLI,TEKUMATLA,Garmillapalli,3395740.479623207,3961548.9781708373
JAYASHANKAR BHUPALPALLI,TEKUMATLA,Bornapalli,3396509.82882445,3958662.876863695
JAYASHANKAR BHUPALPALLI,CHITYAL,Giddemutharam,3397105.2156085456,3965549.128192032
JAYASHANKAR BHUPALPALLI,TEKUMATLA,Venkatraopalli,3398170.766428557,3958524.3963583997
JAYASHANKAR BHUPALPALLI,TEKUMATLA,Kalikota,3398290.2708213446,3961927.891172819
JAYASHANKAR BHUPALPALLI,CHITYAL,Vencherami,3398212.072581904,3970108.71576367
JAYASHANKAR BHUPALPALLI,BHUPALPALLI,Nagaram,3401443.570089908,4005231.62375676
JAYASHANKAR BHUPALPALLI,BHUPALPALLI,Azamnagar,3403201.1298035355,4006595.2640095167
JAYASHANKAR BHUPALPALLI,GHANPUR MULUG,Karkapalle,3384534.503942413,3982225.8183292076
JAYASHANKAR BHUPALPALLI,GHANPUR MULUG,Burrakayalagudem,3383231.66496753,3983816.742316595
JAYASHANKAR BHUPALPALLI,GHANPUR MULUG,Ghanpur,3381892.3083381318,3986330.2844711626
JAYASHANKAR BHUPALPALLI,GHANPUR MULUG,Thupuram,3382832.8089453774,3988610.980184536
JAYASHANKAR BHUPALPALLI,MAHADEVPUR,Laxmipur,3420259.399635797,4001860.352530088
JAYASHANKAR BHUPALPALLI,BHUPALPALLI,Peddapur,3388691.566652005,3992794.3532026922
PEDDAPALLI,MUTHARAM (MNT),Shatharajpalli,3400551.1452996954,3958825.738509753
JAGTIAL,GOLLAPALLI,Raghavapatnam,3431177.8690856695,3899669.224924191
JAGTIAL,PEGADAPALLI,Narsimhunipeta,3419675.0128340265,3906431.2338660425
JAGTIAL,BHEEMARAM,Pasnoor,3418030.9178102477,3872498.839378868
JAGTIAL,VELGATUR,Jagdevpet,3437378.945530379,3911614.8067721673
JAGTIAL,JAGTIAL RURAL,Chelgal,3436225.0231368234,3883385.837037698
JAGTIAL,METPALLI,Bandalingapur,3437176.7327024085,3852386.488257085
JAGTIAL,KORATLA,Venkatapur,3437925.0531809987,3870753.754427773
JAGTIAL,KORATLA,Korutla (M),3436784.146583621,3865746.226638366
JAGTIAL,KODMIAL,Nallagonda,3411133.2771906964,3886334.8027639473
JAGTIAL,GOLLAPALLI,Abbapur,3437250.795218286,3906839.975877267
JAGTIAL,VELGATUR,Kishanraopet,3436706.4071821873,3917979.6752679003
JAGTIAL,GOLLAPALLI,Vengalapur,3436916.907366637,3897562.9294156106
JAGTIAL,VELGATUR,Chegyam,3435958.952693215,3924886.261095965
JAGTIAL,KATHLAPUR,Kalikota,3418398.9134847643,3863440.803812987
JAGTIAL,KODMIAL,Thirmalapur,3419557.926010191,3882467.864499104
JAGTIAL,KODMIAL,Ramsagar,3420593.079401542,3885770.9950752975
JAGTIAL,PEGADAPALLI,Aithupalli,3420613.467059461,3898868.9997755606
JAGTIAL,KODMIAL,Sanivarampeta,3421114.0706051174,3883355.744506746
JAGTIAL,BEERPUR,Mangela,3461505.6675462765,3890248.28086111
JAGTIAL,RAIKAL,Bornapalle,3460656.3139720275,3880756.5268959436
JAGTIAL,DHARMAPURI,Arepalli,3463333.978261011,3898668.6501263604
JAGTIAL,METPALLI,Rajeshwarraopet,3439147.967083775,3851137.0305557535
JAGTIAL,VELGATUR,Muthunur,3439723.597003419,3920116.077294664
JAGTIAL,IBRAHIMPATNAM,Errapur,3440802.89721348,3849555.7401077393
JAGTIAL,BUGGARAM,Sirikonda,3441049.626470687,3907917.0914601604
JAGTIAL,VELGATUR,Beersani,3441468.632903007,3909766.7377352524
JAGTIAL,KORATLA,Madhapur,3440243.2623135326,3869277.677789981
JAGTIAL,PEGADAPALLI,Keesulatapalli,3420886.7403234206,3908004.827689884
JAGTIAL,BHEEMARAM,Bheemaram,3427416.3094682884,3873920.6072108503
JAGTIAL,PEGADAPALLI,Divikonda,3428007.0549736493,3907855.5325957835
JAGTIAL,KATHLAPUR,Ippapalle,3421383.221358157,3863336.625360084
JAGTIAL,KODMIAL,Konapur,3419756.717488415,3878502.157461585
JAGTIAL,VELGATUR,Mukkatraopet,3440764.923761563,3918149.765521226
JAGTIAL,GOLLAPALLI,Chandoli,3434583.7213010034,3909859.7880276353
JAGTIAL,GOLLAPALLI,Mallannapet,3434578.295309917,3897552.3563083345
JAGTIAL,GOLLAPALLI,Gollapalli,3434181.1305586575,3901752.225646068
JAGTIAL,JAGTIAL RURAL,Thimmapur (Part),3435903.9060975206,3891039.2881927583
JAGTIAL,RAIKAL,Mahitapur,3443498.795655845,3875939.0637539527
JAGTIAL,BUGGARAM,Chinnapur,3444335.2684128326,3899075.721914812
JAGTIAL,METPALLI,Vempet,3442997.8112685834,3859902.766501499
JAGTIAL,KORATLA,Paidimadugu,3443748.2769337706,3872385.606115861
JAGTIAL,IBRAHIMPATNAM,Dabba,3444221.05284496,3850342.4162884858
JAGTIAL,KODMIAL,Gourapur,3417001.4574741786,3893362.0164580303
JAGTIAL,ENDAPALLI,Godishelpet,3432795.42426495,3921600.6007837136
JAGTIAL,KORATLA,Nagulapet,3433686.7032782054,3867050.2731222366
JAGTIAL,ENDAPALLI,Gullakota,3430867.1575551247,3911486.173559594
JAGTIAL,KORATLA,Dharmaram,3445250.7907151664,3866997.9213531786
JAGTIAL,JAGTIAL RURAL,Habsipur,3444644.5536485524,3895238.129638507
JAGTIAL,DHARMAPURI,Rayapatnam,3444927.855672811,3911040.0778694465
JAGTIAL,IBRAHIMPATNAM,Godur,3444974.305147118,3857132.063066053
JAGTIAL,RAIKAL,Uppumadige,3446002.6934985826,3882000.846304657
JAGTIAL,MALLAPUR,Muthyampet,3445355.9531650534,3861290.216407753
JAGTIAL,RAIKAL,Kummaripalle,3446073.845969512,3879669.799538875
JAGTIAL,BEERPUR,Rekulapalli,3463490.4247843307,3895646.0470846808
JAGTIAL,BEERPUR,Kolvai,3462349.1192519125,3896592.2671014345
JAGTIAL,BEERPUR,Thalla Dharmaram,3462786.974098195,3893706.7580150873
JAGTIAL,RAIKAL,Mootapalle,3453174.0132742045,3876368.0446042656
JAGTIAL,BUGGARAM,Buggaram,3442060.278681439,3901185.705281608
JAGTIAL,BUGGARAM,Gopulapuram,3442431.3329385696,3905551.5564720603
JAGTIAL,MALLAPUR,Mallapur,3453709.4666299494,3865938.9254497373
JAGTIAL,SARANGAPUR,Ganeshpalli,3454815.8810659647,3890195.542591017
JAGTIAL,BEERPUR,Narsimlapalli,3456651.9168783086,3895528.966534819
JAGTIAL,IBRAHIMPATNAM,Vemulakurthi,3454276.262751328,3854949.209758493
JAGTIAL,RAIKAL,Katkapur,3456148.811966638,3886307.1377131254
JAGTIAL,ENDAPALLI,Kothapet,3432248.97516503,3917483.98624125
JAGTIAL,JAGTIAL RURAL,Narsingapur (Part),3430013.046577418,3888998.8911513994
JAGTIAL,JAGTIAL RURAL,Veldurti,3432299.093523847,3890667.349328239
JAGTIAL,ENDAPALLI,Padkal,3432730.425707451,3918889.305956703
JAGTIAL,GOLLAPALLI,Gunjapadugu,3432391.2705168943,3903661.76211113
JAGTIAL,GOLLAPALLI,Thirmalapur,3431238.3795404397,3905288.3714772337
JAGTIAL,MEDIPALLI,Kalvakota,3431068.71745422,3873451.7548621027
JAGTIAL,KATHLAPUR,Thakkallapalle,3431213.397855391,3868495.610510206
JAGTIAL,GOLLAPALLI,Sriramulapally,3432840.0920838793,3897049.351380181
JAGTIAL,KATHLAPUR,Sirkonda,3432268.896736032,3864085.404111915
JAGTIAL,ENDAPALLI,Shanabanda,3433618.621998464,3923609.5229817242
JAGTIAL,BEERPUR,Cherlapalli,3457591.0706757167,3892098.8228009916
JAGTIAL,MALLIAL,Manala,3428062.045389195,3893208.759158441
JAGTIAL,MALLIAL,Potharam,3428404.0833211318,3884966.062366534
JAGTIAL,ENDAPALLI,Pathagudur,3430420.868358559,3918841.047592524
JAGTIAL,MALLIAL,Myadampalle,3428950.280582081,3897158.491749821
JAGTIAL,BHEEMARAM,Rangapur,3430740.0863692444,3875396.7822099896
JAGTIAL,JAGTIAL RURAL,Anthargaon,3431011.5367205315,3883420.004413445
JAGTIAL,KATHLAPUR,Kathlapur,3429384.8738886756,3862912.8705603816
JAGTIAL,GOLLAPALLI,Battu Buttamraj Palli,3430777.8102016053,3894659.0890148496
JAGTIAL,GOLLAPALLI,Aggimalla,3431197.398001753,3902218.5631450973
JAGTIAL,KATHLAPUR,Ambaripet,3419525.5577278766,3866197.586536189
JAGTIAL,MALLIAL,Rampur,3429780.5925529157,3881341.607446756
JAGTIAL,MEDIPALLI,Dammannapeta,3431323.5580196343,3871678.831629546
JAGTIAL,METPALLI,Rangaraopet,3430772.4892397122,3851031.32136209
JAGTIAL,KATHLAPUR,Thurthi,3418502.9758934635,3868733.014561452
JAGTIAL,KODMIAL,Surampeta,3416746.892348671,3876338.5743107856
JAGTIAL,MALLIAL,Balwanthapur,3419770.873815787,3892279.313298197
JAGTIAL,KODMIAL,Nachupalle,3418748.836123995,3888077.5455285325
JAGTIAL,PEGADAPALLI,Nandagiri,3419961.4821844446,3901033.9388716244
JAGTIAL,PEGADAPALLI,Namapur,3420468.915954502,3904313.372770362
JAGTIAL,KODMIAL,Potharam,3416720.4716588133,3880342.023580033
JAGTIAL,MALLIAL,Sarvapur,3422050.216711487,3892371.4250111966
JAGTIAL,MALLIAL,Thatipalle,3422550.26326369,3894924.5913797757
JAGTIAL,KATHLAPUR,Thandriyal,3423042.209783225,3865145.413658864
JAGTIAL,PEGADAPALLI,Pegadapalli,3423207.829942124,3902891.9734336063
JAGTIAL,PEGADAPALLI,Yellapur,3423142.084183618,3907393.509228884
JAGTIAL,MALLIAL,Nookapalle,3425204.3340351894,3886899.1266014026
JAGTIAL,MALLIAL,Obulapur,3426850.5545538566,3881113.864466023
JAGTIAL,BHEEMARAM,Venkataraopeta,3426893.2769345846,3876994.0297618182
JAGTIAL,KATHLAPUR,Gambhirpur,3422763.669462641,3868340.929125685
JAGTIAL,MALLIAL,Gorregundam,3423863.1000163234,3881702.6024670745
JAGTIAL,MALLIAL,Muthyampeta,3422596.1720048655,3889224.7598340916
JAGTIAL,BHEEMARAM,Voddedu,3424045.5388633674,3878013.750688069
JAGTIAL,KATHLAPUR,Posanipeta,3424753.9322093576,3864849.8950881376
JAGTIAL,MALLIAL,Maddutla,3424410.6293342663,3884474.3374605896
JAGTIAL,BHEEMARAM,Lingampeta,3425716.691065289,3869795.8128040633
JAGTIAL,KATHLAPUR,Potharam,3420951.2802542234,3860192.2497737547
JAGTIAL,MALLIAL,Thakkallapalle,3425484.9417889128,3895569.986647553
JAGTIAL,KATHLAPUR,Chinthakunta,3423723.1255824193,3860952.5029203026
JAGTIAL,PEGADAPALLI,Legalamarri,3426288.04413262,3909355.5937145734
JAGTIAL,KATHLAPUR,Bommena,3426662.0871940525,3868162.8990860474
JAGTIAL,PEGADAPALLI,Aravelli,3424836.082474498,3898472.3525374727
JAGTIAL,MALLIAL,Mallial,3425583.762985698,3891285.7578042173
JAGTIAL,PEGADAPALLI,Bathkepalli,3426900.2060747105,3900861.3719612733
JAGTIAL,PEGADAPALLI,Vengalaipet,3427457.4298497154,3903039.621158846
JAGTIAL,KATHLAPUR,Bhushanraopeta,3427807.372095974,3860298.366471949
JAGTIAL,KATHLAPUR,Dulur,3427705.576063409,3866535.8168314015
JAGTIAL,PEGADAPALLI,Nancherla,3427071.710394285,3905340.973430027
JAGTIAL,KATHLAPUR,Dumpeta,3426730.429460235,3864125.7332539908
JAGTIAL,KATHLAPUR,Ootapalle,3429418.9881114718,3860007.7211751207
JAGTIAL,ENDAPALLI,Endapalli,3431177.210661018,3915290.827166534
JAGTIAL,MEDIPALLI,Kondapur,3432007.0655004955,3877197.226867352
JAGTIAL,KATHLAPUR,Peggerla,3432296.033426869,3860175.93156467
JAGTIAL,METPALLI,Jaggasagar,3433194.54044528,3857082.3239699383
JAGTIAL,METPALLI,Kondrikarla,3433520.6575164413,3858593.9947736473
JAGTIAL,JAGTIAL,Mothe,3434354.480055433,3889904.8330313875
JAGTIAL,KORATLA,Sangem,3434623.92334493,3867611.606347052
JAGTIAL,JAGTIAL RURAL,Dharmaram,3434630.4892798965,3894059.1084107882
JAGTIAL,METPALLI,Metlachittapur,3433984.8129125405,3852562.226204421
JAGTIAL,JAGTIAL RURAL,Jabithapur,3433349.630864881,3892969.642843858
JAGTIAL,MEDIPALLI,Machapur,3433851.5505496473,3871454.5313662332
JAGTIAL,MEDIPALLI,Vallampalle,3433906.4697907213,3873591.116082574
JAGTIAL,METPALLI,Rama Lachakkapet,3433064.3812079155,3854865.907796422
JAGTIAL,ENDAPALLI,Ambaripet,3434245.971048247,3916053.7815213623
JAGTIAL,VELGATUR,Sankenapalli,3434950.8235567026,3918807.219449277
JAGTIAL,JAGTIAL RURAL,Thatipalli,3434594.583739791,3880527.5998026915
JAGTIAL,KORATLA,Gumlapur,3435568.231161636,3870847.0592287
JAGTIAL,MEDIPALLI,Medipalle,3434648.2344928626,3877687.1616599043
JAGTIAL,METPALLI,Ramchandrampet,3435883.458171775,3854903.0547836493
JAGTIAL,GOLLAPALLI,Chilvakodur,3435032.3977670064,3905257.3453637315
JAGTIAL,VELGATUR,Paidipalli,3435329.831750466,3921284.999035083
JAGTIAL,METPALLI,Peddapur,3435907.212693591,3860905.711238103
JAGTIAL,GOLLAPALLI,Israjpalli,3438297.370618054,3901599.5956906453
JAGTIAL,JAGTIAL RURAL,Morapalli,3438110.560745795,3880764.766703922
JAGTIAL,BUGGARAM,Gangapur,3438802.1360707884,3898879.237467955
JAGTIAL,GOLLAPALLI,Bonkur,3439081.5897228676,3907553.5639854735
JAGTIAL,MEDIPALLI,Katlakunta,3438641.348909616,3876447.8329489254
JAGTIAL,METPALLI,Medipalli (W),3439519.3549892884,3853758.6978123835
JAGTIAL,JAGTIAL RURAL,Porandla,3439390.973613727,3887192.551336295
JAGTIAL,JAGTIAL RURAL,Anantharam,3439135.619924337,3894971.115621778
JAGTIAL,JAGTIAL RURAL,Kannapur,3439917.5278765475,3884779.4446589286
JAGTIAL,METPALLI,Chowlamaddi (Part),3438910.529511216,3860873.5141923
JAGTIAL,VELGATUR,Kapparaopet,3439453.1862141937,3916920.285762912
JAGTIAL,METPALLI,Metpalli (M),3441463.5174022806,3856164.16326269
JAGTIAL,KORATLA,Joganpalli,3441442.371194939,3873954.1367410063
JAGTIAL,JAGTIAL RURAL,Takkallapalli,3441551.8425182495,3894484.284597269
JAGTIAL,SARANGAPUR,Konapur,3441595.700954847,3888773.4988244697
JAGTIAL,JAGTIAL RURAL,Somanpalli,3442973.1597670065,3895561.6409118986
JAGTIAL,IBRAHIMPATNAM,Ammakkapet,3441619.016841419,3852495.567846107
JAGTIAL,JAGTIAL RURAL,Gullapeta,3441912.393276858,3891691.2644576146
JAGTIAL,JAGTIAL RURAL,Kalleda,3441483.597214241,3897205.445058035
JAGTIAL,KORATLA,Yusufnagar,3442490.109880596,3862723.6114109247
JAGTIAL,SARANGAPUR,Arpapalli,3443119.8823335296,3892679.36707166
JAGTIAL,KORATLA,Ailapur,3441489.1913764607,3865405.5209542
JAGTIAL,BUGGARAM,Maddunur,3443071.5679050838,3907960.5648261453
JAGTIAL,BUGGARAM,Sirivanchakota,3443769.1362467194,3904079.580208772
JAGTIAL,VELGATUR,Sthambhampalli,3442298.8522078968,3912466.3247454087
JAGTIAL,SARANGAPUR,Nagunur,3444075.2878518277,3886204.561493619
JAGTIAL,MEDIPALLI,Pormalla,3441853.517172358,3878607.2966895043
JAGTIAL,KORATLA,Kallur,3442986.9472237057,3868950.663108803
JAGTIAL,RAIKAL,Allipur,3442849.439567488,3882960.8138211947
JAGTIAL,SARANGAPUR,Pembetla,3444328.371036951,3889084.882508756
JAGTIAL,MALLAPUR,Sataram,3445782.897991155,3869404.6516005406
JAGTIAL,BUGGARAM,Velgonda,3445965.4868571674,3901694.827439871
JAGTIAL,SARANGAPUR,Rangapet,3445834.9347471693,3886739.432274179
JAGTIAL,MALLAPUR,Chittapur,3446269.119128893,3864769.279763725
JAGTIAL,DHARMAPURI,Thimmapur,3446469.7381068766,3909133.6552339722
JAGTIAL,SARANGAPUR,Laxmidevipalle,3445949.246763931,3891021.5725415475
JAGTIAL,DHARMAPURI,Nagaram,3448498.4851754764,3902737.530713161
JAGTIAL,IBRAHIMPATNAM,Varshakonda,3447309.2273672107,3848463.3216401204
JAGTIAL,IBRAHIMPATNAM,Thimmapur,3448068.304606148,3857128.6086505745
JAGTIAL,MALLAPUR,Gundampalli,3447911.86852691,3867748.612812606
JAGTIAL,MALLAPUR,Raghavapeta,3448105.795041579,3860989.2272877223
JAGTIAL,RAIKAL,Veerapur,3448515.9425591137,3880536.351105503
JAGTIAL,RAIKAL,Ramajipet,3448632.0974294324,3878792.394329461
JAGTIAL,RAIKAL,Raikal (M),3446596.7911565765,3876815.0637433142
JAGTIAL,DHARMAPURI,Kamalapur,3447290.3928030212,3905921.9687261074
JAGTIAL,RAIKAL,Itkyal,3448187.4916203404,3871758.5713971145
JAGTIAL,IBRAHIMPATNAM,Ibrahimpatnam,3447223.9693280756,3853221.8844136987
JAGTIAL,RAIKAL,Alur,3448363.2368068914,3883729.688396035
JAGTIAL,SARANGAPUR,Sarangapur,3448615.379950539,3892608.2034547213
JAGTIAL,MALLAPUR,Sirpur,3450232.7260615504,3862397.459442019
JAGTIAL,MALLAPUR,Regunta,3451019.23306,3871416.7098814365
JAGTIAL,DHARMAPURI,Nerella,3448923.2843291927,3898634.035166135
JAGTIAL,DHARMAPURI,Thummenala,3451552.328056732,3901678.430842269
JAGTIAL,RAIKAL,Bhoopathipur,3450674.52852535,3880453.630705369
JAGTIAL,DHARMAPURI,Dharmapuri (M),3451840.3064699275,3905501.7101634145
JAGTIAL,RAIKAL,Dharmajipet,3452384.605414019,3882512.7607759116
JAGTIAL,SARANGAPUR,Rechapalli,3450195.878282723,3888462.566879225
JAGTIAL,IBRAHIMPATNAM,Erdandi,3451790.3948902013,3851027.32214239
JAGTIAL,SARANGAPUR,Battapalli,3450402.652206481,3895262.5144406673
JAGTIAL,RAIKAL,Tatlavai,3453004.7076624827,3884988.0060563143
JAGTIAL,SARANGAPUR,Potharam,3453319.547784295,3892898.488092846
JAGTIAL,RAIKAL,Vasthapur,3454528.2881306135,3882052.374568531
JAGTIAL,IBRAHIMPATNAM,Mularampur,3454667.57454857,3851513.0681335106
JAGTIAL,MALLAPUR,Mogalpet,3453560.5835696687,3860877.7113905004
JAGTIAL,MALLAPUR,Gorrepalli,3453948.062518276,3870035.6825664937
JAGTIAL,DHARMAPURI,Rajaram,3454675.653794275,3903420.1333075883
JAGTIAL,BEERPUR,Beerpur,3455005.9707565815,3896621.242167578
JAGTIAL,DHARMAPURI,Donur,3454724.3315562014,3899126.7016491215
JAGTIAL,RAIKAL,Chintalur,3455425.387069645,3879298.582825437
JAGTIAL,RAIKAL,Devanpalle,3457311.6861545634,3882713.7000901317
JAGTIAL,ENDAPALLI,Suraram,3430951.388548448,3921165.752136141
JAGTIAL,KATHLAPUR,Naga Mallappakunta,3429669.203459201,3865458.6571416804
JAGTIAL,MALLAPUR,Laxmipur,3449111.9929924076,3865247.020371894
JAGTIAL,MALLAPUR,Adavimadhapur,3451070.099259606,3868246.7096879575
JAGTIAL,KODMIAL,Namilikonda,3412278.539263451,3892150.623149739
JAGTIAL,METPALLI,Atmakur,3429350.0450848714,3855134.997677521
JAGTIAL,JAGTIAL,Dharur,3431193.0540501955,3886948.1329222303
JAGTIAL,BUGGARAM,Yashwantharaopet,3440351.5153038804,3899602.6199450246
JAGTIAL,KODMIAL,Pudur,3416832.8831119244,3891190.837359053
JAGTIAL,BHEEMARAM,Govindaram,3422371.333067791,3872709.6074696826
JAGTIAL,BHEEMARAM,Raghojipeta,3425142.8841871396,3875676.9839915424
JAGTIAL,DHARMAPURI,Theegaladharmaram,3457757.530834154,3899382.3685685936
JAGTIAL,MALLAPUR,Valgonda,3457627.3508319566,3868920.185915511
JAGTIAL,MALLAPUR,Obulapur,3456878.621764064,3863003.355720024
JAGTIAL,DHARMAPURI,Jaina,3458102.0219288846,3903411.2295314856
JAGTIAL,BEERPUR,Thungur,3457818.7020764137,3895088.6424559397
JAGTIAL,MALLAPUR,Damarajapalli,3459052.9892451824,3865747.025819219
JAGTIAL,BEERPUR,Kandlapalli,3459826.0039007026,3892670.208691119
JAGTIAL,BEERPUR,Rangasagar,3459208.8280953667,3887427.8889619675
JAGTIAL,MALLAPUR,Vempalli Venkatraopet,3457092.3329418413,3873845.1190130864
JAGTIAL,KODMIAL,Thippaipalle,3411518.561161391,3888532.219441759
JAGTIAL,KODMIAL,Cheppial,3414360.426215864,3889016.8319140165
JAGTIAL,KODMIAL,Kodimial,3414829.1313578393,3886579.31633825
JAGTIAL,KODMIAL,Kondapur,3415299.123239558,3883420.7541534626
JAGTIAL,BHEEMARAM,Mannegudem,3428330.894198275,3870357.7762377495
JAGTIAL,MEDIPALLI,Kacharam,3428867.8846218153,3877819.879117446
JAGTIAL,GOLLAPALLI,Datnur,3436214.669853017,3908525.7010886124
JAGTIAL,GOLLAPALLI,Rapalle,3436403.5920820986,3900313.141761192
JAGTIAL,JAGTIAL RURAL,Laxmipuram,3436236.7030187473,3894518.14888244
JAGTIAL,ENDAPALLI,Kondapur,3435045.4749436416,3913702.8338041045
JAGTIAL,JAGTIAL RURAL,Kandlapalli,3437231.802312716,3886085.6174775325
JAGTIAL,KORATLA,Mohanraopet,3436987.8529390045,3873926.366640327
JAGTIAL,MALLIAL,Rajaram,3429797.508130951,3886429.7269263305
JAGTIAL,VELGATUR,Velgatur,3439328.26324887,3913512.5531570646
JAGTIAL,JAGTIAL,Tippannapet,3438045.6566320937,3889883.24954636
JAGTIAL,VELGATUR,Ramnur,3438277.418372341,3922174.152201546
JAGTIAL,GOLLAPALLI,Lothunur,3439311.7824799484,3909428.25301458
JAGTIAL,JAGTIAL RURAL,Polasa,3438589.5598761537,3891918.760675737
JAGTIAL,GOLLAPALLI,Venugumatla,3438665.982294181,3904858.795045395
JAGTIAL,KORATLA,Chinna Metpalli,3440072.83497251,3872673.1996115525
JAGTIAL,BUGGARAM,Shakalla,3440023.309128799,3903462.722310518
JAGTIAL,RAIKAL,Kistampet,3440350.03906394,3883452.313860686
JAGTIAL,IBRAHIMPATNAM,Komatikondapur,3450063.2444425873,3848933.893522173
JAGTIAL,RAIKAL,Oddelingapur,3452468.494170901,3879784.308478005
JAGTIAL,SARANGAPUR,Lachakkapet,3442577.927713786,3886767.9746418493
JAGTIAL,GOLLAPALLI,Atmakur,3431538.1364801847,3908972.7770909835
JAGTIAL,GOLLAPALLI,Bheemrajpalli,3433129.8321265057,3907058.4416173217
JAGTIAL,GOLLAPALLI,Laxmipur,3431638.8668608577,3907688.1079447637
JAGTIAL,PEGADAPALLI,Lingapur,3429688.1471568397,3902370.495802255
JAGTIAL,VELGATUR,Sakapuram,3437551.1010647397,3915252.1853459184
JAGTIAL,ENDAPALLI,Maredupalli,3430749.260288484,3924852.982391656
JAGTIAL,ENDAPALLI,Munjampalli,3433202.4143202896,3925702.7414502646
JAGTIAL,ENDAPALLI,Undeda,3435324.6423562146,3927366.9137079595
JAGTIAL,BEERPUR,Kammunur,3463982.298137369,3891826.266815989
JAGTIAL,JAGTIAL,Jagityal (M),3434653.8746717344,3887225.7796278214
MAHABUBNAGAR,JADCHERLA,Aloor,3208935.1952183032,3802091.755762045
MAHABUBNAGAR,CHINNACHINTHA-KUNTA,Ammapur,3177768.0373542425,3772535.5973137496
MAHABUBNAGAR,NAWABPET,Parvathapur,3218506.1335405717,3789587.7040535007
MAHABUBNAGAR,JADCHERLA,Pedda Adiryal,3223701.5063512656,3820643.338646961
MAHABUBNAGAR,KOUKUNTLA,Dasarpalle,3182963.7801501616,3771090.0984890247
MAHABUBNAGAR,ADDAKAL,Muthyalampalle,3181220.7774055405,3775888.3100618445
MAHABUBNAGAR,CHINNACHINTHA-KUNTA,Undyala,3179455.803861905,3763983.029017124
MAHABUBNAGAR,ADDAKAL,Baleedupalle,3182523.979446527,3780642.5612626425
MAHABUBNAGAR,MOOSAPET,Mohammed Hussainpalle,3193985.846437526,3789744.8054050696
MAHABUBNAGAR,MOOSAPET,Komireddipalle,3193688.8377202693,3784387.203833669
MAHABUBNAGAR,DEVARAKADRA,Meenuguvanipalle,3195565.111565019,3769685.8740111943
MAHABUBNAGAR,CHINNACHINTHA-KUNTA,Lakshmidevipur,3179133.885877321,3766645.044483947
MAHABUBNAGAR,CHINNACHINTHA-KUNTA,Nellikondi,3187857.025645459,3767038.777705683
MAHABUBNAGAR,BHOOTHPUR,Hasnapur,3205917.963552976,3790621.3913994413
MAHABUBNAGAR,HANWADA,Budharam,3223408.734275453,3783422.314498299
MAHABUBNAGAR,BHOOTHPUR,Annasagar,3202934.5041290624,3790097.5058563906
MAHABUBNAGAR,MAHABUBNAGAR (RURAL),Oblaipalle,3202869.476509547,3777033.6664442183
MAHABUBNAGAR,CHINNACHINTHA-KUNTA,Waddemanu,3184523.1230063876,3766609.6485726824
MAHABUBNAGAR,ADDAKAL,Gudibanda,3189182.292231198,3780555.493643911
MAHABUBNAGAR,HANWADA,Gundiyal,3223024.017285425,3770267.921669466
MAHABUBNAGAR,NAWABPET,Karoor,3224656.423007707,3800427.235550637
MAHABUBNAGAR,KOILKONDA,Kushmohmedpalle,3216298.2121974197,3762039.274105611
MAHABUBNAGAR,KOILKONDA,Yellareddipalle,3216592.2640690417,3760031.111764167
MAHABUBNAGAR,JADCHERLA,Nekkonda,3215958.598150833,3813142.5203922773
MAHABUBNAGAR,NAWABPET,Hajilapur,3228162.7395171872,3788658.9403429017
MAHABUBNAGAR,NAWABPET,Ippatur,3226537.957481004,3797658.696395215
MAHABUBNAGAR,ADDAKAL,Addakal,3185392.8950390993,3782457.1455976455
MAHABUBNAGAR,KOUKUNTLA,Appampalle,3184700.6431729407,3769201.8667252203
MAHABUBNAGAR,MAHABUBNAGAR (RURAL),Manikonda,3210024.1369440346,3778340.0491960472
MAHABUBNAGAR,KOILKONDA,Perkiweedu,3210568.8759107366,3776074.122166058
MAHABUBNAGAR,KOILKONDA,Acharyapur,3211855.0508394456,3769769.469580133
MAHABUBNAGAR,BALANAGAR,Lingaram,3234343.418399498,3817816.2295042635
MAHABUBNAGAR,KOUKUNTLA,Thirumalapur,3181017.4906419506,3771835.042818812
MAHABUBNAGAR,DEVARAKADRA,Gopanpalle,3192335.57322225,3772618.6075184997
MAHABUBNAGAR,DEVARAKADRA,Gudibanda,3192938.0876121433,3769865.609588037
MAHABUBNAGAR,MOOSAPET,Nizalapur,3193025.200195612,3787416.227683041
MAHABUBNAGAR,RAJAPUR,Dondlapalle,3229133.0405134293,3799783.5995454513
MAHABUBNAGAR,NAWABPET,Darpalle,3231021.3407503255,3794835.4207570152
MAHABUBNAGAR,NAWABPET,Gurukunta,3230923.784503917,3792906.542287727
MAHABUBNAGAR,RAJAPUR,Kuthnepalle,3230158.0152400746,3798677.493076929
MAHABUBNAGAR,DEVARAKADRA,Gurakonda,3199648.9177007056,3769121.557739048
MAHABUBNAGAR,DEVARAKADRA,Hajilapur,3199606.7019302184,3777300.892559897
MAHABUBNAGAR,BALANAGAR,Appajipalle,3230762.105242144,3813565.6221894696
MAHABUBNAGAR,BALANAGAR,Bodajanampeta,3230360.941481376,3812071.701142871
MAHABUBNAGAR,BALANAGAR,Kethireddipalle,3230423.7969152047,3808280.916441543
MAHABUBNAGAR,NAWABPET,Lingampalle,3232827.0979339993,3797160.100288419
MAHABUBNAGAR,BALANAGAR,Gouthapur,3232869.96096497,3811572.770127574
MAHABUBNAGAR,KOILKONDA,Akkaipalle,3215741.6517791064,3772745.0014892197
MAHABUBNAGAR,KOILKONDA,Garlapad,3214608.539169599,3776729.618116555
MAHABUBNAGAR,ADDAKAL,Kandur,3189515.7091043377,3787297.299435019
MAHABUBNAGAR,JADCHERLA,Koduparthy,3215406.6265685745,3810807.7646325678
MAHABUBNAGAR,JADCHERLA,Gangapur,3215318.338781377,3807880.6775974454
MAHABUBNAGAR,KOILKONDA,Veerampalle,3217380.7779133385,3770185.212617345
MAHABUBNAGAR,MAHABUBNAGAR (RURAL),Zainallipur,3217659.473136466,3788402.792332207
MAHABUBNAGAR,HANWADA,Kothapeta,3216799.9930891627,3784985.43984152
MAHABUBNAGAR,MIDJIL,Kanchanpalle,3217385.7887894562,3815091.1657787897
MAHABUBNAGAR,KOILKONDA,Abhangapatnam,3217131.8728376543,3775130.718991336
MAHABUBNAGAR,KOILKONDA,Kannaipalle,3218085.372386792,3773029.488631708
MAHABUBNAGAR,HANWADA,Shaikpalle,3226713.8408631603,3769500.4809727506
MAHABUBNAGAR,RAJAPUR,Kuchcherkal,3225751.7923364835,3804428.8211027007
MAHABUBNAGAR,RAJAPUR,Rajapur,3224273.304155045,3807071.927069118
MAHABUBNAGAR,RAJAPUR,Gundlapotlapalle,3227783.9343792135,3809738.415034376
MAHABUBNAGAR,CHINNACHINTHA-KUNTA,Kurumurthy,3177586.818513547,3769977.9277567607
MAHABUBNAGAR,CHINNACHINTHA-KUNTA,Damagnapur,3184952.0192511133,3764871.5021614386
MAHABUBNAGAR,MAHABUBNAGAR (RURAL),Allipur,3207715.1628465834,3786529.4026472955
MAHABUBNAGAR,KOILKONDA,Ayyawarpalle,3207839.2021938483,3764467.7362950854
MAHABUBNAGAR,KOILKONDA,Chandapur,3207828.169507549,3763582.1931084106
MAHABUBNAGAR,MIDJIL,Velugommula,3207712.2537581413,3821210.984660114
MAHABUBNAGAR,KOUKUNTLA,Rakulampalle,3185162.541397202,3774847.727729008
MAHABUBNAGAR,MAHABUBNAGAR (RURAL),Kotakadira,3206353.769253344,3774542.713775531
MAHABUBNAGAR,BHOOTHPUR,Bhoothpur (M),3207591.5731344577,3794811.358680045
MAHABUBNAGAR,JADCHERLA,Nasrullabad,3208594.601345103,3810016.173989753
MAHABUBNAGAR,CHINNACHINTHA-KUNTA,Allipur,3175039.581369142,3768703.249939823
MAHABUBNAGAR,CHINNACHINTHA-KUNTA,Maddur,3177237.169801291,3768111.9294446004
MAHABUBNAGAR,CHINNACHINTHA-KUNTA,Gudur,3179844.385834545,3770772.301458362
MAHABUBNAGAR,CHINNACHINTHA-KUNTA,Chinnachintakunta (CT),3179663.1719207237,3768219.3094321573
MAHABUBNAGAR,ADDAKAL,Varne,3180182.0103167826,3778463.58406826
MAHABUBNAGAR,CHINNACHINTHA-KUNTA,Edulapur,3181731.392464309,3767221.492853583
MAHABUBNAGAR,ADDAKAL,Kanmanoor,3182746.830463761,3778710.6406089417
MAHABUBNAGAR,KOUKUNTLA,Perur,3183175.3922827374,3775103.999522943
MAHABUBNAGAR,ADDAKAL,Chinnamungalachedu,3185791.743371838,3780565.067606709
MAHABUBNAGAR,CHINNACHINTHA-KUNTA,Seetharampeta,3187013.572123046,3765040.91904597
MAHABUBNAGAR,ADDAKAL,Thimmaipalle,3186661.8493186766,3785682.9601203906
MAHABUBNAGAR,ADDAKAL,Peddamungalachedu,3186222.972341422,3778839.585295866
MAHABUBNAGAR,ADDAKAL,Katavaram,3187503.49246872,3782972.711572046
MAHABUBNAGAR,KOUKUNTLA,Isrampalle,3187806.4181692684,3775967.3011838607
MAHABUBNAGAR,KOUKUNTLA,Puttapalle,3190354.4909637226,3773337.3348523504
MAHABUBNAGAR,KOUKUNTLA,Koukuntla,3187754.545199669,3772548.793202881
MAHABUBNAGAR,ADDAKAL,Shakhapur,3189919.0494439485,3783586.1669115815
MAHABUBNAGAR,KOUKUNTLA,Mutchintala,3189243.4502864783,3769765.070765755
MAHABUBNAGAR,CHINNACHINTHA-KUNTA,Fareedpur,3190554.941515712,3764695.279020678
MAHABUBNAGAR,ADDAKAL,Rachala,3190804.6909013186,3776900.9103192217
MAHABUBNAGAR,DEVARAKADRA,Gaddeguda,3205013.7992685502,3772155.1576252086
MAHABUBNAGAR,DEVARAKADRA,Chinnarajmoor,3205766.6810455965,3765449.6597339264
MAHABUBNAGAR,BHOOTHPUR,Kothur,3206604.6667442727,3799292.4278168962
MAHABUBNAGAR,MAHABUBNAGAR (RURAL),Ippalpalle,3205070.598587667,3786629.2282937146
MAHABUBNAGAR,MIDJIL,Kothur,3206286.5272273254,3824005.6752183316
MAHABUBNAGAR,NAWABPET,Rudraram,3223827.4963296144,3791587.9770633006
MAHABUBNAGAR,BALANAGAR,Peddarevelly,3230460.214096829,3816451.792570159
MAHABUBNAGAR,RAJAPUR,Raghvapur,3231544.3984847213,3801334.731094629
MAHABUBNAGAR,BALANAGAR,Vanamavaniguda,3231855.535977178,3812795.7358144973
MAHABUBNAGAR,NAWABPET,Rekulachowdapur,3231835.8643949702,3798334.529118289
MAHABUBNAGAR,NAWABPET,Kamaram,3232384.314064734,3791518.1375809996
MAHABUBNAGAR,BALANAGAR,Peddayapalle,3232344.980639837,3807712.110371777
MAHABUBNAGAR,ADDAKAL,Ponnakal,3192245.762175841,3781693.5969116376
MAHABUBNAGAR,CHINNACHINTHA-KUNTA,Pallamarri,3191003.4841109244,3767804.2882445566
MAHABUBNAGAR,CHINNACHINTHA-KUNTA,Lalkota,3193778.4158269507,3767408.825412765
MAHABUBNAGAR,MOOSAPET,Dasaripalle,3194701.9003836256,3781855.4453032496
MAHABUBNAGAR,MOOSAPET,Nandipet,3193923.696453465,3779027.1878389264
MAHABUBNAGAR,MOOSAPET,Sankalamaddi,3195882.515377691,3786823.0493920096
MAHABUBNAGAR,MOOSAPET,Thunkinipur,3196618.531043109,3784669.270904643
MAHABUBNAGAR,DEVARAKADRA,Dokur,3194836.326124207,3773174.6585886315
MAHABUBNAGAR,DEVARAKADRA,Jeenugurala,3194696.671912262,3776324.916228874
MAHABUBNAGAR,MOOSAPET,Kankapur,3198832.5808217833,3784828.7052601147
MAHABUBNAGAR,MAHABUBNAGAR (RURAL),Gajulapeta,3201661.108489351,3786530.930093424
MAHABUBNAGAR,DEVARAKADRA,Venkataipalle,3202232.268146424,3773024.8419102477
MAHABUBNAGAR,HANWADA,Dorasamudram,3221050.331410922,3773548.214682198
MAHABUBNAGAR,CHINNACHINTHA-KUNTA,Bandrepalle,3196709.4333172934,3767193.4673322416
MAHABUBNAGAR,MOOSAPET,Thimmapur,3198081.8168830182,3789533.653533313
MAHABUBNAGAR,DEVARAKADRA,Goplapurkalan,3197594.831996256,3769765.6296622865
MAHABUBNAGAR,MOOSAPET,Vemula,3197022.10946984,3782129.7714605005
MAHABUBNAGAR,MOOSAPET,Janampeta,3198436.062053671,3787342.8260616274
MAHABUBNAGAR,DEVARAKADRA,Devarkadra,3198081.202067447,3772420.517310909
MAHABUBNAGAR,BHOOTHPUR,Maddigatla,3198251.3656068165,3798657.064823068
MAHABUBNAGAR,DEVARAKADRA,Laxmipally,3198926.4317550864,3780143.565432902
MAHABUBNAGAR,DEVARAKADRA,Baswaipalle,3198069.686556107,3778501.74315986
MAHABUBNAGAR,MOOSAPET,Polkampalle,3199673.0226384406,3790602.608358001
MAHABUBNAGAR,JADCHERLA,Goplapur (Kalan),3215111.2582789636,3815500.86012999
MAHABUBNAGAR,BHOOTHPUR,Pathamolgara,3200578.11929889,3797025.491717149
MAHABUBNAGAR,DEVARAKADRA,Chowdarpalle,3199050.7148923194,3775008.798617232
MAHABUBNAGAR,DEVARAKADRA,Baswapur,3201237.7828936717,3767942.0278730635
MAHABUBNAGAR,BHOOTHPUR,Yelkicharla,3199096.9582700757,3802032.824760774
MAHABUBNAGAR,MOOSAPET,Chakrapur,3200558.094798303,3782580.7983864243
MAHABUBNAGAR,DEVARAKADRA,Balsupalle,3200771.852894425,3771132.234801494
MAHABUBNAGAR,BHOOTHPUR,Ravalpalle,3201952.7416772265,3791842.7993471636
MAHABUBNAGAR,BHOOTHPUR,Kappeta,3200892.3124554623,3794176.1411729213
MAHABUBNAGAR,BHOOTHPUR,Kothamolgara,3203257.765631157,3796733.643206459
MAHABUBNAGAR,DEVARAKADRA,Nagaram,3203384.824098175,3768496.0354082277
MAHABUBNAGAR,BHOOTHPUR,Tadikonda,3202926.0755778295,3788509.387236905
MAHABUBNAGAR,DEVARAKADRA,Peddarajmoor,3203672.617045604,3766025.8431722047
MAHABUBNAGAR,MAHABUBNAGAR (RURAL),Zamistapur,3203929.604227737,3783325.0639557526
MAHABUBNAGAR,BHOOTHPUR,Karvena,3203563.4979152707,3800907.3082965133
MAHABUBNAGAR,JADCHERLA,Polepalle,3219737.604088354,3801638.211198378
MAHABUBNAGAR,NAWABPET,Karkonda,3222250.1616073367,3793701.007336762
MAHABUBNAGAR,JADCHERLA,Ambatapur,3222988.63613656,3800030.889818895
MAHABUBNAGAR,NAWABPET,Kolloor,3238616.3733819677,3793253.5789792757
MAHABUBNAGAR,MAHABUBNAGAR (RURAL),Appaipalle,3203832.770616763,3779224.982848333
MAHABUBNAGAR,BHOOTHPUR,Pothulamadugu,3204252.7659664145,3793026.404044759
MAHABUBNAGAR,MAHABUBNAGAR (RURAL),Machanpalle,3206574.138032046,3777476.3678275873
MAHABUBNAGAR,DEVARAKADRA,Ajilapur,3206661.1816554316,3769168.9527133703
MAHABUBNAGAR,MAHABUBNAGAR (RURAL),Kadur,3205954.3773094094,3781358.69496707
MAHABUBNAGAR,JADCHERLA,Burgupalle,3207511.2651132084,3804319.911827574
MAHABUBNAGAR,BHOOTHPUR,Tadparthy,3209108.5464829174,3798937.780883777
MAHABUBNAGAR,MAHABUBNAGAR (RURAL),Ramchandrapur,3208580.6412433754,3779977.0965705477
MAHABUBNAGAR,JADCHERLA,Kistaram,3210141.7554327263,3805123.661452037
MAHABUBNAGAR,DEVARAKADRA,Bollaram,3209405.4745880165,3768726.9296208518
MAHABUBNAGAR,JADCHERLA,Chintaboinpalle,3210410.542258563,3800191.848935757
MAHABUBNAGAR,KOILKONDA,Ibrahimnagar,3211296.648943472,3766000.0049618045
MAHABUBNAGAR,JADCHERLA,Alwanpalle,3211517.520118394,3809961.537210442
MAHABUBNAGAR,KOILKONDA,Kesavapur,3211955.6430815896,3775116.4137008367
MAHABUBNAGAR,MIDJIL,Boinpalle,3210431.3610844347,3826182.6742286673
MAHABUBNAGAR,MIDJIL,Wadiyal,3212688.657383414,3822189.11678738
MAHABUBNAGAR,MIDJIL,Chiluveru,3210149.8103982136,3817788.3211909872
MAHABUBNAGAR,KOILKONDA,Malkapur,3211990.5578423734,3772596.981277383
MAHABUBNAGAR,MAHABUBNAGAR (RURAL),Venkatapur,3212858.706445399,3781026.374182807
MAHABUBNAGAR,MIDJIL,Midjil,3211062.3595899963,3823845.106233819
MAHABUBNAGAR,MAHABUBNAGAR (URBAN),Mahaboobnagar (M),3212813.526753933,3791245.0480294027
MAHABUBNAGAR,MIDJIL,Bhairampalle,3213575.841119017,3813280.828743269
MAHABUBNAGAR,MIDJIL,Kothapalle,3212466.7741733566,3814733.4894058825
MAHABUBNAGAR,JADCHERLA,Malleboinpalle,3213039.476790929,3799630.3732224694
MAHABUBNAGAR,KOILKONDA,Koilkonda,3213499.171210332,3766940.2779744463
MAHABUBNAGAR,KOILKONDA,Salepalle,3214884.934509803,3767685.328253074
MAHABUBNAGAR,KOILKONDA,Rampur,3214349.494320558,3772725.1092689424
MAHABUBNAGAR,HANWADA,Mahaboobnagar (M),3214327.5327634425,3784851.640957189
MAHABUBNAGAR,KOILKONDA,Ankilla,3212987.191869277,3762883.547798646
MAHABUBNAGAR,JADCHERLA,Shankarayapalle,3215170.553394835,3799533.4172338
MAHABUBNAGAR,MIDJIL,Vaspula,3214511.3877178505,3818496.176523045
MAHABUBNAGAR,KOILKONDA,Ananthapur,3216138.3535561273,3768314.7692555
MAHABUBNAGAR,JADCHERLA,Jadcherla (M),3212461.427469586,3803786.3981643557
MAHABUBNAGAR,MIDJIL,Vemula,3215536.4376845905,3823096.615468402
MAHABUBNAGAR,KOILKONDA,Vinjamur,3214960.6690254277,3757713.1710043903
MAHABUBNAGAR,NAWABPET,Pomal,3235384.582646498,3790939.0906491764
MAHABUBNAGAR,NAWABPET,Kakarjala,3235938.9630768104,3798454.955711088
MAHABUBNAGAR,KOILKONDA,Parpalle,3215443.0273631304,3770587.046561601
MAHABUBNAGAR,MIDJIL,Donur,3216848.4857399752,3818429.878692816
MAHABUBNAGAR,KOILKONDA,Thirumalampalle,3218391.7790569,3769101.590041841
MAHABUBNAGAR,JADCHERLA,Vallur,3216877.6601082617,3797752.8175703837
MAHABUBNAGAR,MIDJIL,Singamdoddi,3218521.627747808,3818419.8869398087
MAHABUBNAGAR,HANWADA,Peddadharpalle,3216882.1896833056,3782629.13552426
MAHABUBNAGAR,JADCHERLA,Macharam,3218218.025161333,3804899.638417009
MAHABUBNAGAR,JADCHERLA,Uddandapur,3218286.299195874,3795814.5631719665
MAHABUBNAGAR,MIDJIL,Masigundlapalle,3218616.064523139,3822802.8992068195
MAHABUBNAGAR,NAWABPET,Teegalapalle,3218577.1762792235,3792925.5035416647
MAHABUBNAGAR,KOILKONDA,Chandraspalle,3219244.9673156682,3767618.745722994
MAHABUBNAGAR,KOILKONDA,Burgupalle,3218460.5298802108,3765218.518081852
MAHABUBNAGAR,KOILKONDA,Lingupalle,3219476.8689034116,3770769.6613888144
JAYASHANKAR BHUPALPALLI,BHUPALPALLI,TADCHARLA RESERVED FOREST,3397364.1964275558,3995404.0552266347
MAHABUBNAGAR,JADCHERLA,Gollapalle,3219619.6853122744,3807026.7706434666
MAHABUBNAGAR,HANWADA,Dachekpalle,3219444.4577530976,3786553.6590278205
MAHABUBNAGAR,HANWADA,Madharam,3219565.817400564,3776235.1876891153
MAHABUBNAGAR,HANWADA,Hanwada,3217322.2611817103,3780497.46053638
MAHABUBNAGAR,NAWABPET,Siddotam,3220736.3773628,3794011.0031622234
MAHABUBNAGAR,HANWADA,Naginonipalle,3220370.6419292684,3779762.4309950736
MAHABUBNAGAR,JADCHERLA,Chinna Adiryal,3220474.53197674,3821250.3657691316
MAHABUBNAGAR,HANWADA,Tankara,3220362.1365520325,3784031.433000183
MAHABUBNAGAR,JADCHERLA,Earlapalle,3221136.034468871,3809968.7031076793
MAHABUBNAGAR,JADCHERLA,Kishtaram,3221129.1150823864,3798844.6755428864
MAHABUBNAGAR,NAWABPET,Kakarlapahad,3220792.0104460735,3789914.9770113374
MAHABUBNAGAR,JADCHERLA,Khanapur,3221706.1659800024,3796790.9961669026
MAHABUBNAGAR,HANWADA,Guddimalkapur,3222190.0048768637,3786034.4874205757
MAHABUBNAGAR,RAJAPUR,Raipalle,3222988.982376971,3803961.248218368
MAHABUBNAGAR,KOILKONDA,Suraram,3222649.7675244114,3762883.71116013
MAHABUBNAGAR,HANWADA,Ibrahimbad,3223086.486384751,3778864.361843016
MAHABUBNAGAR,NAWABPET,Hanmasanipalle,3223835.303723646,3794636.5558232856
MAHABUBNAGAR,JADCHERLA,Konded,3221199.4540138002,3816025.945371087
MAHABUBNAGAR,HANWADA,Ammapur,3221496.959613654,3777040.902067084
MAHABUBNAGAR,NAWABPET,Kuchoor,3223706.900798188,3797315.288577271
MAHABUBNAGAR,HANWADA,Vepoor,3222470.4062968614,3766843.222587729
MAHABUBNAGAR,RAJAPUR,Edganpalle,3224153.2711929153,3812531.243491495
MAHABUBNAGAR,RAJAPUR,Bibinagar,3225569.036607533,3810873.4302801928
MAHABUBNAGAR,RAJAPUR,Mallepalle,3224102.9712385703,3809916.972525751
MAHABUBNAGAR,BALANAGAR,Thirmalagiri,3225009.5717341662,3816518.264590147
MAHABUBNAGAR,KOILKONDA,Kothlabad,3225596.319318242,3764208.5016092565
MAHABUBNAGAR,RAJAPUR,Chennavalli,3224639.553987157,3802499.914885003
MAHABUBNAGAR,NAWABPET,Kondapur,3226538.0736850672,3789018.699636758
MAHABUBNAGAR,BALANAGAR,Modampalle,3228070.6794399866,3815639.3482358167
MAHABUBNAGAR,RAJAPUR,Kallepalle,3227718.5425875033,3812936.5377837033
MAHABUBNAGAR,RAJAPUR,Agraharam Potlapalle,3228332.26738111,3811137.8090214464
MAHABUBNAGAR,NAWABPET,Yenmanagandla,3227272.810769515,3793058.065272976
MAHABUBNAGAR,RAJAPUR,Khanapur,3228888.788613713,3803973.6379929227
MAHABUBNAGAR,RAJAPUR,Rangareddiguda,3229213.0371652865,3806713.1897704676
MAHABUBNAGAR,BALANAGAR,Chinna Revalli,3227998.091630553,3819427.3927703323
MAHABUBNAGAR,RAJAPUR,Thirumalapur,3228397.5250099865,3801736.8608371746
MAHABUBNAGAR,NAWABPET,Lokirev,3230032.7301514987,3796405.745613216
MAHABUBNAGAR,BALANAGAR,Nerellapalle,3232831.1479528197,3804135.918329482
MAHABUBNAGAR,BALANAGAR,Hemajipur,3233397.893967272,3815860.996426435
MAHABUBNAGAR,KOILKONDA,Mubarakpur,3209255.0490053054,3765187.324336544
MAHABUBNAGAR,JADCHERLA,Soudagarpalle (U.I),3222384.1234205076,3822932.898232742
MAHABUBNAGAR,HANWADA,Cheekarlapalle,3222205.4440251,3764954.803656186
MAHABUBNAGAR,NAWABPET,Ammapur,3234215.328388442,3793626.227275839
MAHABUBNAGAR,BALANAGAR,Balanagar,3234452.3618931603,3809308.3852610933
MAHABUBNAGAR,BALANAGAR,Nandaram,3235697.7636053413,3807492.593872167
MAHABUBNAGAR,BALANAGAR,Gunded,3234853.531334726,3805866.2182474663
MAHABUBNAGAR,BALANAGAR,Macharam,3236123.6898107817,3804316.654379918
MAHABUBNAGAR,BALANAGAR,Udithyal,3235104.605526877,3801083.6941589015
MAHABUBNAGAR,BALANAGAR,Suraram,3237830.2519623884,3803684.3630679306
MAHABUBNAGAR,NAWABPET,Chowdoor,3235432.941472473,3796108.7364406064
MAHABUBNAGAR,NAWABPET,Depalle,3238860.874877674,3797393.9656735403
MAHABUBNAGAR,BALANAGAR,Mothighanapur,3238693.1119654896,3806463.550013149
MAHABUBNAGAR,MOHAMMADABAD,Annareddypally,3225721.089446798,3775108.395506372
MAHABUBNAGAR,GANDEED,Balsulgonda,3227189.4108429574,3767117.6642019427
MAHABUBNAGAR,MOHAMMADABAD,Julapally,3225939.4735709154,3772182.39824322
MAHABUBNAGAR,GANDEED,Pagdiyal,3227451.7408483494,3763980.5059209852
MAHABUBNAGAR,MOHAMMADABAD,Mukarlabad,3227444.5306460876,3774020.9126759353
MAHABUBNAGAR,GANDEED,Kondapur,3228723.9903259748,3765437.4912749473
MAHABUBNAGAR,MOHAMMADABAD,Mangampet,3229311.9867155654,3776014.062036122
MAHABUBNAGAR,GANDEED,Komreddipalle,3229372.6159962714,3771288.2738880864
MAHABUBNAGAR,MOHAMMADABAD,Choudarpally,3230984.9314709418,3776571.8996604234
MAHABUBNAGAR,GANDEED,Reddipalle,3230211.137875337,3767981.653926979
MAHABUBNAGAR,GANDEED,Gandeed,3230935.690195168,3769348.164124755
MAHABUBNAGAR,GANDEED,Govindapalle,3231309.3766538887,3763348.064982067
MAHABUBNAGAR,GANDEED,Salkerpet,3233081.375718352,3768037.661483112
MAHABUBNAGAR,MOHAMMADABAD,Nancherla,3230988.8126103748,3773362.151416506
MAHABUBNAGAR,GANDEED,Mansoorpalle,3231463.24900948,3764373.810593056
MAHABUBNAGAR,GANDEED,Baispalle,3233615.824698902,3771582.828399024
MAHABUBNAGAR,GANDEED,Kaplapur,3234204.6800774713,3764183.4355277596
MAHABUBNAGAR,MOHAMMADABAD,Gadiryal,3234249.9832400526,3775286.4850353585
MAHABUBNAGAR,GANDEED,Vennached,3236306.7000703597,3765660.644022685
MAHABUBNAGAR,GANDEED,Chinnavarval,3237333.476067258,3771371.632649789
MAHABUBNAGAR,GANDEED,Peddavarval,3237056.083934016,3769687.7559908377
MAHABUBNAGAR,GANDEED,Chelmilla,3238868.010597019,3767269.452640621
MAHABUBNAGAR,GANDEED,Jinnaram,3239333.603894706,3765076.1560064233
MAHABUBNAGAR,MOHAMMADABAD,Lingaipally,3224831.689472684,3776742.766121798
MAHABUBNAGAR,MOHAMMADABAD,Mohammadabad,3227931.25828946,3779680.136257317
MAHABUBNAGAR,MOHAMMADABAD,Sangaiapply,3224512.1003480656,3780764.5979938097
MAHABUBNAGAR,BALANAGAR,Seriguda,3231415.672986979,3810257.154276179
MAHABUBNAGAR,HANWADA,Munimokesham,3223348.6918319003,3774336.2487382693
MAHABUBNAGAR,HANWADA,Yarenpalle,3216737.5726346932,3778193.728608947
MEDAK,MEDAK,Perur,3351658.3042316465,3814202.2530380078
MEDAK,SHANKARAMPET-A,Kollapally,3352014.4147020043,3784051.262159758
MEDAK,CHEGUNTA,Kistapur,3352735.5880345656,3845641.9025964905
MEDAK,KOWDIPALLY,Kannavaram,3335442.2366600246,3810170.1091241078
MEDAK,KOWDIPALLY,Thimmapur,3333817.3354821242,3817095.335771643
MEDAK,TOOPRAN,Gundareddipally,3333678.8160140044,3844676.073923112
MEDAK,YELDURTHY,Mannevar Jalalpur,3337364.9686086653,3824288.913727417
MEDAK,TEKMAL,Kusangi,3337608.164074629,3794693.1214424022
MEDAK,TOOPRAN,Nagulapally,3334327.587537495,3838362.483927358
MEDAK,KULCHARAM,Rangampet,3342889.125917761,3803131.4256107393
MEDAK,CHEGUNTA,Chegunta (CT),3344847.2246721885,3839655.5489488705
MEDAK,CHEGUNTA,Gollapally,3344639.468986923,3845987.8462030236
MEDAK,NARSAPUR,Nagulpally,3321187.5051889103,3812809.4788620095
MEDAK,SHIVAMPET,Chennapur,3321789.6196826324,3828390.383042608
MEDAK,MANOHARABAD,Potharam,3325863.904565599,3836837.594959361
MEDAK,CHILPCHED,Jaggampet,3329306.0546377283,3807581.8359960564
MEDAK,MANOHARABAD,Kondapur,3318890.8836128023,3844204.2629272174
MEDAK,NARSAPUR,Chippalturthi,3324005.0183205204,3814959.244497568
MEDAK,CHEGUNTA,Pedda Shivnoor,3339690.5565376207,3844042.501142678
MEDAK,TEKMAL,Kadloor,3343941.199280289,3791079.417107383
MEDAK,NARSAPUR,Ramachandrapur,3318765.31416657,3816679.171361793
MEDAK,MANOHARABAD,Kucharam,3318060.554348618,3838749.708842469
MEDAK,CHILPCHED,Somakkapet,3334338.7166915955,3807079.10944222
MEDAK,CHEGUNTA,Kasanpally,3339175.835342659,3846928.687577083
MEDAK,YELDURTHY,Dharmaram,3339226.194344665,3822347.7715648646
MEDAK,KOWDIPALLY,Kowdipally,3337957.4593050843,3811976.24184474
MEDAK,NARSAPUR,Madapur,3317036.160739922,3818422.090619673
MEDAK,SHANKARAMPET-R,Dharpally,3339347.599800826,3831790.2615804086
MEDAK,MASAIPET,Hakimpet,3338843.0825891057,3835569.2612993275
MEDAK,KULCHARAM,Yenigandla,3339880.6254160167,3801192.272210957
MEDAK,YELDURTHY,Uppulingapur,3340805.5316202333,3828622.23799446
MEDAK,MASAIPET,Ramanthapur,3341035.537473397,3837493.957987383
MEDAK,PAPANNAPET,Gandharpally,3356137.3726477395,3808854.7314098915
MEDAK,RAMAYAMPET,Sivaipally,3356938.4773274767,3841191.77415896
MEDAK,NARSINGI,Zapthishivnur,3356625.537631387,3836545.0818819096
MEDAK,NARSAPUR,Naimatullaguda,3314502.6780797364,3821123.6811992247
MEDAK,NARSAPUR,Kagazmaddur,3315690.8099044412,3820713.36761444
MEDAK,NARSAPUR,Nathinoipally,3314553.914674005,3823135.440989701
MEDAK,NARSAPUR,Yellapur,3315644.2176068206,3816267.678294277
MEDAK,NARSAPUR,Kondapur,3316939.9481567643,3822703.5543681597
MEDAK,NARSAPUR,Awancha,3317350.539675221,3816152.251753239
MEDAK,MANOHARABAD,Kallakal (CT),3316426.901784329,3841621.28231462
MEDAK,NARSAPUR,Tuljarampet,3318204.2615704634,3818143.640010689
MEDAK,TOOPRAN,Majeedpally (DP),3320474.4844579864,3838465.553010816
MEDAK,SHIVAMPET,Gomaram,3320229.5324451467,3832997.3635313064
MEDAK,NARSAPUR,Rustumpet,3320310.3200319977,3817121.2994568646
MEDAK,SHIVAMPET,Sikindlapur,3320227.99862633,3835981.379840567
MEDAK,NARSAPUR,Narayanpur,3322951.834898684,3820385.73544172
MEDAK,NARSAPUR,Dharmaram (DP),3312750.0909949658,3823796.5286304923
MEDAK,NARSAPUR,Achampet,3322823.0264077573,3823182.4650643053
MEDAK,REGODE,R.Itikyal,3343585.911165125,3779913.4258917035
MEDAK,KOWDIPALLY,Rajilapur,3330765.2304191147,3814514.4334580097
MEDAK,TEKMAL,Eklaspur,3343935.665857881,3794177.0243234243
MEDAK,KULCHARAM,Konapur,3343290.168719708,3799405.8678756035
MEDAK,CHEGUNTA,Wadiaram,3343096.189415014,3838881.0663465424
MEDAK,REGODE,Lingampally,3343070.1606676965,3772675.1920852032
MEDAK,SHANKARAMPET-R,Madur,3351506.6374476957,3831365.3886104445
MEDAK,CHEGUNTA,Bonal,3351188.4549039095,3848507.198997069
MEDAK,CHEGUNTA,Pulimamidi,3353705.2573448713,3847058.0285214954
MEDAK,SHANKARAMPET-A,Musapet,3352955.3323202226,3785725.3285696898
MEDAK,SHANKARAMPET-A,Jukal,3359074.266685352,3788939.171887611
MEDAK,KULCHARAM,Paithara,3344327.454355495,3800821.504643299
MEDAK,TEKMAL,Korampally,3344146.548147272,3797427.931557962
MEDAK,REGODE,Gajwada,3340111.425792028,3774047.3194825808
MEDAK,KULCHARAM,Venkatapur,3345574.202950366,3813945.6158574075
MEDAK,MANOHARABAD,Muppireddipally,3319017.8091126895,3841979.693884265
MEDAK,SHIVAMPET,Nawabpet,3318089.977451366,3831179.2844627607
MEDAK,MANOHARABAD,Rangaipally,3320688.303470678,3843348.898708468
MEDAK,NARSAPUR,Pedda Chintakunta,3323062.356483629,3817951.4518125183
MEDAK,NARSAPUR,Narsapur (M),3319360.837003373,3821455.8337842384
MEDAK,NARSAPUR,Sitarampur,3321379.0826446465,3819002.8812200963
MEDAK,MANOHARABAD,Konaipally (Patti Toopran),3321960.8120498857,3842134.804969482
MEDAK,NARSAPUR,Mohammadabad @ Janakampet,3322818.0080993953,3815390.756888917
MEDAK,MANOHARABAD,Manoharabad,3322755.270976183,3840013.880299918
MEDAK,NARSAPUR,Moosapet,3321093.6476269914,3815191.2458754024
MEDAK,MANOHARABAD,Chatla Gouraram,3323104.29805544,3843175.6690917085
MEDAK,SHIVAMPET,Bijilipur,3323113.2662640708,3834801.0789155867
MEDAK,NARSAPUR,Lingapur,3324303.154398347,3822242.4489856223
MEDAK,MANOHARABAD,Parkibanda,3323246.6901276624,3836982.0552680353
MEDAK,MANOHARABAD,Dharmarajpally,3324559.087450831,3843854.4647715106
MEDAK,SHIVAMPET,Chandi,3323913.3977811835,3832813.177506738
MEDAK,SHIVAMPET,Thimmapur,3324110.0959005854,3825973.367575401
MEDAK,NARSAPUR,Jakkupally,3324074.7228022115,3813498.2665732694
MEDAK,MANOHARABAD,Ramaipally,3324766.2820204822,3840679.8334547495
MEDAK,MANOHARABAD,Venkatapur Agraharam,3325830.2457813136,3844097.00666671
MEDAK,MANOHARABAD,Palat,3325460.667148701,3838649.651512997
MEDAK,SHIVAMPET,Gangaipally,3325607.454471073,3834934.9595184266
MEDAK,NARSAPUR,Gollapally,3325566.7073615002,3822658.113585348
MEDAK,NARSAPUR,Chinna Chintakunta,3325935.9437872213,3820583.8281225897
MEDAK,TOOPRAN,Imampur,3326251.596087174,3840899.9953770675
MEDAK,SHIVAMPET,Maqdumpur,3326186.261543645,3833389.566976188
MEDAK,NARSAPUR,Thirmalapur,3327998.761697874,3821581.6659277226
MEDAK,KOWDIPALLY,Thunki,3327500.870423875,3814870.4252140787
MEDAK,NARSAPUR,Ibrahimbad,3327382.065734741,3809605.8062659376
MEDAK,SHIVAMPET,Usirikapally,3328375.9235124937,3831648.2329855827
MEDAK,NARSAPUR,Manthoor,3327265.903429033,3817650.50504279
MEDAK,SHIVAMPET,Donthi,3328249.6500891186,3834888.949218326
MEDAK,TEKMAL,Tekmal,3347144.2554695373,3794468.86161549
MEDAK,TEKMAL,Yellupet,3353134.305964877,3793026.3213296467
MEDAK,NARSAPUR,Khazipet,3327644.1090149307,3819320.0470601153
MEDAK,CHILPCHED,Ajjamarri,3329280.4760607663,3802565.4066764587
MEDAK,CHILPCHED,Gangaram,3328775.959253353,3803987.688790198
MEDAK,SHIVAMPET,Kothapet,3329553.209724019,3825218.0898997094
MEDAK,SHIVAMPET,Ratnapoor,3329089.8009591186,3827396.8976342636
MEDAK,NARSAPUR,Ahmednagar,3329254.262661003,3811983.9424770507
MEDAK,CHILPCHED,Banda Pothugal,3330590.7097546407,3802344.7226865212
MEDAK,TOOPRAN,Kistapur,3330383.1257052533,3844483.065267433
MEDAK,SHIVAMPET,Gundlapally,3330304.68365295,3834782.833567876
MEDAK,SHIVAMPET,Lingojiguda,3329697.412776047,3823967.640619056
MEDAK,NARSAPUR,Tujalpur,3330332.4298493676,3821888.1779505704
MEDAK,KOWDIPALLY,Salabatpur,3331321.1678399113,3809731.9910627194
MEDAK,SHIVAMPET,Pothula Boguda,3330912.997774586,3832163.1442093817
MEDAK,CHILPCHED,Rahimguda,3332682.639009758,3806829.3689145255
MEDAK,TOOPRAN,Vattur,3332408.3066713107,3836567.0292933723
MEDAK,NIZAMPET,Venkatapur,3356075.1502122297,3849748.4708718206
MEDAK,PAPANNAPET,Mallampet,3355538.8579019834,3796497.5362813883
MEDAK,SHANKARAMPET-A,Virojipally,3356250.1710012536,3787794.9001713893
MEDAK,NIZAMPET,Bachurajpally,3358837.021105538,3844898.4235739396
MEDAK,RAMAYAMPET,Rayalapur,3359118.5338589246,3841087.359530125
MEDAK,KOWDIPALLY,Mutrajpally,3330806.7672930295,3817421.2175958115
MEDAK,SHIVAMPET,Pambanda,3331054.2221925627,3829370.7619013353
MEDAK,TOOPRAN,Venktaipally,3331816.3432696983,3846393.5857128357
MEDAK,TOOPRAN,Narsampally Patti Velur,3332414.86340879,3848467.2595472126
MEDAK,TOOPRAN,Jandapally,3333574.3510075635,3838686.618410869
MEDAK,TOOPRAN,Toopran (M),3330345.438439394,3840234.977394823
MEDAK,SHIVAMPET,Allipur,3332315.0304050148,3826084.3089766647
MEDAK,KOWDIPALLY,Venkatapur,3332505.8844956346,3821272.7211465435
MEDAK,KOWDIPALLY,Nagasanpally,3333056.942083606,3815226.1707766205
MEDAK,KOWDIPALLY,Antharam,3333217.6591331353,3809247.062130455
MEDAK,KOWDIPALLY,Rajpet,3332658.8674458545,3819133.841253298
MEDAK,SHIVAMPET,Konthanpally,3333421.066403405,3834919.3424526798
MEDAK,TOOPRAN,Malkapur,3334565.1305009155,3848223.528799221
MEDAK,KOWDIPALLY,Mohammednagar @ Munirai,3334013.483113055,3812624.7041685306
MEDAK,YELDURTHY,Mangalparthy,3334262.0595535147,3823219.745954363
MEDAK,YELDURTHY,Eshvantharaopet,3335199.277235879,3825874.009979109
MEDAK,TOOPRAN,Islampur,3335151.1993881334,3841774.201239121
MEDAK,KOWDIPALLY,Dharmasagar,3335779.471609411,3814291.8312796354
MEDAK,TOOPRAN,Datarpally,3335896.40099031,3844453.8391145
MEDAK,TOOPRAN,Konaipally (Pattibegampet),3336105.2974672955,3849958.305770331
MEDAK,YELDURTHY,Hastalpur,3334822.6468974357,3832944.0539961625
MEDAK,MASAIPET,Koppulapally,3336817.9296077993,3836127.3097613184
MEDAK,YELDURTHY,Mellor,3336583.445916115,3832131.8443929544
MEDAK,MASAIPET,Chetlathimaipally,3337572.2234336347,3843297.30066392
MEDAK,YELDURTHY,Manepally,3336639.7870382364,3820305.992070889
MEDAK,MASAIPET,Pothamshetpally,3338761.218775433,3841920.5879613142
MEDAK,TEKMAL,Dadaipally,3338065.6996896854,3792057.7578660385
MEDAK,TEKMAL,Malkapur,3338716.324896627,3793379.0546810967
MEDAK,MASAIPET,Pothampally,3338595.19611572,3845943.7915944424
MEDAK,YELDURTHY,Yeldurthy,3336451.7491210247,3829314.345852069
MEDAK,KOWDIPALLY,Kukatpally,3338397.295177635,3808526.867421211
MEDAK,KOWDIPALLY,Yelmakanna,3338607.247330768,3814762.934352918
MEDAK,MASAIPET,Masaipet,3337685.3320131144,3838806.4739516736
MEDAK,ALLADURG,Peddapur,3338128.5201761397,3787684.9558206256
MEDAK,KOWDIPALLY,Kanchanpally,3338053.582504276,3817252.7142091533
MEDAK,YELDURTHY,Andugulapally,3339457.348084495,3819869.6596868443
MEDAK,CHEGUNTA,Chandaipet,3340681.9039846756,3845938.3751906054
MEDAK,MASAIPET,Lingareddipally,3340379.26537696,3840412.8422674523
MEDAK,MASAIPET,Achampet,3339816.681446463,3834390.9413094833
MEDAK,KOWDIPALLY,Devalpally,3339963.7125093876,3809628.28096704
MEDAK,KOWDIPALLY,Bujarampet,3339241.821393845,3805393.7556977593
MEDAK,ALLADURG,Muslapur,3340317.514699982,3788784.1518852627
MEDAK,KOWDIPALLY,Venkatapur,3340776.1853091596,3806232.9887193907
MEDAK,REGODE,Tatpally,3341587.787743562,3770983.6953073973
MEDAK,YELDURTHY,Kuknoor,3339819.2660935093,3825622.5978467655
MEDAK,KULCHARAM,Etigadda Mahmmadapur,3341607.780898344,3799307.731629113
MEDAK,TEKMAL,Bardipur,3340761.8477682015,3791800.2414872167
MEDAK,TEKMAL,Dhanoora,3340962.4740756582,3795807.3563347734
MEDAK,YELDURTHY,Bandaposanipally,3341862.3545635324,3825580.937187788
MEDAK,ALLADURG,Bhahirandibba,3341668.4277949356,3784813.0254516955
MEDAK,ALLADURG,Chevella,3342100.670664239,3782116.002734725
MEDAK,YELDURTHY,Damarancha,3341827.8120231805,3822190.9203204303
MEDAK,YELDURTHY,Edulapally,3342625.432226815,3827526.4304441754
MEDAK,CHEGUNTA,Chinna Shivnoor,3341805.5800509662,3842182.909016745
MEDAK,TEKMAL,Palvancha,3341951.1070636744,3793840.8422141387
MEDAK,SHANKARAMPET-R,Jangrai,3342823.426142052,3830304.521248626
MEDAK,CHEGUNTA,Makkarajpet,3342310.4598779045,3845465.455038696
MEDAK,TEKMAL,Bodmatpally,3342488.2321478873,3789234.219351899
MEDAK,SHANKARAMPET-R,Suraram,3342206.8855596194,3833869.629177832
MEDAK,ALLADURG,Chilvera,3343116.552360269,3786924.7033157265
MEDAK,KULCHARAM,Variguntham,3342031.662780136,3809980.6131062387
MEDAK,KULCHARAM,Kongode,3343002.580304897,3820004.8239261983
MEDAK,REGODE,Sindole,3343398.0987276766,3771058.578877126
MEDAK,KULCHARAM,Sangaipet,3343070.43991566,3805276.6493904185
MEDAK,KULCHARAM,Nainjalalpur,3343413.3080942994,3818235.164445463
MEDAK,KULCHARAM,Kulcharam,3343700.7965682843,3813127.6389500615
MEDAK,YELDURTHY,Settipally Kalan,3344061.939721335,3823454.1915458688
MEDAK,KULCHARAM,Appajipally,3345763.4728564783,3811097.9012452415
MEDAK,KULCHARAM,Thukkapur,3345199.5225559073,3802771.7948539983
MEDAK,CHEGUNTA,Ananthasagar,3344811.5491271825,3842065.266232831
MEDAK,SHANKARAMPET-R,Chandapur,3344751.620498184,3832459.6216851673
MEDAK,CHEGUNTA,Ramapur,3345191.187366509,3844875.5107285297
MEDAK,REGODE,Jagriyal,3346150.1442860183,3778911.8657415607
MEDAK,ALLADURG,Mupparam,3346180.955335549,3789225.3148151226
MEDAK,SHANKARAMPET-R,Shankaraj Kondapur,3345223.7072497695,3827449.046603623
MEDAK,KULCHARAM,Pothamsettipally,3347155.507941072,3813405.0779502136
MEDAK,REGODE,Kondapur,3344821.1766748456,3777777.987679294
MEDAK,CHEGUNTA,Rukmapur,3347289.818984307,3842514.8957600724
MEDAK,CHEGUNTA,Reddipally,3347189.584763396,3840556.4750389936
MEDAK,TEKMAL,Tamploor,3348446.1491691787,3790632.385057745
MEDAK,TEKMAL,Yellampally,3348759.3895878177,3794481.7739668773
MEDAK,PAPANNAPET,Ablapur,3349558.7302759355,3805055.545221881
MEDAK,SHIVAMPET,Chinnagottimukkala,3321833.242609273,3826142.8245845768
MEDAK,KULCHARAM,Rampur,3348621.5107158883,3815924.8778554634
MEDAK,MEDAK,Balanagar,3345922.6589294793,3821568.964259215
MEDAK,KULCHARAM,Amsanpally,3344123.6140409205,3816271.6877091844
MEDAK,PAPANNAPET,Enkepally,3346255.5961962542,3801351.8923707
MEDAK,CHEGUNTA,Ulli Thimmaipally,3345759.129243753,3841195.9502986697
MEDAK,SHANKARAMPET-R,Chandampet,3345785.6024330854,3835505.3618802796
MEDAK,CHEGUNTA,Polampally,3345939.5883192653,3837627.2053262
MEDAK,ALLADURG,Mahammadapur,3345894.019415892,3787216.8116632146
MEDAK,SHANKARAMPET-R,Shankarampet (R),3346593.0875734994,3833466.078527027
MEDAK,PAPANNAPET,Kodpak,3347094.2239571754,3805931.182532274
MEDAK,TEKMAL,Yelkurthi,3346440.865153701,3798832.2366111814
MEDAK,SHANKARAMPET-R,Ambajipet,3347157.986700026,3831926.602153353
MEDAK,REGODE,Marpally,3346900.522176149,3773817.5112105887
MEDAK,REGODE,Regode,3346532.8419556776,3776107.424371319
MEDAK,KULCHARAM,Chinnaghanpur,3345988.4783853763,3808637.90771863
MEDAK,PAPANNAPET,Chitriyal,3347762.2714927164,3802587.8334785667
MEDAK,TEKMAL,Achannapally,3348461.092052146,3799552.60187024
MEDAK,REGODE,Timmapur,3348631.1404686784,3779281.6956066913
MEDAK,SHANKARAMPET-R,Kamaram,3348303.43144504,3835681.0412802547
MEDAK,SHIVAMPET,Pedda Gottimukkala,3321235.162861086,3830748.920417265
MEDAK,NARSINGI,Valloor,3348099.571845347,3839057.4209404825
MEDAK,TEKMAL,Hasanmohmadpally,3347823.7532473523,3796993.6773872916
MEDAK,SHANKARAMPET-R,Korivipally,3348389.6069732523,3828306.1157025546
MEDAK,ALLADURG,Appajipally,3348522.677410892,3787032.1356957667
MEDAK,KULCHARAM,Kistapur,3349355.0026805648,3813560.1107750074
MEDAK,MEDAK,Chityal,3347352.844753682,3818872.8167337296
MEDAK,REGODE,Chowderpally,3348768.563204599,3775042.395397918
MEDAK,ALLADURG,Alladurg,3346739.215238849,3783124.6817485704
MEDAK,SHANKARAMPET-R,Mirzapally,3350058.2485109544,3834768.6633194396
MEDAK,MEDAK,Rajpally,3349025.793881623,3821616.838872035
MEDAK,PAPANNAPET,Bacharam,3349995.9956986327,3798833.1979323467
MEDAK,SHANKARAMPET-A,Gottimukla,3350322.9654602706,3779537.2006004727
MEDAK,PAPANNAPET,Namapur,3350036.563005292,3802060.4122726447
MEDAK,REGODE,Kothwalpally,3349832.414886204,3776729.163389905
MEDAK,MEDAK,Khazipally,3347397.116595267,3824451.324263756
MEDAK,PAPANNAPET,Nagsanpally,3349725.022206171,3810006.303454571
MEDAK,PAPANNAPET,Annaram,3351173.1238395213,3804393.164248745
MEDAK,SHANKARAMPET-A,Burugupally,3350466.760355203,3787603.1535934154
MEDAK,PAPANNAPET,Narsingi,3351055.9142481266,3799721.330977615
MEDAK,NARSINGI,Sheripally,3351466.487172262,3834176.33296652
MEDAK,NARSINGI,Bheemraopally,3350536.2072662516,3838693.5264854585
MEDAK,SHANKARAMPET-R,Gajgatlapally,3350997.2707029358,3829712.227601589
MEDAK,SHANKARAMPET-R,Turkala Mohammedapur,3350910.810896228,3827497.338770835
MEDAK,CHEGUNTA,Ibrahimpur,3349697.760252405,3844646.886009033
MEDAK,SHANKARAMPET-A,Malkapur,3352049.944863596,3779902.913886363
MEDAK,MEDAK,Rayalamadugu,3351410.620869821,3816530.797057213
MEDAK,CHEGUNTA,Vallabhapur,3352558.5172407585,3837555.665219658
MEDAK,SHANKARAMPET-A,Baddaram,3352574.643767641,3777831.40201964
MEDAK,MEDAK,Venkatapur,3352597.9085700223,3824514.323258603
MEDAK,PAPANNAPET,Ellapoor,3352269.7463980243,3811953.75529982
MEDAK,PAPANNAPET,Arkela,3352295.7187970765,3796297.2074121744
MEDAK,SHANKARAMPET-A,Venkatapur (Kattela),3352257.792267897,3782672.0839036303
MEDAK,TEKMAL,Yelupugonda,3351759.003328283,3791159.217758248
MEDAK,NARSINGI,Narsingi,3353093.57377881,3835107.0236703553
MEDAK,PAPANNAPET,Thammaipally,3353283.845546389,3798493.2954085283
MEDAK,PAPANNAPET,Papannapet,3352609.309452364,3801337.0091518434
MEDAK,PAPANNAPET,Doulapur,3353352.0850923667,3803123.3843966722
MEDAK,SHANKARAMPET-A,Danampally,3354160.6464531105,3786892.43840532
MEDAK,RAMAYAMPET,Damaracheru,3364043.1071504275,3836471.6541755116
MEDAK,MEDAK,Maqdumpur,3354051.184999464,3814556.4911686955
MEDAK,SHANKARAMPET-A,Thirumalapur,3354620.0541434437,3783349.7891740208
MEDAK,CHEGUNTA,Kondapur (Bonal),3353909.9268385684,3851067.487938486
MEDAK,MEDAK,Makta Bhoopathipur,3354382.823520168,3826525.852483943
MEDAK,SHANKARAMPET-A,Shivaipally,3354706.4059579903,3786090.9701040257
MEDAK,TEKMAL,Bodagat,3355015.2424540548,3789533.2918350915
MEDAK,PAPANNAPET,Podchenpally,3354556.393239504,3811583.2951116045
MEDAK,SHANKARAMPET-A,Kamalapur,3354977.9094984774,3780521.443319674
MEDAK,RAMAYAMPET,Dongal Dharmaram,3353869.004124694,3842149.4832366845
MEDAK,PAPANNAPET,Yousufpet,3353837.4385155183,3805447.740509664
MEDAK,PAPANNAPET,Muddapur,3355585.0489168284,3800421.718008275
MEDAK,PAPANNAPET,Ramathirtham,3354814.618449365,3799232.1348441006
MEDAK,PAPANNAPET,Kurthiwada,3355537.781349341,3804035.3634464284
MEDAK,MEDAK,Medak (M),3355153.4248810243,3819690.6668601157
MEDAK,SHANKARAMPET-A,Shankarampet (A),3354132.0972740403,3781602.6002135486
MEDAK,PAPANNAPET,Kothapally,3353270.189211495,3808141.23093624
MEDAK,SHANKARAMPET-R,Khajapur,3355095.3540243977,3831306.8073532213
MEDAK,SHANKARAMPET-A,Tenkati,3355358.4192479053,3777694.9642915525
MEDAK,SHANKARAMPET-A,Narayanapally,3357392.3199127032,3785348.47356668
MEDAK,PAPANNAPET,Lingaipally,3355530.2668264844,3793871.538477846
MEDAK,NIZAMPET,Narlapur,3356246.420899805,3846337.7797409226
MEDAK,PAPANNAPET,Kompally,3357091.6300080013,3791606.8043863797
MEDAK,NARSINGI,Sankhapur,3356279.8546038927,3834209.6202572957
MEDAK,MEDAK,Rayanpally,3354694.894857137,3824172.429708373
MEDAK,PAPANNAPET,Cheekode,3356905.5866637398,3792842.444022384
MEDAK,SHANKARAMPET-A,Ramajipally,3356930.653566319,3786627.0239617527
MEDAK,NIZAMPET,Kalwakunta,3359001.6662980258,3848920.2856869283
MEDAK,RAMAYAMPET,Lakshmapur,3363325.297902091,3829346.441436752
MEDAK,NIZAMPET,Nizampet,3362485.772454695,3847562.980649618
MEDAK,RAMAYAMPET,Parvathapur,3364911.844650763,3825742.443999508
MEDAK,NIZAMPET,Chelmeda,3364556.8566553877,3844338.1358105605
MEDAK,RAMAYAMPET,Katrial,3365807.7814416518,3827917.060743563
MEDAK,NIZAMPET,Naskal,3366380.070784562,3848485.9697577185
MEDAK,RAMAYAMPET,Dantepally,3368235.794222322,3825275.124637556
MEDAK,SHANKARAMPET-R,Gavalpally,3345736.0963127986,3829917.810767602
MEDAK,SHANKARAMPET-A,Uthloor,3355569.7344460953,3784622.5405931156
MEDAK,SHANKARAMPET-A,Maktha Lakshmapur,3350868.4021014427,3785030.082508808
MEDAK,TOOPRAN,Yavapur,3328836.0310145486,3845225.6320535275
MEDAK,NARSAPUR,Admapur,3325211.0467942464,3812548.3010204686
MEDAK,SHIVAMPET,Edulapur,3326174.2250415124,3831269.9751792746
MEDAK,MANOHARABAD,Lingareddipet,3327737.8854800123,3838753.0472957897
MEDAK,SHIVAMPET,Shivampet,3324882.5732342037,3829290.527513183
MEDAK,SHIVAMPET,Shabashpally,3327283.5596661153,3836352.7767008306
MEDAK,TOOPRAN,Ghanpur,3326496.138167878,3843397.5478885463
MEDAK,SHIVAMPET,Pillutla,3326913.421256972,3825814.859982187
MEDAK,NARSAPUR,Brahmanpally,3327090.192240285,3823601.110272021
MEDAK,RAMAYAMPET,Jhansi Lingapur,3357561.3263081685,3831445.0906569622
MEDAK,PAPANNAPET,Minpur,3356594.140237457,3802234.1646327223
MEDAK,RAMAYAMPET,Sutarpally,3358166.756538084,3841608.3716379674
MEDAK,SHANKARAMPET-A,Cheelapally,3357396.252244673,3782971.616909864
MEDAK,SHANKARAMPET-A,Ch.Laxmapur (DP),3355985.0087044807,3779999.05318429
MEDAK,MEDAK,Pathur,3358532.656208593,3826173.400795267
MEDAK,RAMAYAMPET,Ramayampet (M),3360350.4694876126,3836373.9270924353
MEDAK,RAMAYAMPET,Akkannapet,3360452.060966649,3832548.422795704
MEDAK,RAMAYAMPET,Konapur,3361613.286769129,3841262.2235586667
MEDAK,RAMAYAMPET,Thonigandla,3361522.961955603,3829801.391103448
MEDAK,NIZAMPET,Nandigaon,3361756.1622157707,3844653.5531045794
MEDAK,MEDAK,Komtoor,3351023.0149193252,3824323.90989218
MEDAK,NARSINGI,Narsampally,3354968.045205881,3838949.051102445
MEDAK,SHANKARAMPET-R,Kaslapur,3355141.8913710243,3837079.2752435165
MEDAK,RAMAYAMPET,Sadasivnagar,3359502.7480798685,3830097.5567916813
MEDAK,REGODE,Pyararam,3344095.4826333136,3774495.0791688277
MEDAK,REGODE,Pocharam,3345086.832744893,3773275.270779067
MEDAK,REGODE,Dosapally,3342667.714009899,3775788.271495056
MEDAK,REGODE,Burhanwadi,3344627.7839543303,3776334.1202689763
MEDAK,SHANKARAMPET-A,Koppole (DP),3359996.314716613,3785516.176430665
MEDAK,SHANKARAMPET-A,Kothapet,3359294.0533726793,3785417.4893579907
MEDAK,SHANKARAMPET-A,Marshetpally,3352851.6376796016,3788270.2293729032
MEDAK,YELDURTHY,Peddapur,3337029.1589552513,3831819.3235017583
MEDAK,NARSAPUR,Reddipally,3325093.412232917,3817716.958471967
MEDAK,KULCHARAM,Tummalapally,3340604.952897363,3816234.7350162
MEDAK,KULCHARAM,Pothireddipally,3341411.4973864323,3818004.9615115384
MEDAK,CHILPCHED,Gouthapur,3336576.2182053374,3805734.2863091957
MEDAK,CHILPCHED,Chilipched,3333852.329586785,3803255.8053277778
MEDAK,CHILPCHED,Lingaraoguda,3335712.196683226,3807560.614080673
MEDAK,CHILPCHED,Mangalpally (DP),3333954.266203733,3804216.7477087197
MEDAK,CHILPCHED,Ramdasguda,3335309.4105046443,3805918.453753962
MEDAK,CHILPCHED,Dasuguda,3334709.9725584425,3805620.237049633
MEDAK,CHILPCHED,Chitkul,3337367.159067636,3801378.672880064
MEDAK,CHILPCHED,Chandur,3335290.9587420714,3801452.737436187
MEDAK,CHILPCHED,Seri Faizabad,3331677.2074930696,3805097.8812390435
MEDAK,CHILPCHED,Faizabad,3331938.296940367,3802220.3819639934
MEDAK,HAVELIGHANPUR,Muthaipally,3357461.7288863575,3813528.238892899
MEDAK,HAVELIGHANPUR,Lingasanpally,3360474.137946879,3820484.47101387
MEDAK,HAVELIGHANPUR,Kuchanpally,3355872.688085262,3814361.456521315
MEDAK,HAVELIGHANPUR,Havelighanpur,3358977.1132596214,3820306.141888475
MEDAK,HAVELIGHANPUR,Bogada Bhoopathipur,3360297.6300546057,3814342.149040571
MEDAK,HAVELIGHANPUR,Shamnapur,3360349.1672466663,3825591.822490654
MEDAK,HAVELIGHANPUR,Shalipet,3360985.207675331,3815915.294363219
MEDAK,HAVELIGHANPUR,Byathole Thimmaipally,3362377.712469433,3820418.936855534
MEDAK,HAVELIGHANPUR,Gangapur,3362563.670570645,3825471.950066945
MEDAK,HAVELIGHANPUR,Ananthasagar,3364700.044317282,3822459.830486749
MEDAK,HAVELIGHANPUR,Burugupally,3364334.6211473225,3814865.9314518087
MEDAK,HAVELIGHANPUR,Rajpet,3367778.7239345964,3811689.4095897176
MEDAK,HAVELIGHANPUR,Fareedpur,3357666.609430177,3812147.184399309
MEDAK,HAVELIGHANPUR,Suklalpet,3359389.331889038,3819282.1721692528
MEDAK,HAVELIGHANPUR,Thogita,3358726.4321389156,3816815.2039554617
MEDAK,HAVELIGHANPUR,Byathole,3361784.5849083234,3822528.8286409923
MEDAK,HAVELIGHANPUR,Nagapur,3362500.780813329,3818804.6003430495
MEDAK,HAVELIGHANPUR,Mirgudpally (DP),3361959.537281603,3811282.8632597206
MEDAK,KULCHARAM,Serivariguntham,3343568.1434975206,3809192.5800971147
MEDAK,HAVELIGHANPUR,Madulwai,3355413.1383707044,3817329.0225240095
KARIMNAGAR,MANAKONDUR,Edulagattepalle,3389773.7731209146,3918924.0416005147
KARIMNAGAR,JAMMIKUNTA,Thanugula,3388723.080732736,3949221.8595383405
KARIMNAGAR,GANNERUVARAM,Mailaram,3388115.024448113,3903692.9015519666
KARIMNAGAR,MANAKONDUR,Lalithapur,3391890.621161636,3921896.324366101
KARIMNAGAR,MANAKONDUR,Devampalle,3391158.123508492,3923306.8586465702
KARIMNAGAR,ELLANDAKUNTA,Mallial,3375542.0528960326,3951602.598805584
KARIMNAGAR,MANAKONDUR,Munjampalle,3389488.589669483,3916090.3735775487
KARIMNAGAR,VEENAVANKA,Ghanmukula,3388376.9082451356,3935531.3269949327
KARIMNAGAR,TIMMAPUR,Mogilipalem,3377624.177619027,3921603.3352475446
KARIMNAGAR,SHANKARAPATNAM,Metpalle,3378017.027648477,3935066.709460838
KARIMNAGAR,MANAKONDUR,Lingapur,3395327.679811927,3919472.096864589
KARIMNAGAR,KARIMNAGAR (RURAL-I),Bommakal (OG),3395569.0933580203,3913501.281487417
KARIMNAGAR,RAMADUGU,Deshrajpalle,3405622.9261960173,3903533.9856935353
KARIMNAGAR,HUZURABAD,Katrepalle,3365360.815409482,3935751.8299397263
KARIMNAGAR,V.SAIDAPUR,Ammanagurthi,3364725.615513361,3933367.0100835734
KARIMNAGAR,V.SAIDAPUR,Raikal,3364308.2824121774,3928004.322163736
KARIMNAGAR,SHANKARAPATNAM,Ambalpur,3379965.259705449,3924887.9698088234
KARIMNAGAR,ELLANDAKUNTA,Sirsed,3379692.148817483,3952476.383123596
KARIMNAGAR,VEENAVANKA,Challoor,3393335.356283527,3933120.5956383375
KARIMNAGAR,KARIMNAGAR (RURAL-II),Kamanpur,3397308.1390104,3901716.2158178682
KARIMNAGAR,MANAKONDUR,Veldi,3395652.494814157,3923459.184805412
KARIMNAGAR,GANNERUVARAM,Yaswada,3392344.5694170557,3902883.056343843
KARIMNAGAR,GANGADHARA,Uppara Mallial,3406462.6955438876,3894603.3175936914
KARIMNAGAR,RAMADUGU,Ramadugu,3411486.5907496675,3902422.1907067597
KARIMNAGAR,GANGADHARA,Gangadhara,3411435.7941005696,3896395.7875815523
KARIMNAGAR,CHIGURUMAMIDI,Kondapur,3366302.8081486765,3916637.497458672
KARIMNAGAR,V.SAIDAPUR,Bommakal,3365501.1054714546,3930810.816472564
KARIMNAGAR,HUZURABAD,Kandugula,3366493.926226183,3941983.143708074
KARIMNAGAR,CHIGURUMAMIDI,Ullampalle,3368084.7241836647,3919289.9123826604
KARIMNAGAR,CHIGURUMAMIDI,Nawabpeta,3367340.0152584366,3913018.6886680187
KARIMNAGAR,HUZURABAD,Dharmarajupalle,3368900.7553147892,3943854.244644105
KARIMNAGAR,V.SAIDAPUR,Akunur,3367182.916404442,3924029.243297903
KARIMNAGAR,V.SAIDAPUR,Ghanpur,3368138.8107512114,3927375.314379627
KARIMNAGAR,V.SAIDAPUR,Godisala,3368584.0059600426,3931122.5789306546
KARIMNAGAR,HUZURABAD,Pothireddipet,3376348.221428251,3938272.3947239146
KARIMNAGAR,CHIGURUMAMIDI,Ramancha,3376584.4778476865,3911372.499812036
KARIMNAGAR,ELLANDAKUNTA,Patharlapalli,3377425.297412246,3953886.8259417545
KARIMNAGAR,SHANKARAPATNAM,Amudalapalle,3381216.2315706457,3933926.844703688
KARIMNAGAR,TIMMAPUR,Nallagonda,3380903.919641992,3915613.753303446
KARIMNAGAR,VEENAVANKA,Bethigal,3380839.2435972732,3937331.1351762973
KARIMNAGAR,SHANKARAPATNAM,Thadikal,3381935.354300935,3925687.9813751467
KARIMNAGAR,KARIMNAGAR (RURAL-I),Irukulla,3399865.9263011427,3915470.4655028707
KARIMNAGAR,CHIGURUMAMIDI,Mulkanoor,3377206.509521483,3914676.2152252705
KARIMNAGAR,SHANKARAPATNAM,Kareempet,3377062.719473284,3924647.9590922478
KARIMNAGAR,VEENAVANKA,Pothireddipalle,3388328.940901982,3943179.70902297
KARIMNAGAR,VEENAVANKA,Elbaka,3389082.3155139606,3931190.39120711
KARIMNAGAR,GANNERUVARAM,Ganneruvaram,3389532.248881307,3900044.403205968
KARIMNAGAR,VEENAVANKA,Kondapaka,3390453.0128129534,3940978.0776054277
KARIMNAGAR,CHOPPADANDI,Choppandandi (M),3411033.871387373,3913021.3687903695
KARIMNAGAR,RAMADUGU,Sriramulapalle,3413312.6983027137,3901026.410694235
KARIMNAGAR,CHIGURUMAMIDI,Bommanapalle,3370289.7558128205,3920200.411755259
KARIMNAGAR,V.SAIDAPUR,Eklaspur,3374518.624147478,3924177.637047286
KARIMNAGAR,V.SAIDAPUR,Vennampalle,3373758.877572047,3929625.5613128208
KARIMNAGAR,CHIGURUMAMIDI,Rekonda,3374129.243581767,3920384.172921323
KARIMNAGAR,GANGADHARA,Gattuboothkur,3402158.5683895913,3898226.298185369
KARIMNAGAR,SHANKARAPATNAM,Kannapur,3383086.710742984,3930251.36048543
KARIMNAGAR,SHANKARAPATNAM,Rajapur,3382359.085844553,3932143.523113547
KARIMNAGAR,CHOPPADANDI,Konerupalle,3405730.680552813,3908149.5554486914
KARIMNAGAR,KARIMNAGAR (RURAL-II),Laxmipur,3399057.1911097514,3904457.4029403655
KARIMNAGAR,KARIMNAGAR (RURAL-I),Jublinagar,3403586.746965318,3913567.084748912
KARIMNAGAR,RAMADUGU,Koratpalle,3409299.5178835155,3903676.2022538264
KARIMNAGAR,CHOPPADANDI,Vedurughattu,3408145.7858598656,3917545.2374330726
KARIMNAGAR,GANGADHARA,Nyalakondapalle,3409047.7053096686,3898186.2168841637
KARIMNAGAR,GANGADHARA,Mallapur,3409091.616367998,3892429.9959416934
KARIMNAGAR,SHANKARAPATNAM,Kothagattu,3376126.082880312,3931207.6205571205
KARIMNAGAR,JAMMIKUNTA,Madipalli,3375251.7388754734,3946633.7602286846
KARIMNAGAR,VEENAVANKA,Bonthupalle,3388920.349641541,3933552.3269782267
KARIMNAGAR,CHOPPADANDI,Katnepalle,3408071.8250713446,3908569.4318635617
KARIMNAGAR,GANGADHARA,Islampur,3413575.20601744,3894219.578851014
KARIMNAGAR,HUZURABAD,Kanukulagidda,3369078.903297525,3941593.1528109554
KARIMNAGAR,CHIGURUMAMIDI,Sundaragiri,3369701.678599547,3915794.541108812
KARIMNAGAR,V.SAIDAPUR,Elabotharam,3370376.4441553536,3933068.7954950286
KARIMNAGAR,V.SAIDAPUR,Saidapur,3370869.467672248,3928109.521059831
KARIMNAGAR,V.SAIDAPUR,Duddenapalle,3371599.411714755,3923084.897148873
KARIMNAGAR,V.SAIDAPUR,Venkepalle,3371729.897286897,3925407.1903502163
KARIMNAGAR,V.SAIDAPUR,Ramchandrapur,3371786.377944517,3931247.052911303
KARIMNAGAR,HUZURABAD,Jupaka,3371668.763492619,3943522.9809532533
KARIMNAGAR,HUZURABAD,Thummanapalle,3372430.5321474522,3933847.5209555137
KARIMNAGAR,HUZURABAD,Huzurabad (M),3368331.42070107,3936774.138491484
KARIMNAGAR,CHIGURUMAMIDI,Indurthi,3372013.3103133603,3910661.193295789
KARIMNAGAR,HUZURABAD,Sirsapalle,3373583.288424421,3937415.062990255
KARIMNAGAR,V.SAIDAPUR,Somaram,3374280.016009853,3926828.468333031
KARIMNAGAR,HUZURABAD,Singapur,3374462.2638003794,3934312.99384076
KARIMNAGAR,CHIGURUMAMIDI,Mudimanikyam,3375090.5325063434,3910368.426768443
KARIMNAGAR,RAMADUGU,Gopalraopet,3408998.436377323,3900461.7240597866
KARIMNAGAR,CHOPPADANDI,Kolimikunta,3408406.876398173,3912852.6752483775
KARIMNAGAR,CHOPPADANDI,Arnakonda,3415656.154573741,3913329.054242123
KARIMNAGAR,GANGADHARA,Burgupalle,3417480.9626235347,3899013.8778202133
KARIMNAGAR,GANGADHARA,Venkataipalle,3416202.7931387597,3894153.4479217157
KARIMNAGAR,CHIGURUMAMIDI,Chigurumamidi,3373888.08699912,3916071.0959157655
KARIMNAGAR,ELLANDAKUNTA,Kanagarthy,3375332.723359777,3949240.090993471
KARIMNAGAR,MANAKONDUR,Kondapalkala,3389269.0837032343,3927278.5760281445
KARIMNAGAR,GANNERUVARAM,Sangem,3387679.0837590164,3907298.7147854986
KARIMNAGAR,MANAKONDUR,Manakondur (Part),3392538.476746248,3915657.3671844564
KARIMNAGAR,KARIMNAGAR (RURAL-II),Karimnagar (M.Corp.),3398569.5594779104,3906924.3290441763
KARIMNAGAR,MANAKONDUR,Utoor,3396990.7642780584,3929531.3318138695
KARIMNAGAR,HUZURABAD,Chelpur,3374366.0596114392,3942184.6381895416
KARIMNAGAR,TIMMAPUR,Parlapalle,3378817.7670692885,3918246.290425351
KARIMNAGAR,TIMMAPUR,Kothapalle (P.N),3379415.160349451,3912809.2561139497
KARIMNAGAR,TIMMAPUR,Renikunta,3379182.5375298155,3909593.353220806
KARIMNAGAR,SHANKARAPATNAM,Keshavapatnam,3378162.9594840426,3927293.379760206
KARIMNAGAR,SHANKARAPATNAM,Molangur,3379828.883141751,3930326.5572655257
KARIMNAGAR,ELLANDAKUNTA,Ellandakunta,3379110.2948634597,3948911.98586394
KARIMNAGAR,GANNERUVARAM,Gunukula Kondapur,3380561.9983465057,3905128.052465694
KARIMNAGAR,JAMMIKUNTA,Jammikunta (M),3379438.131608348,3944531.1448940136
KARIMNAGAR,TIMMAPUR,Polampalle,3380788.653032954,3921370.009547163
KARIMNAGAR,ELLANDAKUNTA,Chinnakomatpalli,3382335.787364278,3949642.422387154
KARIMNAGAR,TIMMAPUR,Nedunur,3381648.312157155,3910302.0299746697
KARIMNAGAR,JAMMIKUNTA,Saidabad,3382487.298476166,3945592.319560044
KARIMNAGAR,VEENAVANKA,Valbapur,3382311.3038064493,3941545.9259395935
KARIMNAGAR,VEENAVANKA,Kanparthi,3382947.167151525,3938384.502626052
KARIMNAGAR,SHANKARAPATNAM,Mutharam,3383218.0477659213,3928052.7101324936
KARIMNAGAR,SHANKARAPATNAM,Kachapur,3383473.9215691937,3934541.4379442185
KARIMNAGAR,MANAKONDUR,Gattududdenapalle,3383281.0043786,3922572.0481834933
KARIMNAGAR,GANNERUVARAM,Jangapalli,3383391.087736657,3905155.410968276
KARIMNAGAR,SHANKARAPATNAM,Dharmaram,3383859.8476733565,3930946.723152726
KARIMNAGAR,ELLANDAKUNTA,Tekurthy,3383158.739065041,3951257.404887267
KARIMNAGAR,MANAKONDUR,Vannaram,3384218.2284478233,3925171.8167408556
KARIMNAGAR,TIMMAPUR,Mallapur,3382991.595620596,3918588.1738976594
KARIMNAGAR,TIMMAPUR,Vachunur,3383505.8150530523,3908517.5776618067
KARIMNAGAR,ELLANDAKUNTA,Bujunoor,3383705.2609961857,3954238.778498242
KARIMNAGAR,SHANKARAPATNAM,Kalvala,3384935.820424947,3935801.669387253
KARIMNAGAR,TIMMAPUR,Mannempalle,3384563.948297152,3916265.4431867455
KARIMNAGAR,GANNERUVARAM,Gopalpur,3385398.0359779377,3908037.445964152
KARIMNAGAR,TIMMAPUR,Nustulapur,3383706.0238727108,3912818.101306532
KARIMNAGAR,GANNERUVARAM,Madhapur,3384879.27568929,3903347.152117991
KARIMNAGAR,VEENAVANKA,Brahmanpalle,3386182.1518326835,3937355.2533983896
KARIMNAGAR,GANNERUVARAM,Kashimpet,3386041.270039325,3900966.974230165
KARIMNAGAR,SHANKARAPATNAM,Arkandla,3385819.6651101112,3930544.4027690333
KARIMNAGAR,SHANKARAPATNAM,Gaddapaka,3385592.5196728567,3933180.7719639903
KARIMNAGAR,SHANKARAPATNAM,Yeradpalle,3385780.977483044,3927975.424524006
KARIMNAGAR,JAMMIKUNTA,Bijigirisharif,3384715.4681921126,3947846.7390607377
KARIMNAGAR,GANNERUVARAM,Paruvella,3385770.149675048,3898472.5545078907
KARIMNAGAR,VEENAVANKA,Veenavanka,3385385.059816253,3940304.0970369345
KARIMNAGAR,ELLANDAKUNTA,Vanthadupula,3387020.765816396,3954539.8565438553
KARIMNAGAR,JAMMIKUNTA,Korapalli,3385377.0704918085,3944221.954321286
KARIMNAGAR,TIMMAPUR,Porandla,3387058.2786788517,3916480.373941022
KARIMNAGAR,ELLANDAKUNTA,Rachapalli,3386749.772765107,3951937.3776540714
KARIMNAGAR,VEENAVANKA,Reddipalle,3388028.8425288373,3938904.707569614
KARIMNAGAR,MANAKONDUR,Gangipalle,3387127.0866056154,3923832.9678764767
KARIMNAGAR,MANAKONDUR,Chenjerla,3386757.328537753,3920081.1687406898
KARIMNAGAR,TIMMAPUR,Thimmapur,3387884.9975901623,3913506.2322643236
KARIMNAGAR,JAMMIKUNTA,Vilasagar,3388812.0413819095,3946023.0917908507
KARIMNAGAR,MANAKONDUR,Maddikunta,3392224.4996652314,3928136.554329055
KARIMNAGAR,MANAKONDUR,Kelledu,3392083.6313810274,3925641.6852952265
KARIMNAGAR,JAMMIKUNTA,Vavilala,3390547.9945429727,3954006.2374455607
KARIMNAGAR,TIMMAPUR,Karimnagar (M.Corp.),3391037.447871004,3911259.634304422
KARIMNAGAR,MANAKONDUR,Annaram,3392339.878906492,3919563.049176441
KARIMNAGAR,KARIMNAGAR (RURAL-II),Khazipur,3392843.7002345924,3896963.1130467695
KARIMNAGAR,VEENAVANKA,Mamidalapalle,3393280.2891787416,3930746.4664892615
KARIMNAGAR,VEENAVANKA,Korkal (Jangampalle),3392251.6149399476,3937026.440490944
KARIMNAGAR,MANAKONDUR,Pachunur,3394374.5142241768,3927503.2010153946
KARIMNAGAR,KARIMNAGAR (RURAL-II),Elgandal,3394444.661490275,3900585.3641987704
KARIMNAGAR,KARIMNAGAR,Karimnagar (M.Corp.),3395033.1912187813,3909077.8596122772
KARIMNAGAR,KARIMNAGAR (RURAL-I),Chegurthi,3396716.1895587207,3918232.483729345
KARIMNAGAR,KARIMNAGAR (RURAL-II),Chinthakunta,3396576.01244847,3904188.689961223
KARIMNAGAR,KARIMNAGAR (RURAL-II),Asifnagar,3396329.9210440326,3898015.8630451765
KARIMNAGAR,KARIMNAGAR (RURAL-I),Durshed,3397893.3241581423,3914179.3189139487
KARIMNAGAR,KARIMNAGAR (RURAL-II),Nagulamallial,3397729.011892763,3896169.279542384
KARIMNAGAR,KARIMNAGAR (RURAL-I),Karimnagar (M.Corp.),3398967.9467984857,3910414.2187813036
KARIMNAGAR,KARIMNAGAR (RURAL-II),Malkapur,3399047.8852346493,3902985.0997077087
KARIMNAGAR,MANAKONDUR,Vegurupalle,3398495.6889108657,3926255.2985003656
KARIMNAGAR,KARIMNAGAR (RURAL-II),Baddipalli,3398657.818039846,3899365.7760941596
KARIMNAGAR,KARIMNAGAR (RURAL-I),Maqdumpur,3399131.779152702,3917926.85607824
KARIMNAGAR,GANGADHARA,Achampalli,3400598.4816389806,3895316.4487891123
KARIMNAGAR,KARIMNAGAR (RURAL-I),Elbotharam,3401391.9401450204,3913599.726222584
KARIMNAGAR,RAMADUGU,Velichal,3401559.3719437555,3901514.928537906
KARIMNAGAR,KARIMNAGAR (RURAL-II),Kothapally (M),3401332.356029631,3905597.2026758757
KARIMNAGAR,KARIMNAGAR (RURAL-I),Fakeerpet,3404618.7097351304,3913798.0432018675
KARIMNAGAR,KARIMNAGAR (RURAL-I),Nagunur,3402458.22573553,3910447.451860209
KARIMNAGAR,RAMADUGU,Vannaram,3404939.4740051543,3906911.6779829604
KARIMNAGAR,GANGADHARA,Garsekurthi,3403651.297687785,3894114.310630017
KARIMNAGAR,RAMADUGU,Kokkerakunta,3404253.6615451244,3905682.1721491334
KARIMNAGAR,KARIMNAGAR (RURAL-I),Cherlabuthkur,3402046.522733405,3917300.7932168725
KARIMNAGAR,KARIMNAGAR (RURAL-I),Chamanpalli,3404228.928606444,3915926.73145134
KARIMNAGAR,CHOPPADANDI,Chakunta,3406264.4236013466,3914210.1403092337
KARIMNAGAR,CHOPPADANDI,Rukmapur,3406123.8347278903,3911476.5330804414
KARIMNAGAR,RAMADUGU,Kistapur,3408271.21008989,3900077.9824694186
KARIMNAGAR,RAMADUGU,Vedira,3405790.810530643,3900599.928293448
KARIMNAGAR,GANGADHARA,Kurikial,3407684.9519464816,3896656.771242637
KARIMNAGAR,RAMADUGU,Shanagar,3410047.2920383886,3900745.6140266284
KARIMNAGAR,RAMADUGU,Dathojipet,3411733.911823756,3905211.9227504227
KARIMNAGAR,CHOPPADANDI,Gumlapur,3411559.8044242146,3908681.873903757
KARIMNAGAR,RAMADUGU,Chippakurthi,3413980.607168126,3903358.520359756
KARIMNAGAR,GANGADHARA,Nagireddipur,3413797.3427595953,3898989.1837775386
KARIMNAGAR,CHOPPADANDI,Chityalpalle,3414960.752972169,3909962.7289127074
KARIMNAGAR,RAMADUGU,Thirmalapur,3415875.7408633605,3901351.026754945
KARIMNAGAR,GANGADHARA,Kachireddipalle,3416242.299506235,3895452.130526438
KARIMNAGAR,GANGADHARA,Sarvareddipalle,3417022.3279578146,3903818.1274763
KARIMNAGAR,RAMADUGU,Rudraram,3409113.2567370445,3905934.8735879413
KARIMNAGAR,RAMADUGU,Gundi,3417124.1623742455,3906443.51129589
KARIMNAGAR,GANGADHARA,Narasimhulapalle,3418660.523157198,3902269.691543207
KARIMNAGAR,GANGADHARA,Oddyaram,3394724.4385479963,3894893.8508192915
KARIMNAGAR,RAMADUGU,Laxmipur,3414024.348503334,3906798.5184602505
KARIMNAGAR,GANGADHARA,Ryalapalle,3420166.445980704,3896246.189801614
KARIMNAGAR,GANGADHARA,Kondaipalle,3417532.5339895985,3897040.901534515
KARIMNAGAR,GANGADHARA,Narayanpur,3414179.020179901,3896563.810990508
KARIMNAGAR,KARIMNAGAR (RURAL-I),Taharakondapur,3404765.441030158,3918063.0347590116
KARIMNAGAR,CHOPPADANDI,Bhupalapatnam,3412052.711797414,3916054.1955710393
KARIMNAGAR,CHOPPADANDI,Ragampeta,3417908.6304737907,3909928.2718097987
KARIMNAGAR,RAMADUGU,Fakeerpet,3411335.3762872946,3899431.215071441
KARIMNAGAR,RAMADUGU,Mothe,3407321.491490287,3904054.1320612193
KUMURAM BHEEM,KERAMERI,Dhanora,3504822.2026586495,3911266.753319759
KUMURAM BHEEM,ASIFABAD,Edulwada,3492798.634755926,3928308.4280216857
KUMURAM BHEEM,KAGAZNAGAR,Sarsala,3491429.387264659,3962935.2358940835
KUMURAM BHEEM,REBBENA,Nambal,3482230.943201417,3942386.4526779996
KUMURAM BHEEM,DAHEGAON,Etapalle,3474772.8652621554,3979233.1029883744
KUMURAM BHEEM,KERAMERI,Indhapur,3509744.3365578824,3911423.468547939
KUMURAM BHEEM,KERAMERI,Jhari,3504670.432968665,3905634.27567635
KUMURAM BHEEM,CHINTALAMANEPALLY,Adepally,3500586.3994634785,3968914.151706724
KUMURAM BHEEM,KAGAZNAGAR,Regulguda,3502758.435225134,3945236.207579882
KUMURAM BHEEM,CHINTALAMANEPALLY,Karjavelli,3505944.9165841974,3983683.104051392
KUMURAM BHEEM,REBBENA,Pulikunta,3479337.217281187,3940638.024086638
KUMURAM BHEEM,LINGAPUR,Chorpalle,3490055.717259894,3902959.636324269
KUMURAM BHEEM,ASIFABAD,Mothuguda,3492926.1722136894,3932798.7670438285
KUMURAM BHEEM,DAHEGAON,Kammarpalle,3482142.1580462474,3971175.9611219126
KUMURAM BHEEM,TIRYANI,Dongargaon,3479562.8428689414,3927686.045278667
KUMURAM BHEEM,TIRYANI,Boardham,3483194.741901205,3924678.26128265
KUMURAM BHEEM,ASIFABAD,Devadurgam,3490087.5358696715,3917967.3649314158
KUMURAM BHEEM,BEJJUR,Sushmeer,3491482.21299592,3991878.3608477605
KUMURAM BHEEM,PENCHICALPET,Yellur,3488831.738877093,3978711.1874940917
KUMURAM BHEEM,KAGAZNAGAR,Seetanagar,3491975.6061068084,3953579.060092809
KUMURAM BHEEM,REBBENA,Khairgaon,3491946.0202969117,3934528.098408108
KUMURAM BHEEM,KAGAZNAGAR,Jagannathpur,3490305.3820143123,3951016.0098048304
KUMURAM BHEEM,TIRYANI,Ginnedari,3479935.5641868617,3921132.5513992794
KUMURAM BHEEM,DAHEGAON,Laggaon,3482570.4064984927,3974539.6618482503
KUMURAM BHEEM,KERAMERI,Kallegaon,3501530.8570871255,3914359.1657889667
KUMURAM BHEEM,SIRPUR(T),Medpalle,3510894.594997285,3945456.518500241
KUMURAM BHEEM,TIRYANI,Gundala,3463206.9938818356,3921452.970683742
KUMURAM BHEEM,DAHEGAON,Motlaguda,3476468.7487015715,3991043.5842690337
KUMURAM BHEEM,DAHEGAON,Teepergaon,3478171.4271439384,3988565.441546913
KUMURAM BHEEM,REBBENA,Takkallapalle,3478041.914349432,3942874.0992952427
KUMURAM BHEEM,DAHEGAON,Hathni,3480509.7706375066,3967931.8756700163
KUMURAM BHEEM,REBBENA,Gollet,3481158.2871017456,3936425.846490716
KUMURAM BHEEM,DAHEGAON,Loha,3481478.589325133,3984534.9647346665
KUMURAM BHEEM,DAHEGAON,Ainam,3484886.514695354,3966332.883221932
KUMURAM BHEEM,LINGAPUR,Ghumnur (Khurd),3487524.9670833675,3893282.20503065
KUMURAM BHEEM,SIRPUR(T),Cheelapalle,3506734.4657822708,3950330.953599927
KUMURAM BHEEM,CHINTALAMANEPALLY,Chintala Manepally,3506069.7105059987,3979286.9724383745
KUMURAM BHEEM,BEJJUR,Somini,3490637.010556659,3994812.0478292913
KUMURAM BHEEM,ASIFABAD,Kommuguda,3490530.12928795,3929507.122296867
KUMURAM BHEEM,BEJJUR,Gabbai,3491020.409670221,3988773.5540496064
KUMURAM BHEEM,DAHEGAON,Chandrapalle,3478152.812689669,3977865.7140496215
KUMURAM BHEEM,REBBENA,Komarvalli,3479116.75698395,3947143.954007522
KUMURAM BHEEM,REBBENA,Kistapur,3482409.2617554776,3950206.760646916
KUMURAM BHEEM,REBBENA,Narayanpur,3482778.7475066795,3946953.1471554246
KUMURAM BHEEM,WANKIDI,Bendara,3504253.922549909,3928433.2144669015
KUMURAM BHEEM,JAINOOR,Ashapalle,3503680.7769074906,3883625.951420548
KUMURAM BHEEM,WANKIDI,Chincholi,3504948.0058033303,3923730.605124977
KUMURAM BHEEM,WANKIDI,Arli,3514122.129856783,3928881.520255571
KUMURAM BHEEM,SIRPUR(T),Jakkapur,3515591.385931385,3952541.4812003663
KUMURAM BHEEM,KOUTHALA,Mogadagad,3516664.7835724894,3972568.436221816
KUMURAM BHEEM,KOUTHALA,Pardi,3518483.1701137437,3967527.2370419037
KUMURAM BHEEM,KAGAZNAGAR,Gannaram,3496468.1788359107,3956055.216411664
KUMURAM BHEEM,BEJJUR,Rechini,3494371.0131085305,3990252.400772804
KUMURAM BHEEM,BEJJUR,Nagepalle,3495306.6845477447,3995659.43406639
KUMURAM BHEEM,BEJJUR,Bejjur,3492531.1856205966,3984381.679466268
KUMURAM BHEEM,BEJJUR,Peddasiddapur,3495057.789987146,3983992.8118959884
KUMURAM BHEEM,TIRYANI,Rallakannepally,3479298.76434154,3924363.9527860857
KUMURAM BHEEM,PENCHICALPET,Jilleda,3480358.9548220765,3990583.2296488285
KUMURAM BHEEM,DAHEGAON,Digida,3479144.8982661013,3986530.257447805
KUMURAM BHEEM,SIRPUR (U),Mahagaon,3489978.5053138705,3892913.7795820255
KUMURAM BHEEM,WANKIDI,Tejapur,3504171.891960681,3926891.9959726227
KUMURAM BHEEM,CHINTALAMANEPALLY,Babasagar,3504360.953170919,3975616.1218187003
KUMURAM BHEEM,KERAMERI,Pipri,3504534.641808895,3915060.4686616114
KUMURAM BHEEM,TIRYANI,Bheempur,3467883.806031645,3917169.210711338
KUMURAM BHEEM,ASIFABAD,Balegaon,3495142.2236874844,3919398.530631032
KUMURAM BHEEM,TIRYANI,Talandi,3477529.050962932,3925181.8423683047
KUMURAM BHEEM,PENCHICALPET,Kammergaon,3481708.7423219094,3987638.5160150663
KUMURAM BHEEM,KERAMERI,Parda,3503660.584282739,3908809.051717699
KUMURAM BHEEM,WANKIDI,Kannergaon,3501015.3879349013,3934067.0930054453
KUMURAM BHEEM,SIRPUR(T),Achalli,3502802.1137531,3952685.4418605207
KUMURAM BHEEM,KERAMERI,Kerameri,3504987.3908121795,3900578.670891578
KUMURAM BHEEM,SIRPUR (U),Devadpalle,3496257.016012781,3893028.97898091
KUMURAM BHEEM,KAGAZNAGAR,Kagaznagar (M),3494501.6787647293,3946201.929195084
KUMURAM BHEEM,ASIFABAD,Nandupa,3496150.9344440238,3935478.704134858
KUMURAM BHEEM,JAINOOR,Polasa,3496331.1973300516,3890712.530766288
KUMURAM BHEEM,LINGAPUR,Lingapur,3484541.012667942,3897491.565741147
KUMURAM BHEEM,TIRYANI,Areguda,3485745.7292967117,3927231.7426128085
KUMURAM BHEEM,REBBENA,Sonapur,3482666.589234436,3931863.6087293313
KUMURAM BHEEM,REBBENA,Dharmaram,3485704.4468477275,3945719.7960023396
KUMURAM BHEEM,CHINTALAMANEPALLY,Kethini,3506286.8235758133,3988909.954116719
KUMURAM BHEEM,KERAMERI,Modi,3506398.0399968247,3905915.0693173
KUMURAM BHEEM,TIRYANI,Devaiguda,3484549.3584975232,3924644.481190364
KUMURAM BHEEM,CHINTALAMANEPALLY,Bandepally (D),3509380.9568452677,3988847.9403473074
KUMURAM BHEEM,WANKIDI,Nukewada (UI),3511020.1703146733,3926443.1205405956
KUMURAM BHEEM,DAHEGAON,Pesarkunta,3488985.0297323894,3965846.8741598832
KUMURAM BHEEM,DAHEGAON,Beebra,3487724.50934859,3963240.001917924
KUMURAM BHEEM,ASIFABAD,Perasnambal,3487874.438952794,3933872.5242109806
KUMURAM BHEEM,SIRPUR(T),Rajaram,3508573.2365044993,3966675.712835367
KUMURAM BHEEM,KERAMERI,Devapur,3507903.6055994933,3899563.802904835
KUMURAM BHEEM,DAHEGAON,Kunchavelli,3477904.5767438826,3973477.3899065643
KUMURAM BHEEM,SIRPUR (U),Babjipet,3500239.975663798,3899041.429697513
KUMURAM BHEEM,KAGAZNAGAR,Bareguda,3491903.9498995356,3945542.435459193
KUMURAM BHEEM,ASIFABAD,Malan Gondi,3492246.8659651293,3919455.590831253
KUMURAM BHEEM,REBBENA,Navegaon,3492925.106213904,3936876.844912842
KUMURAM BHEEM,PENCHICALPET,Chedwai,3491510.9759715153,3966364.741993036
KUMURAM BHEEM,JAINOOR,Powerguda,3497626.428596147,3889045.7616221304
KUMURAM BHEEM,KAGAZNAGAR,Kosni,3498539.8090571905,3945159.8496997757
KUMURAM BHEEM,ASIFABAD,Khapri,3497644.647990924,3918033.3588771825
KUMURAM BHEEM,JAINOOR,Jainoor (CT),3497433.8420612058,3887165.621130128
KUMURAM BHEEM,SIRPUR (U),Netnur,3488970.600997102,3896976.2308992352
KUMURAM BHEEM,KAGAZNAGAR,Bodepalle,3489494.5692820307,3953012.60170527
KUMURAM BHEEM,ASIFABAD,Buruguda,3493072.7586217206,3930331.7799196085
KUMURAM BHEEM,KAGAZNAGAR,Chinthaguda,3498738.6593131674,3948168.080594202
KUMURAM BHEEM,SIRPUR(T),Chunchupalle,3501580.303015516,3955552.95294242
KUMURAM BHEEM,WANKIDI,Jaithpur,3501744.0341049302,3928117.47910633
KUMURAM BHEEM,TIRYANI,Manikyapur,3469933.0784970243,3921431.3466561274
KUMURAM BHEEM,ASIFABAD,Itukyal,3494852.452721808,3920616.5051163477
KUMURAM BHEEM,JAINOOR,Marlawai,3492981.2596987956,3886109.3305010647
KUMURAM BHEEM,SIRPUR (U),Bhurnur,3494301.2361266967,3889064.867258395
KUMURAM BHEEM,SIRPUR (U),Sirpur (U),3493745.83627036,3891747.0546013988
KUMURAM BHEEM,TIRYANI,Rompally,3467464.9184244447,3922975.7686346043
KUMURAM BHEEM,DAHEGAON,Girvelli,3476939.8465953814,3982403.547597382
KUMURAM BHEEM,TIRYANI,Duggapur,3475059.343294335,3927103.396345075
KUMURAM BHEEM,SIRPUR(T),Venkatraopet,3511148.1531541706,3957529.323792207
KUMURAM BHEEM,WANKIDI,Indhani,3508441.7247809498,3921436.1089023426
KUMURAM BHEEM,DAHEGAON,Dubbaguda,3478009.6191292587,3992337.906272415
KUMURAM BHEEM,TIRYANI,Edulpad,3472420.4830325963,3928239.863865708
KUMURAM BHEEM,REBBENA,Rollapahad,3477258.5881297025,3944386.401858557
KUMURAM BHEEM,PENCHICALPET,Nandigaon,3479246.2075162977,3989418.305675683
KUMURAM BHEEM,TIRYANI,Irkapally,3474907.598962865,3921613.0652384134
KUMURAM BHEEM,TIRYANI,Islampur,3471405.9514125525,3922440.7102145567
KUMURAM BHEEM,LINGAPUR,Kothapalle,3484457.6873168964,3894238.845518694
KUMURAM BHEEM,TIRYANI,Lingiguda,3485842.174701076,3922451.966322233
KUMURAM BHEEM,KERAMERI,Nishani,3505853.841849745,3917417.753474847
KUMURAM BHEEM,ASIFABAD,Sankepalle,3498483.7158501274,3936606.693380275
KUMURAM BHEEM,SIRPUR(T),Bonki,3501031.8638700116,3963977.667638364
KUMURAM BHEEM,SIRPUR(T),Arepally,3502570.116340238,3957899.3784355465
KUMURAM BHEEM,TIRYANI,Kannepally,3475724.5701998654,3929543.306065477
KUMURAM BHEEM,DAHEGAON,Ravalpalle,3475624.040241758,3993094.4846036327
KUMURAM BHEEM,ASIFABAD,Shakangondi,3492688.554211788,3915009.0790716964
KUMURAM BHEEM,PENCHICALPET,Pothepalle,3491023.923821974,3971347.405559128
KUMURAM BHEEM,REBBENA,Gudepalle,3479428.5569437724,3949721.7891188124
KUMURAM BHEEM,DAHEGAON,Rampur,3476304.004497947,3988327.76925516
KUMURAM BHEEM,TIRYANI,Sonapur,3478316.3917573984,3931578.004001483
KUMURAM BHEEM,DAHEGAON,Kalwada,3479643.691323962,3970813.6786434506
KUMURAM BHEEM,REBBENA,Rangapur,3480183.8982261354,3948218.8324672678
KUMURAM BHEEM,DAHEGAON,Chinnaraspalle,3479794.1111359056,3980157.484270377
KUMURAM BHEEM,TIRYANI,Moindagudipet,3477970.0884738113,3919837.765921223
KUMURAM BHEEM,REBBENA,Jakkalpalle,3479650.608269073,3951886.121192973
KUMURAM BHEEM,TIRYANI,Mangi,3475245.951172498,3912214.239337631
KUMURAM BHEEM,TIRYANI,Sungapur,3480805.060304838,3918298.556984798
KUMURAM BHEEM,LINGAPUR,Mamidipalle,3481543.4282900114,3898214.4537617615
KUMURAM BHEEM,DAHEGAON,Vodduguda,3481397.867941042,3978252.379785757
KUMURAM BHEEM,DAHEGAON,Bhamanagar,3479551.1424817857,3974010.3738833754
KUMURAM BHEEM,PENCHICALPET,Penchikalpet,3483552.107490404,3976966.3138242834
KUMURAM BHEEM,TIRYANI,Pedakunta,3483981.627186482,3925705.066326683
KUMURAM BHEEM,LINGAPUR,Loddiguda,3481400.161539886,3906317.55475858
KUMURAM BHEEM,DAHEGAON,Dahegaon,3484275.447161278,3969664.5261967797
KUMURAM BHEEM,PENCHICALPET,Yelkapalle,3486433.048915647,3974946.6435907446
KUMURAM BHEEM,DAHEGAON,Gorregutta,3486096.242050114,3955238.837328052
KUMURAM BHEEM,PENCHICALPET,Agarguda,3484846.3445946495,3983618.365043872
KUMURAM BHEEM,PENCHICALPET,Gundepalle,3484702.1845059004,3987774.567052804
KUMURAM BHEEM,PENCHICALPET,Muraliguda,3483969.181551046,3991111.7710848087
KUMURAM BHEEM,TIRYANI,Rudrapur,3486560.239287407,3923215.215258135
KUMURAM BHEEM,TIRYANI,Pangidimadra,3484102.353499379,3914369.3422060665
KUMURAM BHEEM,PENCHICALPET,Guntlapet,3487294.143087466,3969320.6504409243
KUMURAM BHEEM,LINGAPUR,Vankamaddi,3487166.7536771996,3894950.3042329033
KUMURAM BHEEM,TIRYANI,Ullipitta Dorli,3484851.6530554807,3920766.051984064
KUMURAM BHEEM,LINGAPUR,Yellapatar,3486112.226862697,3901643.6340709836
KUMURAM BHEEM,PENCHICALPET,Koyachichal,3486076.4698796165,3979565.9628133317
KUMURAM BHEEM,PENCHICALPET,Bombaiguda,3487553.4784961967,3971862.3612113567
KUMURAM BHEEM,LINGAPUR,Ghumnur (Buzurg),3487398.137828843,3891786.066199279
KUMURAM BHEEM,ASIFABAD,Mondepalle,3488735.172943347,3925889.2423207206
KUMURAM BHEEM,DAHEGAON,Borlakunta,3487471.92931255,3958603.594595762
KUMURAM BHEEM,DAHEGAON,Kothmir,3486983.0795488297,3961130.7117028353
KUMURAM BHEEM,ASIFABAD,Padibonda,3488699.56726234,3923541.5189360334
KUMURAM BHEEM,REBBENA,Rebbana,3485936.7579450817,3938771.110399222
KUMURAM BHEEM,BEJJUR,Tikkapalle,3489675.3616749872,3992299.954609585
KUMURAM BHEEM,BEJJUR,Talai,3488638.4470549924,3993801.435977
KUMURAM BHEEM,LINGAPUR,Kanchanpalle,3486116.020051754,3890335.179526521
KUMURAM BHEEM,REBBENA,Nerpalle,3486884.3404604644,3936381.8491602577
KUMURAM BHEEM,REBBENA,Gangapur,3485662.8514207,3941703.8763673794
KUMURAM BHEEM,BEJJUR,Papanpet,3488536.235543827,3989885.587794994
KUMURAM BHEEM,REBBENA,Tungeda,3488500.5939098517,3946700.2573778965
KUMURAM BHEEM,SIRPUR (U),Shettihadapnur,3488383.1946119545,3888215.1787267253
KUMURAM BHEEM,REBBENA,Edvalli,3490048.094542299,3935178.915407049
KUMURAM BHEEM,ASIFABAD,Kosara,3492922.9109460795,3921348.296206315
KUMURAM BHEEM,KAGAZNAGAR,Andavelli,3493050.944688181,3950830.9849233907
KUMURAM BHEEM,BEJJUR,Pothepalle,3499933.4626120785,3982317.528940381
KUMURAM BHEEM,WANKIDI,Dhaba,3522060.820527759,3923062.6174442754
KUMURAM BHEEM,DAHEGAON,Itial,3489072.5381766786,3955804.942114467
KUMURAM BHEEM,ASIFABAD,Routsankepalle,3487423.748681169,3930808.380452976
KUMURAM BHEEM,SIRPUR (U),Dhanora-P,3490663.7192345224,3890905.4772415673
KUMURAM BHEEM,ASIFABAD,Singaraopet,3489275.038781061,3928271.1013153642
KUMURAM BHEEM,TIRYANI,Dantanpalle,3488995.755086605,3914477.009891557
KUMURAM BHEEM,PENCHICALPET,Lodpalle,3489761.4307948677,3976181.179605688
KUMURAM BHEEM,ASIFABAD,Chirrakunta,3490539.1125567444,3922742.3701977613
ADILABAD,UTNOOR,Narsapur (New),3489962.699682481,3883139.855087148
KUMURAM BHEEM,SIRPUR (U),Kohinur (Buzurg),3492219.9989016973,3889249.253213277
KUMURAM BHEEM,ASIFABAD,Chilatiguda,3491830.731279539,3925811.6551788175
KUMURAM BHEEM,TIRYANI,Goena,3488295.6200959506,3908186.0051254556
KUMURAM BHEEM,REBBENA,Rampur,3491756.918480271,3938170.3904588614
KUMURAM BHEEM,KAGAZNAGAR,Jambuga,3491785.3849443053,3956100.319740436
KUMURAM BHEEM,BEJJUR,Kushnepalle,3493245.326245271,3988516.2504359116
KUMURAM BHEEM,REBBENA,Rollapet,3490334.2878312874,3940178.268401952
KUMURAM BHEEM,KAGAZNAGAR,Bhatpalle,3492390.1834913744,3948640.9990920927
KUMURAM BHEEM,SIRPUR (U),Pamulawada,3492449.300961504,3895174.2437564195
KUMURAM BHEEM,ASIFABAD,Sirasgaon,3493196.4472684828,3912338.171105035
KUMURAM BHEEM,ASIFABAD,Tumpalle,3493479.9030235307,3923979.861703895
KUMURAM BHEEM,BEJJUR,Rebbena,3499880.2411337737,3974423.662707296
KUMURAM BHEEM,KAGAZNAGAR,Raspalle,3491877.6367574665,3959675.266793489
KUMURAM BHEEM,KAGAZNAGAR,Nandiguda,3493706.80437758,3941907.0361576974
KUMURAM BHEEM,BEJJUR,Chinnasiddapur,3494062.8800738025,3984981.8433748377
KUMURAM BHEEM,KAGAZNAGAR,Nagampet,3493921.8911282,3956525.6423077965
KUMURAM BHEEM,ASIFABAD,Ada-Dasnapur,3494950.112213477,3914041.396433487
KUMURAM BHEEM,ASIFABAD,Samela,3494362.5822057305,3925092.615510257
KUMURAM BHEEM,KAGAZNAGAR,Kadamba,3496862.8010381595,3963602.691356416
KUMURAM BHEEM,JAINOOR,Lendiguda,3500499.0238921307,3887843.2033856693
KUMURAM BHEEM,ASIFABAD,Rajura,3495670.545463925,3931689.958540449
KUMURAM BHEEM,ASIFABAD,Ankusapur,3495926.3654382406,3924517.4157038005
KUMURAM BHEEM,KAGAZNAGAR,Boregaon,3495325.8706027963,3943478.356891266
KUMURAM BHEEM,ASIFABAD,Babapur,3495710.6902288063,3922568.6330548725
KUMURAM BHEEM,JAINOOR,Jamni,3498829.7399712773,3891017.485838473
KUMURAM BHEEM,SIRPUR (U),Seetagondi,3497145.776365259,3895153.7846894506
KUMURAM BHEEM,BEJJUR,Kukuda,3497388.366971561,3986330.328159155
KUMURAM BHEEM,ASIFABAD,Gundi,3498290.6125529283,3931314.6491105314
KUMURAM BHEEM,KAGAZNAGAR,Mosam,3497112.380780627,3959543.5387101877
KUMURAM BHEEM,SIRPUR (U),Phullara,3498746.7768259095,3893192.552049297
KUMURAM BHEEM,BEJJUR,Mogavelly,3494088.025675789,3993588.679405936
KUMURAM BHEEM,JAINOOR,Shivanur,3494595.705441613,3883342.0002458165
KUMURAM BHEEM,ASIFABAD,Rahapalle,3494582.416174413,3933781.470615849
KUMURAM BHEEM,KAGAZNAGAR,Ankhoda,3500339.1886387514,3958104.708406244
KUMURAM BHEEM,ASIFABAD,Govindapur,3497053.113144028,3929415.8557070745
KUMURAM BHEEM,ASIFABAD,Cherpalle,3496960.3893871363,3933735.9369237004
KUMURAM BHEEM,KAGAZNAGAR,Easgaon,3495908.0116888722,3950313.5748767876
KUMURAM BHEEM,JAINOOR,Dubbaguda,3496857.4152328963,3884762.471718672
KUMURAM BHEEM,KERAMERI,Chalbadi,3495776.372871017,3904939.808903829
KUMURAM BHEEM,BEJJUR,Marthadi,3497024.8701555734,3983069.992941018
KUMURAM BHEEM,SIRPUR (U),Pangdi,3494807.735493272,3899930.799138069
KUMURAM BHEEM,PENCHICALPET,Jankapur,3495990.3081950853,3969594.911315727
KUMURAM BHEEM,ASIFABAD,Dadpapur,3497844.9642212894,3921340.9313323535
KUMURAM BHEEM,CHINTALAMANEPALLY,Koyapalle,3497518.7916489206,3995762.782413615
KUMURAM BHEEM,KAGAZNAGAR,Metpalle,3496359.02587415,3937753.4002989754
KUMURAM BHEEM,KAGAZNAGAR,Mandva,3498354.6127539547,3956408.491750241
KUMURAM BHEEM,KERAMERI,Patnapur,3498121.103506812,3909507.7683931957
KUMURAM BHEEM,KAGAZNAGAR,Gondi,3499618.936967519,3940072.2069580154
KUMURAM BHEEM,KERAMERI,Hatti,3502014.138142154,3904126.4280557954
KUMURAM BHEEM,CHINTALAMANEPALLY,Buruguda,3499585.6464698156,3996311.239013776
KUMURAM BHEEM,ASIFABAD,Kommuguda,3499651.6911569973,3922434.7810342885
KUMURAM BHEEM,ASIFABAD,Yellaram,3499503.450438352,3924104.3757620226
KUMURAM BHEEM,KERAMERI,Token Movad,3499473.9388507335,3903990.6893219603
KUMURAM BHEEM,BEJJUR,Outsarangipalle,3496484.0265423027,3979171.560195371
KUMURAM BHEEM,KAGAZNAGAR,Vallakonda,3495652.3588033146,3952704.7086271467
KUMURAM BHEEM,DAHEGAON,Amargonda,3481326.1761113275,3981066.583132429
KUMURAM BHEEM,ASIFABAD,Saleguda,3499750.7467591,3927020.683084703
KUMURAM BHEEM,JAINOOR,Rasimatta,3500997.7802773933,3894814.1994494945
KUMURAM BHEEM,ASIFABAD,Demmidiguda,3497907.0722979666,3915210.673960821
KUMURAM BHEEM,BEJJUR,Ambhaghat,3499306.2965401052,3988666.2324676765
KUMURAM BHEEM,CHINTALAMANEPALLY,Shivapalle,3500101.118477634,3992240.09245159
KUMURAM BHEEM,ASIFABAD,Ippalnavegaon,3501968.5038137976,3925399.1714679813
KUMURAM BHEEM,JAINOOR,Jamgaom,3500018.0081864335,3880311.9822737933
KUMURAM BHEEM,WANKIDI,Boarda,3501879.800714341,3929937.9434838956
KUMURAM BHEEM,CHINTALAMANEPALLY,Gudem,3502187.000453173,3994994.826913138
KUMURAM BHEEM,KERAMERI,Kotari,3501964.741955931,3916529.7510604113
KUMURAM BHEEM,ASIFABAD,Danapur,3502867.6241636076,3923206.2883485225
KUMURAM BHEEM,BEJJUR,Katepalle,3501991.4196994808,3985255.243683198
KUMURAM BHEEM,JAINOOR,Bhusimatta,3503393.461262948,3896722.52501879
KUMURAM BHEEM,SIRPUR(T),Chintakunta,3503951.780220137,3958288.4438676466
KUMURAM BHEEM,CHINTALAMANEPALLY,Rudrapur,3502811.5579516953,3978946.7880906444
KUMURAM BHEEM,BEJJUR,Munjampalle,3502781.236356336,3981285.1079269205
KUMURAM BHEEM,JAINOOR,Daboli,3502418.6799960197,3891234.442049307
KUMURAM BHEEM,WANKIDI,Komatiguda,3503914.530227119,3933530.741190602
KUMURAM BHEEM,SIRPUR(T),Vempalle,3502334.1676986814,3948536.6713541816
KUMURAM BHEEM,WANKIDI,Samela,3504413.5029527782,3930915.4861659394
KUMURAM BHEEM,WANKIDI,Ghatjangaon,3504702.072045698,3925369.3438630686
KUMURAM BHEEM,CHINTALAMANEPALLY,Chittam,3505246.1778281564,3993187.8055773173
KUMURAM BHEEM,SIRPUR(T),Heerapur,3505069.161541574,3958801.0694951406
KUMURAM BHEEM,WANKIDI,Velgi,3505901.7096246677,3936463.8227935764
KUMURAM BHEEM,SIRPUR(T),Bhupalapatnam,3504578.148002292,3964981.577069026
KUMURAM BHEEM,KERAMERI,Surdhapur,3506377.8243006896,3908670.7113586897
KUMURAM BHEEM,WANKIDI,Khamana,3506672.7802212858,3932544.1368450634
KUMURAM BHEEM,JAINOOR,Patnapur,3506907.0274108336,3886984.976379916
KUMURAM BHEEM,JAINOOR,Addesar,3506134.4940192625,3896437.760850957
KUMURAM BHEEM,WANKIDI,Sarandi,3507081.560131962,3927977.2069548066
KUMURAM BHEEM,KERAMERI,Devuepalli,3507637.7120892606,3913611.3381910557
KUMURAM BHEEM,WANKIDI,Sarkepally,3505368.5372634814,3939272.4540598174
KUMURAM BHEEM,SIRPUR(T),Laxmipur,3509210.212753965,3959231.499889402
KUMURAM BHEEM,KOUTHALA,Talodi,3508859.247224698,3974238.2014791216
KUMURAM BHEEM,JAINOOR,Gudamamda,3506812.0675978493,3892314.563822173
KUMURAM BHEEM,WANKIDI,Wankidi (Khurdu),3509667.294674284,3931503.419639294
KUMURAM BHEEM,WANKIDI,Khirdi,3508034.548064782,3925388.361319064
KUMURAM BHEEM,KERAMERI,Agarwada,3509367.9041470718,3908595.289246638
KUMURAM BHEEM,CHINTALAMANEPALLY,Dimda,3508317.1082731877,3992071.6108768545
KUMURAM BHEEM,SIRPUR(T),Garlapet,3507966.5420711683,3946322.249580591
KUMURAM BHEEM,WANKIDI,Narlapur,3509997.1405575057,3926763.5071380064
KUMURAM BHEEM,WANKIDI,Lanjanveera,3510430.5898665544,3933083.1974261785
KUMURAM BHEEM,SIRPUR(T),Sirpur,3507973.531590685,3956698.244409529
KUMURAM BHEEM,WANKIDI,Neemgaon,3511174.096361006,3927822.1312891166
KUMURAM BHEEM,ASIFABAD,Nimbada,3496290.1151549513,3920783.1643895903
KUMURAM BHEEM,ASIFABAD,Pippalgaon,3497402.819086557,3923580.878242437
KUMURAM BHEEM,CHINTALAMANEPALLY,Ravindranagar,3511059.4373936006,3979727.1187786357
KUMURAM BHEEM,KOUTHALA,Kanki,3510828.588820711,3970101.6405711793
KUMURAM BHEEM,SIRPUR(T),Navegaon,3511587.031083558,3953607.668785495
KUMURAM BHEEM,WANKIDI,Navegaon,3512271.6373187588,3920436.437267322
KUMURAM BHEEM,KAGAZNAGAR,Malni,3507484.2908689436,3941521.2366900104
KUMURAM BHEEM,SIRPUR(T),Dhorpalle,3511674.1674097977,3966235.6076688888
KUMURAM BHEEM,CHINTALAMANEPALLY,Babapur,3512771.330523601,3978075.149305505
KUMURAM BHEEM,SIRPUR(T),Hudkili,3511896.8373073046,3950714.887485761
KUMURAM BHEEM,CHINTALAMANEPALLY,Burepalle,3513133.7277130433,3983768.5857320693
KUMURAM BHEEM,KAGAZNAGAR,Metindhani,3514025.2162819225,3941135.143841996
KUMURAM BHEEM,WANKIDI,Jambuldhari,3511391.871283392,3936605.914348366
KUMURAM BHEEM,SIRPUR(T),Tonkini,3509363.7519270023,3961977.597504132
KUMURAM BHEEM,KOUTHALA,Nagepalle,3511968.3446433856,3973852.0485429475
KUMURAM BHEEM,KOUTHALA,Muthampet,3513703.7794674328,3967684.1786488374
KUMURAM BHEEM,WANKIDI,Choupanguda,3513066.7960319077,3923894.428998467
KUMURAM BHEEM,WANKIDI,Gunjada,3513993.668914104,3926974.434487633
KUMURAM BHEEM,WANKIDI,Bambara,3513062.6359840543,3932094.080444916
KUMURAM BHEEM,WANKIDI,Sonapur,3515055.5008323584,3935021.030392045
KUMURAM BHEEM,SIRPUR(T),Makidi,3515006.445260294,3951165.9627319816
KUMURAM BHEEM,KERAMERI,Paradndoli,3515451.524777228,3893000.28052542
KUMURAM BHEEM,KOUTHALA,Kumbari,3515953.8798636077,3966151.0256550065
KUMURAM BHEEM,KERAMERI,Lakmapur,3513234.8488900354,3898149.4945720905
KUMURAM BHEEM,CHINTALAMANEPALLY,Ranvalli,3515724.753250987,3980091.455098272
KUMURAM BHEEM,SIRPUR(T),Loanvelly,3514936.104872963,3962916.0278313938
KUMURAM BHEEM,WANKIDI,Goegaon,3517608.260065792,3930921.8446467663
KUMURAM BHEEM,WANKIDI,Wankidi (Kalan),3509322.778749203,3929594.3643212942
KUMURAM BHEEM,CHINTALAMANEPALLY,Gangapur,3509269.2741393885,3983161.9497465966
KUMURAM BHEEM,CHINTALAMANEPALLY,Korsini,3510793.8510520062,3986507.861965253
KUMURAM BHEEM,TIRYANI,Mandrumeda,3486261.126228495,3924529.6093466706
KUMURAM BHEEM,PENCHICALPET,Gannaram,3484972.6168389358,3980724.3082053405
KUMURAM BHEEM,REBBENA,Pothpalle,3490520.2452678,3947532.34602434
KUMURAM BHEEM,BEJJUR,Bhatpally (D),3489092.107190845,3984924.148311747
KUMURAM BHEEM,ASIFABAD,Gudigudi,3498806.5795814944,3929037.7471427605
KUMURAM BHEEM,WANKIDI,Mahagaon,3517361.016667751,3934259.990445986
KUMURAM BHEEM,KOUTHALA,Sandgaon,3518339.9676034222,3965339.3547757408
KUMURAM BHEEM,KOUTHALA,Tatipalle,3518199.1690405807,3969513.3672821955
KUMURAM BHEEM,WANKIDI,Chichpally,3517160.123946464,3923895.726744242
KUMURAM BHEEM,KOUTHALA,Thumbadihatti,3519369.103367332,3978307.73706992
KUMURAM BHEEM,WANKIDI,Sawathi,3518961.3552628006,3926976.4395787115
KUMURAM BHEEM,KOUTHALA,Gundaipet,3520018.5731262947,3975190.8926654872
KUMURAM BHEEM,KOUTHALA,Veerdandi,3520574.3516609673,3972361.581023035
KUMURAM BHEEM,TIRYANI,Gadalpally,3480524.5092821447,3923385.1926794937
KUMURAM BHEEM,KOUTHALA,Chandaram (D),3515510.3342645913,3968710.119346758
KUMURAM BHEEM,KAGAZNAGAR,Boregaon,3486490.619283017,3951629.713935538
KUMURAM BHEEM,SIRPUR (U),Raghapur,3494961.526711308,3886711.4498509197
KUMURAM BHEEM,JAINOOR,Ushegaon,3499656.7784534767,3884199.556400678
KUMURAM BHEEM,TIRYANI,Chintapally,3474023.0709616393,3923590.2106183195
KUMURAM BHEEM,TIRYANI,Tiryani,3476218.2932765745,3924412.531660516
KUMURAM BHEEM,TIRYANI,Koyatalandi,3478307.282759273,3925935.0238397773
KUMURAM BHEEM,TIRYANI,Goyagaon,3476936.655752876,3927243.158746782
KUMURAM BHEEM,ASIFABAD,Dagleshwar,3494029.549222253,3922240.495092109
KUMURAM BHEEM,KERAMERI,Khairi,3508125.3627943783,3906555.414278069
KUMURAM BHEEM,KERAMERI,Kranjiwada,3512778.2726910356,3896715.3566653216
KUMURAM BHEEM,KERAMERI,Jankapur,3512305.9056187696,3897765.5202784077
KUMURAM BHEEM,WANKIDI,Khedegaon,3504309.6826183447,3935392.8318136577
KUMURAM BHEEM,WANKIDI,Akini,3512366.021058451,3928012.7841047132
KUMURAM BHEEM,WANKIDI,Devudpally,3501672.4609364504,3933568.0202054502
KUMURAM BHEEM,REBBENA,Kondapalle,3491079.1546154968,3936824.3987305057
KUMURAM BHEEM,REBBENA,Venkulam,3492754.1456138557,3939836.880318548
KUMURAM BHEEM,REBBENA,Passigaon,3489394.9917327375,3943314.242201656
KUMURAM BHEEM,REBBENA,Seethanagar,3476363.0658408473,3945240.857902277
KARIMNAGAR,KARIMNAGAR,HASNAPUR (SUBMERGED),3393446.8960141935,3906129.615598902
KARIMNAGAR,GANNERUVARAM,CHERLAPURAM,3387632.259401719,3910638.563622091
KARIMNAGAR,GANNERUVARAM,PANCHUL KONDAPUR,3390549.310322581,3905470.6504473365
KARIMNAGAR,KARIMNAGAR,POTHUGAL (SUBMERGED),3391548.8548572017,3908827.919136229
KUMURAM BHEEM,ASIFABAD,ASIFABAD (M),3496260.1238431837,3926954.3982328908
KUMURAM BHEEM,REBBENA,Rajaram,3480672.232435194,3945087.188652624
KUMURAM BHEEM,REBBENA,Govindapur,3477132.7938852864,3947090.1941198856
KUMURAM BHEEM,PENCHICALPET,Tellapally (D),3486639.141507765,3993526.2375173154
KUMURAM BHEEM,KOUTHALA,Veervalli,3518404.8105442985,3963439.9457644033
KUMURAM BHEEM,KOUTHALA,Gudlabori,3515579.685263925,3976066.7998387176
KUMURAM BHEEM,KOUTHALA,Bhalepalle,3518447.136926843,3972235.3560655727
KUMURAM BHEEM,KOUTHALA,Kouthala,3514110.232905163,3971694.2701202496
KUMURAM BHEEM,CHINTALAMANEPALLY,Dabba,3504030.744603637,3969841.3110647732
KUMURAM BHEEM,CHINTALAMANEPALLY,Balaji Ankoda,3508353.6353384084,3978285.973388301
KUMURAM BHEEM,DAHEGAON,Brahmanchichal,3479493.672559223,3976448.3648885433
KUMURAM BHEEM,DAHEGAON,Bhogaram,3481044.0717916,3973761.411013886
KUMURAM BHEEM,DAHEGAON,Pambapur,3484971.499862479,3973465.511494493
KUMURAM BHEEM,DAHEGAON,Polampalle,3484662.7528603934,3964286.837300992
KUMURAM BHEEM,SIRPUR(T),Rudraram,3506226.3417209736,3955277.491054583
KUMURAM BHEEM,SIRPUR (U),Chapri,3488963.723192635,3890261.828540815
KUMURAM BHEEM,ASIFABAD,Addaghat,3485545.971893802,3932647.619823226
KUMURAM BHEEM,ASIFABAD,Appepalle,3491120.6480460963,3932614.154029572
KUMURAM BHEEM,ASIFABAD,Balahanpur,3492910.672103762,3906458.9681208692
KUMURAM BHEEM,ASIFABAD,Temrianmovad,3492330.1255464302,3908323.272377133
KUMURAM BHEEM,ASIFABAD,Siryan Mowad,3494077.2072211998,3909407.7142195464
KUMURAM BHEEM,ASIFABAD,Mowad,3494709.083663808,3911106.633796558
KUMURAM BHEEM,ASIFABAD,Wavudham,3495738.4423200157,3916610.4733427265
KUMURAM BHEEM,ASIFABAD,Ada,3502092.815673352,3920396.145495037
KUMURAM BHEEM,ASIFABAD,Wadiguda,3500371.106487802,3918351.9781498867
MANCHERIAL,BHEEMINI,Thangallapalli,3482310.8562196973,3962497.9912105273
MANCHERIAL,BHEEMINI,Chinna Gudipet,3480694.5345216007,3964432.2159841447
SIDDIPET,KOHEDA,Varikolu,3375565.0609587533,3907183.1334972335
SIDDIPET,BEJJANKI,Davvakkapalli,3377927.783157327,3907378.9768360583
SIDDIPET,KOHEDA,Pariveda,3365074.73201074,3911353.040934803
SIDDIPET,AKKANNAPET,Gandipally,3349365.8459174866,3912773.6790998164
SIDDIPET,AKKANNAPET,Potharam (J),3350466.1130039156,3908026.358802258
SIDDIPET,AKKANNAPET,Ramavaram,3350035.347487607,3909986.0856042234
SIDDIPET,AKKANNAPET,Akkannapeta,3349930.724543103,3916825.7330826796
SIDDIPET,AKKANNAPET,Katkur,3350602.452196585,3920887.8553724224
SIDDIPET,AKKANNAPET,Nandaram,3353152.82196778,3909404.8007016513
SIDDIPET,AKKANNAPET,Dongala Dharmaram,3353807.158227246,3907743.8575922237
SIDDIPET,AKKANNAPET,Anthakkapeta,3354218.9449040797,3917845.283994068
SIDDIPET,AKKANNAPET,Gouravelli,3353915.456771453,3912737.995175651
SIDDIPET,AKKANNAPET,Kesavapur,3356193.1322995573,3923611.962973297
SIDDIPET,AKKANNAPET,Mallampally,3354446.944450064,3921814.556194844
SIDDIPET,AKKANNAPET,Jangaon,3355848.035644848,3915928.396095502
SIDDIPET,AKKANNAPET,Choutapally,3356678.2803926347,3919579.6725134496
SIDDIPET,AKKANNAPET,Regonda,3357361.817802268,3911214.890376139
SIDDIPET,HUSNABAD,Thotapally (S),3358650.5170310326,3918819.6365025956
SIDDIPET,HUSNABAD,Mirzapur,3358741.6685855375,3923448.4559548413
SIDDIPET,HUSNABAD,Kuchanpally,3359430.4736012933,3914266.902475398
SIDDIPET,HUSNABAD,Potharam (S),3360880.9177893894,3920163.515230894
SIDDIPET,KOHEDA,Samudrala,3359957.459879765,3908061.850330735
SIDDIPET,KOHEDA,Baswapur,3359700.389081156,3902395.546383125
SIDDIPET,HUSNABAD,Pandilla,3361790.055094314,3912048.019717879
SIDDIPET,HUSNABAD,Nagaram,3363404.5968074827,3920536.3828594554
SIDDIPET,HUSNABAD,Ummapur,3362266.355586532,3923933.9588732626
SIDDIPET,KOHEDA,Kachapur,3363630.318521437,3909140.7045995295
SIDDIPET,HUSNABAD,Husnabad (M),3362499.228731531,3917122.7796795545
SIDDIPET,KOHEDA,Gundareddipalli,3363721.1071024262,3898587.294157022
SIDDIPET,HUSNABAD,Potlapally,3364455.4755937047,3914082.550630952
SIDDIPET,HUSNABAD,Mohammadapur,3365342.7578009623,3920764.580169964
SIDDIPET,KOHEDA,Kurella,3364754.1739910874,3903019.62276096
SIDDIPET,HUSNABAD,Madudha,3366361.2211791337,3919318.5338202156
SIDDIPET,KOHEDA,Nakkira Kommula,3366855.6294946247,3910121.892489103
SIDDIPET,KOHEDA,Sriramulapally,3366063.4115561675,3908662.6106640706
SIDDIPET,KOHEDA,Koheda,3365222.3506177724,3905923.275672118
SIDDIPET,BEJJANKI,Daacharam,3376374.229257121,3901308.827273673
SIDDIPET,BEJJANKI,Thotapally,3377080.161474898,3904477.099021192
SIDDIPET,KOHEDA,Narayanapur,3369368.8261553734,3909308.437020675
SIDDIPET,BEJJANKI,Veerapur,3378530.5927796504,3902437.553143246
SIDDIPET,KOHEDA,Gottalamitta,3370005.997171632,3907903.193628039
SIDDIPET,BEJJANKI,Guggilla,3370498.3313702745,3901724.8058043774
SIDDIPET,BEJJANKI,Regulapalli,3371227.8526328397,3895542.558948234
SIDDIPET,KOHEDA,Sanigaram,3369074.999916074,3898579.6079293536
SIDDIPET,BEJJANKI,Potharam,3372651.7722050566,3898473.8701882176
SIDDIPET,BEJJANKI,Cheelapur,3373221.0872400743,3895972.104354471
SIDDIPET,KOHEDA,Ramachandrapur,3372788.606955462,3905469.022947861
SIDDIPET,BEJJANKI,Gagillapur,3373162.296675702,3903216.6341159632
SIDDIPET,BEJJANKI,Muthannapet,3373567.0629024473,3900590.490651488
SIDDIPET,BEJJANKI,Gundaram,3373549.823607723,3892757.7264404898
SIDDIPET,BEJJANKI,Bejjanki,3376990.606263629,3898439.58671933
SIDDIPET,BEJJANKI,Kallepalli,3379276.2004439034,3896641.2813223773
SIDDIPET,BEJJANKI,Vadloor-Begumpet,3382817.409778049,3900448.196386278
SIDDIPET,KOHEDA,Vinjapally,3370118.201171662,3905326.184202406
SIDDIPET,KOHEDA,Thangallapalli,3366989.940822088,3901452.625015342
SIDDIPET,DOULTABAD,Govindapur,3349585.4909396996,3849416.3593954276
SIDDIPET,NANGNOOR,Ankushapur,3351851.9168716837,3896550.5495507387
SIDDIPET,RAIPOLE,Ankireddipally,3335529.600986398,3854710.01080461
SIDDIPET,RAIPOLE,Ramasagar,3337165.817662496,3855388.643366346
SIDDIPET,KUKUNOORPALLY,Mangole,3338180.9705344266,3872511.3620204674
SIDDIPET,JAGDEVPUR,Gopalpur,3329793.077478753,3875218.79296703
SIDDIPET,GAJWEL,Komatibanda,3329854.853192981,3857045.7581061767
SIDDIPET,GAJWEL,Rimmanguda,3332516.703430521,3867293.0345478123
SIDDIPET,GAJWEL,Kolgur,3343720.299905976,3864870.693917516
SIDDIPET,DOULTABAD,Godugupally,3343345.1136728292,3848262.228337516
SIDDIPET,JAGDEVPUR,Peerlapally,3319666.440454052,3875209.559639775
SIDDIPET,JAGDEVPUR,Wattipally,3328449.909865846,3880076.079010902
SIDDIPET,MULUG,Kothur,3316550.95231493,3846267.275018421
SIDDIPET,WARGAL,Girmapur,3324844.408751373,3852136.8246148555
SIDDIPET,WARGAL,Shakaram,3324413.9192450014,3853173.1328984303
SIDDIPET,KUKUNOORPALLY,Konaipalle,3339759.740784313,3873618.548275711
SIDDIPET,RAIPOLE,Ramaram,3339091.8227724936,3853148.7576012593
SIDDIPET,RAIPOLE,Mantoor,3344726.0766987554,3861488.3299428374
SIDDIPET,THOGUTA,Etigaddakistapur,3345130.4168041064,3867232.791578801
SIDDIPET,KONDAPAK,Giraipally,3344929.5829742695,3876487.8726361366
SIDDIPET,THOGUTA,Chandapur,3345817.6126556573,3864506.2055073623
SIDDIPET,THOGUTA,Gudikandula,3355758.1403750195,3867794.074123603
SIDDIPET,SIDDIPET (RURAL),Ankampet,3367782.80220509,3869430.3598547266
SIDDIPET,SIDDIPET (RURAL),Chintamadaka,3368060.4978953167,3867695.3589909715
SIDDIPET,SIDDIPET (RURAL),Raghavapur,3367436.619320781,3871959.764210594
SIDDIPET,WARGAL,Wargal,3323221.5184892216,3856013.8575304267
SIDDIPET,JAGDEVPUR,Alirajpet,3325352.8733166503,3871678.3498882623
SIDDIPET,JAGDEVPUR,Kondapur,3324978.3501410503,3879690.0544514637
SIDDIPET,GAJWEL,Datharpally,3330496.7664669044,3868909.769257341
SIDDIPET,GAJWEL,Kodakandla,3333526.2239585016,3869932.817116232
SIDDIPET,GAJWEL,Jaligaon,3335000.9298291784,3859256.5450321897
SIDDIPET,MULUG,Gangadharpally,3312741.6365406336,3856292.050196406
SIDDIPET,MULUG,Chinna Thimmapur,3315922.2486285735,3853992.22304655
SIDDIPET,MULUG,Achaipally,3316199.576255319,3851153.151513051
SIDDIPET,MULUG,Chilla Sagar,3314947.708868353,3857365.1628702446
SIDDIPET,SIDDIPET (URBAN),Tadkapally,3355334.693936605,3875275.0372233777
SIDDIPET,MULUG,Dasarlapally,3314552.897409542,3849877.966969734
SIDDIPET,MULUG,Banda Mailaram,3315620.4880728326,3844186.445349278
SIDDIPET,MARKOOK,Karkapatla,3313748.1134871957,3866780.095746206
SIDDIPET,MULUG,Baswapur Izara,3315272.824990917,3848222.3116445867
SIDDIPET,MULUG,Kothial,3314879.7697548936,3864172.8748224457
SIDDIPET,MULUG,Zapthi Singaipally,3314821.886239872,3855058.8547645807
SIDDIPET,MULUG,Aliabad @ Adivimasjid,3316462.735168811,3863663.5222703037
SIDDIPET,MULUG,Singannaguda,3317295.017225612,3848492.361711727
SIDDIPET,MULUG,Srirampur,3316937.2252605655,3849701.362324525
SIDDIPET,MARKOOK,Damarakunta,3315872.389262534,3869965.2302602297
SIDDIPET,MULUG,Banda Thimmapur,3317748.6956015276,3844857.9535201928
SIDDIPET,MULUG,Narsampally,3317169.5725567816,3860255.194506089
SIDDIPET,MULUG,Lakshmakkapally,3317839.144451027,3854747.5179228922
SIDDIPET,MARKOOK,Vardarajpur,3318163.4654755658,3872212.590065251
SIDDIPET,MULUG,Mamidiyal,3319707.6456797807,3863409.6171444915
SIDDIPET,MULUG,Bhailampur,3319554.9084691424,3861347.278290238
SIDDIPET,WARGAL,Meenajipet,3321952.9819710273,3846708.8847386697
SIDDIPET,WARGAL,Gouraram,3322344.093018824,3859259.4307493204
SIDDIPET,WARGAL,Tunkikhalsa,3321296.1167122885,3851267.8738893373
SIDDIPET,MULUG,Mustafa Guda,3316458.989620183,3858477.721502866
SIDDIPET,MARKOOK,Markook,3320710.1964822095,3866204.5187708293
SIDDIPET,MULUG,Narsapur,3318919.0490232473,3850010.338319008
SIDDIPET,THOGUTA,Vemulghat,3343042.368673129,3869200.225249948
SIDDIPET,KUKUNOORPALLY,Yellayaguda,3332386.1992615727,3876451.4040228976
SIDDIPET,KUKUNOORPALLY,Rayavaram,3331801.371637031,3871971.816139242
SIDDIPET,MIRDODDI,Dharmarma,3360801.8681080253,3863776.9560129275
SIDDIPET,DOULTABAD,Mubaraspur,3344255.7784237675,3854579.7436990463
SIDDIPET,MARKOOK,Sivar Venkatapur,3318528.2878771676,3867708.481546004
SIDDIPET,MULUG,Kokkonda,3318874.4458474466,3847374.1414898722
SIDDIPET,MULUG,Tuniki Bollaram,3318069.2764632865,3852458.3970869244
SIDDIPET,MULUG,Mulug,3319314.535583306,3856833.981849573
SIDDIPET,MULUG,Thanedharpally,3321112.2105171983,3860776.552484904
SIDDIPET,JAGDEVPUR,Itikyal,3321307.68501197,3872559.5300397873
SIDDIPET,JAGDEVPUR,Doulapur,3322487.20329406,3879569.163923001
SIDDIPET,JAGDEVPUR,Jagdevpur,3322222.3321845843,3875994.4091910333
SIDDIPET,MARKOOK,Erravalli,3321519.690628709,3869382.5960120633
SIDDIPET,WARGAL,Singaipally,3323884.167765529,3859556.8054869743
SIDDIPET,WARGAL,Amberpet,3324126.675517506,3850279.2099256814
SIDDIPET,NARAYANRAOPET,Ibrahimpur,3374834.5895906836,3873159.9494239204
SIDDIPET,MARKOOK,Cheberthy,3324401.4810489826,3869150.4709132863
SIDDIPET,WARGAL,Kondaipally (DP),3325319.771204394,3859855.09396629
SIDDIPET,WARGAL,Sitarampally,3325654.4269293738,3849447.863455432
SIDDIPET,MARKOOK,Pamulaparthi,3323999.6657266445,3862862.6005110843
SIDDIPET,JAGDEVPUR,Gollapally,3326178.6186925587,3875682.7747676037
SIDDIPET,MARKOOK,Angadi Kistapur,3326160.9852251196,3866781.453313483
SIDDIPET,WARGAL,Madharam,3326326.0810783664,3850991.87474177
SIDDIPET,WARGAL,Ananthagiripally,3327270.6306360676,3846391.165717722
SIDDIPET,JAGDEVPUR,Munigadapa,3327523.2177227885,3877911.2118451796
SIDDIPET,GAJWEL,Sirigiripally,3327262.4550477467,3865134.819686931
SIDDIPET,WARGAL,Mylaram,3326665.5582779692,3857645.881514515
SIDDIPET,WARGAL,Jabbapur,3328648.6607555775,3855716.8092455063
SIDDIPET,WARGAL,Chandapur,3328424.539858452,3849377.1426682705
SIDDIPET,GAJWEL,Akkaram,3328792.5712600336,3867555.299054078
SIDDIPET,WARGAL,Nemtur,3327820.510262705,3854484.9757554284
SIDDIPET,WARGAL,Nacharam,3329327.2210786734,3847654.436822541
SIDDIPET,WARGAL,Majidpally,3329410.7931892285,3851629.42370017
SIDDIPET,JAGDEVPUR,Chatlapally,3330622.5370383486,3881153.6529976507
SIDDIPET,JAGDEVPUR,Teegul,3328246.0570738306,3872052.1070615463
SIDDIPET,GAJWEL,Makta Masanpally,3331141.7364049717,3854736.1815771908
SIDDIPET,JAGDEVPUR,Baswapur,3330657.8931473955,3877777.0266962475
SIDDIPET,NANGNOOR,Konaipally,3354449.7029624493,3889865.472301065
SIDDIPET,MIRDODDI,Andey,3354310.202293215,3864245.0720636784
SIDDIPET,MIRDODDI,Mirdoddy,3357365.1910030567,3862372.8410178563
SIDDIPET,KUKUNOORPALLY,Venkatapur,3333052.9094327856,3874041.9285006947
SIDDIPET,GAJWEL,Bangla Venkatapur,3332837.052706864,3853900.392703007
SIDDIPET,RAIPOLE,Yelkal,3332782.534893248,3852394.835510988
SIDDIPET,JAGDEVPUR,Teegul Narsapur,3333033.8667283375,3879470.29275279
SIDDIPET,RAIPOLE,Begumpet,3332948.1613959614,3851125.142573205
SIDDIPET,KUKUNOORPALLY,Chinnakistapur,3334140.4281709404,3876095.9915962266
SIDDIPET,GAJWEL,Dharmareddipally,3332798.130725375,3857403.476794674
SIDDIPET,GAJWEL,Gajwel (M),3330519.1145573156,3861923.7460194384
SIDDIPET,RAIPOLE,Arepally (Sivar Jaligaon),3336372.0317786857,3858283.5446939897
SIDDIPET,GAJWEL,Dacharam,3335178.263340492,3865792.3780690837
SIDDIPET,KUKUNOORPALLY,Kukunoorpally,3335977.1880543344,3875115.994012813
SIDDIPET,GAJWEL,Burugupally,3336317.1931489115,3868191.1870140242
SIDDIPET,KUKUNOORPALLY,Muddapur,3336439.2770455354,3871521.450135389
SIDDIPET,RAIPOLE,Waddepally,3335912.092896881,3852011.856816289
SIDDIPET,GAJWEL,Bayyaram,3336488.9165351014,3861125.6353187845
SIDDIPET,GAJWEL,Arepally (Sivar Bejgaon),3338246.666075834,3860909.7530751117
SIDDIPET,KUKUNOORPALLY,Lakudaram,3337921.904316389,3877992.1026653834
SIDDIPET,RAIPOLE,Lingareddipally,3338066.180186036,3858121.258324107
SIDDIPET,KUKUNOORPALLY,Medinipur,3338151.1338041653,3875188.1061478327
SIDDIPET,KUKUNOORPALLY,Thipparam,3337726.6615609284,3869570.3088359153
SIDDIPET,GAJWEL,Singatam,3338238.4489640226,3866539.839955388
SIDDIPET,RAIPOLE,Kothapally,3339585.4126859484,3856791.5820941674
SIDDIPET,DOULTABAD,Narasampally (Patti Dommat),3340223.5955991144,3847846.7200780907
SIDDIPET,GAJWEL,Pidched,3338376.5856348337,3863793.9303526566
SIDDIPET,DOULTABAD,Indupriyal,3339820.4447630504,3850708.888087571
SIDDIPET,RAIPOLE,Chinna Masanpally,3340483.4192678537,3859367.7241639122
SIDDIPET,GAJWEL,Bejgaon,3339847.853849429,3861238.5328418813
SIDDIPET,KUKUNOORPALLY,Singaram,3340205.2178946394,3868885.3585282685
SIDDIPET,KUKUNOORPALLY,Mathpalle,3340391.1317073274,3875482.387070712
SIDDIPET,DOULTABAD,Mohamadshapur,3341404.513090253,3850096.931306019
SIDDIPET,GAJWEL,Ahmadipur,3341105.5199485486,3865901.752383545
SIDDIPET,GAJWEL,Dilalpur,3341658.295166963,3861463.9936251757
SIDDIPET,KONDAPAK,Thimmareddy Pally,3340795.510041056,3879920.4362899084
SIDDIPET,THOGUTA,Pallepahed,3341805.0775984363,3871700.6776708583
SIDDIPET,DOULTABAD,Tirmalapur,3342089.7413489814,3852867.097706748
SIDDIPET,GAJWEL,Seripally Makta,3342256.440123899,3863096.52250977
SIDDIPET,RAIPOLE,Raipole,3342208.0071279383,3856812.9943816927
SIDDIPET,DOULTABAD,Konapur Ijara,3343626.02615386,3850952.413549632
SIDDIPET,KONDAPAK,Vishwanathpally,3345010.8903904995,3885467.575167302
SIDDIPET,DOULTABAD,Rangampet (DP),3331183.0030988837,3849146.2721721367
SIDDIPET,DOULTABAD,Chandampally (DP),3340857.622499959,3855948.738456477
SIDDIPET,DOULTABAD,Lingarajpally,3347999.824867396,3853360.3492906117
SIDDIPET,KONDAPAK,Zapthinacharam,3347739.4580486296,3881810.9333628216
SIDDIPET,THOGUTA,Thoguta,3346447.2875592597,3870567.3466371666
SIDDIPET,DOULTABAD,Seripally Bandaram,3345584.751190782,3851898.2020363845
SIDDIPET,KONDAPAK,Kondapak,3343717.2564284247,3879325.5642638183
SIDDIPET,RAIPOLE,Anajipur,3342938.5807055444,3859089.1996999923
SIDDIPET,WARGAL,Ramachandrapur (DP),3324089.741062598,3848283.7402467662
SIDDIPET,DOULTABAD,Deepayampally,3345776.329053569,3849285.9225943983
SIDDIPET,THOGUTA,Lingapur,3346852.528531006,3859419.3726997436
SIDDIPET,KONDAPAK,Velikatta,3346476.696266396,3884487.6577268965
SIDDIPET,DOULTABAD,Surampally,3346463.1626815493,3855800.8726791083
SIDDIPET,THOGUTA,Venkatraopet,3347278.3069418757,3862653.7542993785
SIDDIPET,KONDAPAK,Sirsingandla,3347744.8701767153,3877358.297908933
SIDDIPET,THOGUTA,Thukkapur,3349410.291691349,3869399.360280116
SIDDIPET,NANGNOOR,Khanapur,3349606.7883300236,3896514.670467259
SIDDIPET,THOGUTA,Zapthilingareddypally,3349730.4250492705,3863104.101564551
SIDDIPET,NANGNOOR,Nagarajpally,3350995.4425439397,3898581.007401607
SIDDIPET,KONDAPAK,Duddeda,3350014.3339973795,3884325.5006680973
SIDDIPET,THOGUTA,Peddamasanpally,3349870.928209381,3873800.8448930252
SIDDIPET,NANGNOOR,Khata,3350697.3944449625,3902794.6627090806
SIDDIPET,DOULTABAD,Upperpally,3350278.2629580107,3851321.0618690983
SIDDIPET,NANGNOOR,Kondamrajpally,3351403.5007405444,3905823.2022192245
SIDDIPET,KONDAPAK,Ankireddy Pally,3349360.0015742704,3887143.9699429907
SIDDIPET,THOGUTA,Kangal,3351506.8149162373,3867045.9337100144
SIDDIPET,THOGUTA,Lingampet,3351448.3638207605,3864807.983633755
SIDDIPET,THOGUTA,Yellareddypet,3351138.08278689,3870671.8895259504
SIDDIPET,KONDAPAK,Bandaram,3350789.501892447,3889047.5302514797
SIDDIPET,NANGNOOR,Thimmaipally,3352652.2105117096,3890878.450999679
SIDDIPET,MIRDODDI,Chepyal,3351059.547315088,3859025.767482091
SIDDIPET,AKBARPET-BHOOMPALLY,Almaspur,3352660.6775447563,3852777.58970594
SIDDIPET,MIRDODDI,Alwal,3352218.285022352,3862076.8092218167
SIDDIPET,NANGNOOR,Ghanpur,3352729.165321796,3902876.179212386
SIDDIPET,THOGUTA,Bandarpally,3353066.2710243976,3873501.8601078466
SIDDIPET,KONDAPAK,Marpadga,3351108.200735329,3878801.665661739
SIDDIPET,DUBBAK,Gambheerpur,3373551.019457626,3853962.08774286
SIDDIPET,DUBBAK,Potharam,3373882.93998312,3856320.4103430547
SIDDIPET,NARAYANRAOPET,Jakkapur,3374126.5377299646,3877416.8411842706
SIDDIPET,CHINNAKODUR,Allipur,3373158.0928537175,3887831.5583942477
SIDDIPET,NANGNOOR,Narmetta,3352494.997469633,3894086.1364154066
SIDDIPET,MIRDODDI,Lingupally,3353738.2845836543,3860236.7661408954
SIDDIPET,SIDDIPET (URBAN),Nancharpally,3353826.93278436,3883133.9191051857
SIDDIPET,THOGUTA,Ghanapur,3353516.8508843123,3870259.7665840485
SIDDIPET,SIDDIPET (URBAN),Bakrichapial,3353432.413289204,3885055.332673649
SIDDIPET,AKBARPET-BHOOMPALLY,Jangapally,3354015.398607759,3853920.786616835
SIDDIPET,AKBARPET-BHOOMPALLY,Veerareddipally,3354229.1226764484,3855595.9900887497
SIDDIPET,NANGNOOR,Maqdumpur,3355134.259580974,3895878.3651643074
SIDDIPET,NANGNOOR,Venkatapur,3354819.637923122,3892388.7236141986
SIDDIPET,SIDDIPET (URBAN),Ponnal (Part),3354434.191239619,3880062.2591382302
SIDDIPET,SIDDIPET (URBAN),Velkatur,3354583.7197628673,3887607.747932868
SIDDIPET,NANGNOOR,Gatlamallial,3355045.0322725223,3905981.0845518787
SIDDIPET,NANGNOOR,Ankenapally,3355376.937932219,3903047.7335522273
SIDDIPET,MIRDODDI,Mallupally,3355131.34681102,3858314.317432431
SIDDIPET,NANGNOOR,Nanganoor,3354383.6157340123,3899352.3445899785
SIDDIPET,SIDDIPET (RURAL),Venkatapur,3356842.9760089405,3872688.4937338405
SIDDIPET,NANGNOOR,Rampur,3357018.3893394675,3895694.439975839
SIDDIPET,SIDDIPET (RURAL),Bussapur,3357143.213689826,3870336.3143299134
SIDDIPET,AKBARPET-BHOOMPALLY,Khazipur,3356949.2008673768,3852217.324327871
SIDDIPET,NANGNOOR,Mundrai,3357449.8809810295,3888912.6226582103
SIDDIPET,MIRDODDI,Kondapur,3358636.350149966,3865597.284694319
SIDDIPET,SIDDIPET (URBAN),Mittapally (Part),3357078.389775702,3884478.673636797
SIDDIPET,SIDDIPET (URBAN),Siddipet (M),3360792.936025829,3880704.775439648
SIDDIPET,NANGNOOR,Palamakula,3358410.195693436,3893231.330146885
SIDDIPET,SIDDIPET (URBAN),Ensanpally (Part),3357121.594520649,3876984.584122562
SIDDIPET,NANGNOOR,Rajagopalpet,3358250.3492296785,3890584.274441404
SIDDIPET,AKBARPET-BHOOMPALLY,Rudraram,3357509.9274650966,3855748.56733341
SIDDIPET,MIRDODDI,Kasulabad,3358869.4648291683,3859254.7762385653
SIDDIPET,SIDDIPET (RURAL),Irkode,3359832.64661257,3872581.3642728925
SIDDIPET,AKBARPET-BHOOMPALLY,Bhoompally,3360133.6412887024,3853536.3401266187
SIDDIPET,AKBARPET-BHOOMPALLY,Mothe,3360575.99681898,3857593.99621537
SIDDIPET,DUBBAK,Thimmapur,3360625.9370766818,3867106.9207094167
SIDDIPET,CHINNAKODUR,Oblapur,3361089.3643576517,3892831.87214716
SIDDIPET,NANGNOOR,Baddipadaga,3360211.1861826363,3896966.0282741585
SIDDIPET,SIDDIPET (URBAN),Mandapally,3360850.6119191414,3886495.7345559485
SIDDIPET,SIDDIPET (RURAL),Tornal,3361015.8567974116,3869820.4954806305
SIDDIPET,SIDDIPET (RURAL),Chinna Gundavelli (Part),3362072.6293755816,3874955.9653184037
SIDDIPET,CHINNAKODUR,Gonepally,3361788.0099002994,3889950.2877720837
SIDDIPET,DUBBAK,Habshipur,3362490.455433921,3860919.2073691236
SIDDIPET,CHINNAKODUR,Ramuni Patla,3362827.912380604,3887718.7694000783
SIDDIPET,AKBARPET-BHOOMPALLY,Chittapur,3362787.211116268,3855947.8167112977
SIDDIPET,CHINNAKODUR,Kasturipally,3362978.0468581147,3893323.3494433127
SIDDIPET,AKBARPET-BHOOMPALLY,Kudavelly,3362931.544387116,3853617.360124153
SIDDIPET,CHINNAKODUR,Shivunipally,3364743.1412104224,3896563.2630949197
SIDDIPET,SIDDIPET (RURAL),Raorukula,3363502.598655094,3871677.6509041046
SIDDIPET,CHINNAKODUR,Sikandlapur,3363766.7802886427,3895342.6589153195
SIDDIPET,CHINNAKODUR,Peddakodur,3364104.0530325286,3884656.5972633334
SIDDIPET,DUBBAK,Appanpalle,3364096.2601486305,3869065.759647379
SIDDIPET,AKBARPET-BHOOMPALLY,Pothareddipet,3362834.321835969,3850891.047623759
SIDDIPET,CHINNAKODUR,Ibrahim Nagar,3364683.5579238455,3890549.008184062
SIDDIPET,DUBBAK,Hasan Mirapur,3365559.5956974393,3867660.773350706
SIDDIPET,DUBBAK,Pedda Gundavelly,3363597.7713920423,3865430.779527361
SIDDIPET,CHINNAKODUR,Mallaram,3365607.250873193,3893295.1447361177
SIDDIPET,AKBARPET-BHOOMPALLY,Enagurthi,3365328.2322501563,3854575.175975217
SIDDIPET,AKBARPET-BHOOMPALLY,Chowdarpalle,3365538.4972065003,3856437.3599599106
SIDDIPET,CHINNAKODUR,Cherla Ankireddipally,3366188.0354904956,3895789.313515291
SIDDIPET,SIDDIPET (RURAL),Pullur,3365626.9233892425,3875703.3849086533
SIDDIPET,AKBARPET-BHOOMPALLY,Boppapur,3367311.3324677367,3852865.393877611
SIDDIPET,CHINNAKODUR,Chandlapur,3366598.731852071,3881968.375877933
SIDDIPET,CHINNAKODUR,Ramancha,3366188.990949481,3879153.086111968
SIDDIPET,CHINNAKODUR,Medipally,3367245.2299521277,3891336.5993046807
SIDDIPET,SIDDIPET (RURAL),Seetharampally,3369447.6257562693,3869856.8114974885
SIDDIPET,DUBBAK,Dumpalpalle (Part),3366924.194134601,3864446.5983200944
SIDDIPET,NARAYANRAOPET,Malyala,3369031.5864540422,3876844.847784059
SIDDIPET,DUBBAK,Ramakkapet,3368510.937026724,3856334.588638115
SIDDIPET,CHINNAKODUR,Chinnakodur,3366973.7195444945,3886933.5310457665
SIDDIPET,CHINNAKODUR,Ananthasagar,3368638.4166476186,3894038.3288729144
SIDDIPET,CHINNAKODUR,Chowdaram,3368920.5622723936,3889801.087370976
SIDDIPET,CHINNAKODUR,Machapur,3369262.095569967,3884027.738817306
SIDDIPET,CHINNAKODUR,Gangapur,3370159.653633788,3880603.1594796204
SIDDIPET,DUBBAK,Arepalle,3371822.471085956,3856271.6122719473
SIDDIPET,SIDDIPET (RURAL),Machapur (Patti Dubbak),3370719.508125149,3868763.3473661155
SIDDIPET,DUBBAK,Akaram,3370280.330752812,3853156.5870066034
SIDDIPET,NARAYANRAOPET,Gurralagondi,3371482.6413970324,3878167.482485797
SIDDIPET,DUBBAK,Yellapur,3372086.890799639,3866037.898334428
SIDDIPET,DUBBAK,Rajakkapet,3372367.113035987,3864262.345436859
SIDDIPET,DUBBAK,Dubbaka (M),3368009.4089364875,3860869.689615464
SIDDIPET,CHINNAKODUR,Vittalapur,3372740.224447878,3882651.7615031805
SIDDIPET,DUBBAK,Cheekode,3372897.203480929,3858817.092058962
SIDDIPET,NARAYANRAOPET,Narayanaraopet,3371841.2069886695,3872920.597559982
SIDDIPET,WARGAL,Tunki Makta,3322984.0079322658,3849397.343337468
SIDDIPET,SIDDIPET (URBAN),Burugupally,3359294.8891928857,3875733.2433382547
SIDDIPET,KUKUNOORPALLY,Erravalle,3340303.3633976253,3871882.3175742435
SIDDIPET,DOULTABAD,Seethrampally,3336917.579183905,3846988.5110463756
SIDDIPET,MADDURU,Lakkapally,3338478.685096852,3903135.1756795943
SIDDIPET,KOMURAVELLI,Ramsagar,3338245.684755499,3886714.878692115
SIDDIPET,CHERIAL,Vechareni,3341685.9314955096,3889355.152496752
SIDDIPET,CHERIAL,Cherial (M),3339089.4006261616,3892235.4709159792
SIDDIPET,CHERIAL,Tadoor,3345274.835579519,3889423.8738854593
SIDDIPET,KOMURAVELLI,Komuravelle,3341138.85262219,3884160.951643243
SIDDIPET,CHERIAL,Danampally,3350003.0520060007,3892354.2706329315
SIDDIPET,MADDURU,Maddur,3339376.5009631603,3900414.826821901
SIDDIPET,MADDURU,Gagillapoor,3342028.3296126802,3900743.1138461945
SIDDIPET,CHERIAL,Arjunapatla,3347443.059382052,3896163.0969750835
SIDDIPET,CHERIAL,Dommata,3345289.7297804556,3893524.0445585656
SIDDIPET,MADDURU,Salakpoor,3335876.532914252,3898893.857197656
SIDDIPET,DHOOLMITTA,Dhoolmitta,3348109.9197990075,3901918.6574162114
SIDDIPET,DHOOLMITTA,Thornal,3348537.106081802,3904910.319069349
SIDDIPET,CHERIAL,Chityal,3346763.11136709,3891371.4987431974
SIDDIPET,MADDURU,Vallampatla,3342827.617594945,3904798.126214417
SIDDIPET,KOMURAVELLI,Gouraipally,3342952.0452431277,3884490.042471858
SIDDIPET,CHERIAL,Nagapuri,3332332.5089103305,3884318.6787994644
SIDDIPET,KOMURAVELLI,Posanpally,3334535.8167505865,3883956.2390610785
SIDDIPET,CHERIAL,Chunchankota,3334704.8009902122,3891642.3395770057
SIDDIPET,MADDURU,Marmamula,3334661.031940096,3901423.9468130968
SIDDIPET,KOMURAVELLI,Guravannapet,3335128.0274829757,3879533.862541594
SIDDIPET,CHERIAL,Pedarajupet,3335947.6913002348,3886518.5544132083
SIDDIPET,KOMURAVELLI,Tapaspally,3336776.759882411,3879852.6073880424
SIDDIPET,CHERIAL,Musthiyala,3335095.248483576,3895260.930404393
SIDDIPET,MADDURU,Ladunoor,3336303.4413593346,3904996.845552614
SIDDIPET,MADDURU,Dharmaram,3337288.6017276524,3901367.841704792
SIDDIPET,CHERIAL,Kadavergu,3336661.8692725543,3888440.445555203
SIDDIPET,KOMURAVELLI,Ainapur,3337484.3283135328,3883121.851028787
SIDDIPET,MADDURU,Narasaipally,3340983.6943872934,3897501.6013367446
SIDDIPET,MADDURU,Vangapally,3340547.536706795,3906490.384381947
SIDDIPET,MADDURU,Rebarthi,3340176.3353798394,3904239.6754354844
SIDDIPET,KOMURAVELLI,Kistampet,3340638.124140188,3887631.325134936
SIDDIPET,DHOOLMITTA,Bairanpally,3344633.6530093635,3904352.5801363112
SIDDIPET,KOMURAVELLI,Marrimusthiayala,3344069.4867700823,3887515.826267923
SIDDIPET,DHOOLMITTA,Kootigal,3343740.727353033,3908555.7425991083
SIDDIPET,DHOOLMITTA,Lingapur,3345879.1892043394,3901072.9398780903
SIDDIPET,CHERIAL,Kamalayapally,3347444.597124211,3894464.1401543296
SIDDIPET,CHERIAL,Akunoor,3345131.353695836,3898319.920367009
SIDDIPET,DHOOLMITTA,Jaalapally,3349963.0958439307,3899825.2957525793
SIDDIPET,JAGDEVPUR,Thimmapur,3330748.5102576595,3875116.1123917173
SIDDIPET,JAGDEVPUR,Ananthsagar,3331547.041751653,3874293.8720566677
SIDDIPET,DHOOLMITTA,Bekkal,3346689.661149782,3906480.0359308696
SIDDIPET,DHOOLMITTA,Kondapur,3346934.24853834,3909588.105381695
SIDDIPET,DOULTABAD,Machanpally,3337842.888435326,3848679.8192756213
SIDDIPET,DOULTABAD,Dommat,3350026.2791751334,3855371.896097095
SIDDIPET,DOULTABAD,Doultabad,3347538.3935398157,3850970.38206416
SIDDIPET,WARGAL,Govindapur,3326604.1662065205,3852804.2412577844
SIDDIPET,WARGAL,Veluru,3325297.2991384943,3847058.3627292975
MEDCHAL_MALKAJGIRI,GANDIMAISAMMA DUNDIGAL,Dundigal (M),3303257.306854351,3833480.8710103314
MEDCHAL_MALKAJGIRI,MEDCHAL,Konaipally,3313961.728925527,3838808.844644115
MEDCHAL_MALKAJGIRI,MEDCHAL,Ravlkole,3312347.9150772416,3846091.502736935
MEDCHAL_MALKAJGIRI,MEDCHAL,Maisireddypally,3315494.006744884,3837976.0703521557
MEDCHAL_MALKAJGIRI,UPPAL,GHMC,3283822.706157563,3848862.936064942
MEDCHAL_MALKAJGIRI,MEDCHAL,Gowdavelli (Part),3304968.155866434,3838620.1721963906
MEDCHAL_MALKAJGIRI,KEESARA,Yadgarpally (West),3297941.052313293,3857053.2057490326
MEDCHAL_MALKAJGIRI,SHAMIRPET,Thumkunta (M),3300656.6190200825,3847205.987177504
MEDCHAL_MALKAJGIRI,MEDCHAL,Gundlapochampally (M),3302187.800604686,3840324.144391649
MEDCHAL_MALKAJGIRI,KEESARA,Keesara Daira,3297021.45089579,3863081.1450646045
MEDCHAL_MALKAJGIRI,KEESARA,Keesara,3298394.2803270835,3861157.9790487424
MEDCHAL_MALKAJGIRI,GHATKESAR,Pocharam (M),3287097.23730989,3858335.38034103
MEDCHAL_MALKAJGIRI,MUDUCHINTHALAPALLY,Usharpally,3305485.461028697,3863371.1731642256
MEDCHAL_MALKAJGIRI,SHAMIRPET,Ponnal,3303583.101507734,3857682.008091559
MEDCHAL_MALKAJGIRI,MEDCHAL,Gosaiguda,3306405.5933673317,3844650.533099619
MEDCHAL_MALKAJGIRI,GHATKESAR,Ankushapur,3287320.9227961134,3866687.235024675
MEDCHAL_MALKAJGIRI,ALWAL,GHMC,3294738.126655806,3844748.7777801165
MEDCHAL_MALKAJGIRI,SHAMIRPET,Turkapally,3312891.615008798,3852974.425400955
MEDCHAL_MALKAJGIRI,MEDCHAL,Nuthankal,3313028.145464801,3836432.444178541
MEDCHAL_MALKAJGIRI,MUDUCHINTHALAPALLY,Anantharam,3313722.804946155,3860224.216847994
MEDCHAL_MALKAJGIRI,GHATKESAR,Korremul (CT),3283637.346151571,3860071.928012668
MEDCHAL_MALKAJGIRI,MUDUCHINTHALAPALLY,Keshwapur,3302859.745202576,3861495.1768809557
MEDCHAL_MALKAJGIRI,MUDUCHINTHALAPALLY,Adraspally,3305562.5199479787,3859360.7107508983
MEDCHAL_MALKAJGIRI,SHAMIRPET,Aliabad (CT),3306531.01207459,3852376.13082706
MEDCHAL_MALKAJGIRI,MUDUCHINTHALAPALLY,Jaggamguda,3306691.060444098,3856315.657831103
MEDCHAL_MALKAJGIRI,MUDUCHINTHALAPALLY,Uddemarry,3306269.701024754,3861862.774447667
MEDCHAL_MALKAJGIRI,MEDCHAL,Ghanpur,3307118.080180809,3847477.0592980254
MEDCHAL_MALKAJGIRI,MUDUCHINTHALAPALLY,Lingapur,3308171.465777196,3862438.15485753
MEDCHAL_MALKAJGIRI,GHATKESAR,Aushapur,3289041.7200499373,3867919.582663172
MEDCHAL_MALKAJGIRI,KEESARA,Godumakunta,3291917.1468206407,3858266.5559017984
MEDCHAL_MALKAJGIRI,MALKAJGIRI,GHMC,3289557.733723013,3846963.0707276626
MEDCHAL_MALKAJGIRI,MEDCHAL,Muneerabad,3304089.2560773706,3844188.0026351647
MEDCHAL_MALKAJGIRI,SHAMIRPET,Bommaraspet,3303294.2808072674,3855100.1355561563
MEDCHAL_MALKAJGIRI,SHAMIRPET,Shamirpet (Part),3303832.5985683226,3850954.054620117
MEDCHAL_MALKAJGIRI,SHAMIRPET,Majeedpur,3307623.451724213,3849399.7884023786
MEDCHAL_MALKAJGIRI,MEDCHAL,Pudur (Part),3305572.547259076,3845808.5161231044
MEDCHAL_MALKAJGIRI,MEDCHAL,Railapur,3307775.5703049116,3836728.008609823
MEDCHAL_MALKAJGIRI,MUDUCHINTHALAPALLY,Nagishettipally,3308549.8632816244,3860907.581417774
MEDCHAL_MALKAJGIRI,KEESARA,Yadgarpally (East),3299927.4660300124,3858363.8672141884
MEDCHAL_MALKAJGIRI,GHATKESAR,Prathapsingaram,3281365.2596117617,3859339.084825555
MEDCHAL_MALKAJGIRI,GHATKESAR,Muthawalliguda,3281729.014896523,3857382.616319085
MEDCHAL_MALKAJGIRI,GHATKESAR,Kachwanisingaram,3282120.4840047676,3856204.97724916
MEDCHAL_MALKAJGIRI,MEDIPALLY,Peerzadiguda (M.Corp.),3282803.2346179895,3853461.6399440253
MEDCHAL_MALKAJGIRI,GHATKESAR,Madharam,3284711.3811401483,3868571.838001829
MEDCHAL_MALKAJGIRI,GHATKESAR,Edulabad,3283986.237578764,3864902.8647703105
MEDCHAL_MALKAJGIRI,KUKATPALLY,GHMC,3291549.0896487534,3833460.263097257
MEDCHAL_MALKAJGIRI,MEDCHAL,Bandakunta,3308971.112594484,3834334.4609297826
MEDCHAL_MALKAJGIRI,MUDUCHINTHALAPALLY,Yakathpur,3303896.042798635,3860484.0894886176
MEDCHAL_MALKAJGIRI,MEDIPALLY,Boduppal (M.Corp.),3285675.242881794,3852237.896347046
MEDCHAL_MALKAJGIRI,GHATKESAR,Ghatkesar (M),3288954.1176601117,3863129.348999493
MEDCHAL_MALKAJGIRI,KEESARA,Nagaram (M),3291158.4817790017,3854626.8865463603
MEDCHAL_MALKAJGIRI,KAPRA,GHMC,3292300.129013067,3850118.73127305
MEDCHAL_MALKAJGIRI,KEESARA,Dammaiguda (M),3294472.290910352,3857555.2610857687
MEDCHAL_MALKAJGIRI,KEESARA,Bogaram,3293769.360902428,3862833.6009109393
MEDCHAL_MALKAJGIRI,QUTUBULLAPUR,GHMC,3295591.145547674,3836943.9318539114
MEDCHAL_MALKAJGIRI,BACHUPALLY,Nizampet (M.Corp.),3297157.7115857676,3829939.870746166
MEDCHAL_MALKAJGIRI,KEESARA,Cheeryal,3295569.628351502,3856315.9212976685
MEDCHAL_MALKAJGIRI,KAPRA,Jawaharnagar (M.Corp.),3296139.663729069,3850493.266989555
MEDCHAL_MALKAJGIRI,KEESARA,Thimmaipally,3298092.854839749,3853817.0206526835
MEDCHAL_MALKAJGIRI,GANDIMAISAMMA DUNDIGAL,Kompally (M),3298468.5516371788,3840157.302517879
MEDCHAL_MALKAJGIRI,KEESARA,Narsampally,3300022.9825708177,3855795.666813018
MEDCHAL_MALKAJGIRI,KEESARA,Dharmaram,3299946.9732321464,3854408.0257532005
MEDCHAL_MALKAJGIRI,MUDUCHINTHALAPALLY,Sampanbole,3308206.5997638498,3856742.430350593
MEDCHAL_MALKAJGIRI,MEDCHAL,Akbarjapet,3309670.608722282,3847741.4008508497
MEDCHAL_MALKAJGIRI,MEDCHAL,Medchal (M),3308324.116486186,3842059.5331197507
MEDCHAL_MALKAJGIRI,SHAMIRPET,Lalgadimalakpet,3308883.1627019704,3852732.128364506
MEDCHAL_MALKAJGIRI,MUDUCHINTHALAPALLY,Muduchinthalapally,3309437.458893941,3863213.141000601
MEDCHAL_MALKAJGIRI,MUDUCHINTHALAPALLY,Keshawaram,3308885.926000728,3859750.5703886263
MEDCHAL_MALKAJGIRI,SHAMIRPET,Muraharipally,3310393.319859789,3852421.208553219
MEDCHAL_MALKAJGIRI,MEDCHAL,Srirangavaram,3310268.413262178,3836214.011587265
MEDCHAL_MALKAJGIRI,MEDCHAL,Rajbollaram,3309509.502635424,3847660.267854627
MEDCHAL_MALKAJGIRI,MUDUCHINTHALAPALLY,Potharam,3311592.053948074,3860814.592038748
MEDCHAL_MALKAJGIRI,MEDCHAL,Sahajadiguda,3311347.7515318003,3844112.7612269013
MEDCHAL_MALKAJGIRI,MUDUCHINTHALAPALLY,Kolthur,3310973.797207143,3857730.3711811476
MEDCHAL_MALKAJGIRI,MEDCHAL,Bandamadaram,3310473.0318908705,3832910.8427002397
MEDCHAL_MALKAJGIRI,MEDCHAL,Dabilpur,3310602.117703422,3839070.6422497816
MEDCHAL_MALKAJGIRI,SHAMIRPET,Yadaram,3311943.021138264,3850042.785371098
MEDCHAL_MALKAJGIRI,MEDCHAL,Somaram,3313122.428798087,3843337.008574675
MEDCHAL_MALKAJGIRI,MUDUCHINTHALAPALLY,Laxmapur,3311923.928036559,3863852.71247615
MEDCHAL_MALKAJGIRI,MUDUCHINTHALAPALLY,Narayanpur,3313472.71584623,3861766.7449109247
MEDCHAL_MALKAJGIRI,MEDCHAL,Yellampet,3313491.6521012266,3841792.1575371507
MEDCHAL_MALKAJGIRI,BALANAGAR,GHMC,3290084.337005663,3838217.2827441255
MEDCHAL_MALKAJGIRI,MUDUCHINTHALAPALLY,Chinnaparvathapur,3308355.838270019,3864395.043707877
YADADRI BHUVANAGIRI,ALAIR,Golanakonda,3303230.0088433633,3910159.849434603
YADADRI BHUVANAGIRI,THURKAPALLY,Dharmaram,3306947.8316153963,3874468.428382837
YADADRI BHUVANAGIRI,ALAIR,Kolluru,3305348.5424309364,3904591.606027091
YADADRI BHUVANAGIRI,BOMMALARAMARAM,Boinapalli,3308018.221562458,3868998.5484914253
YADADRI BHUVANAGIRI,THURKAPALLY,Mulakala Pally,3307738.1504591038,3877471.0072269533
YADADRI BHUVANAGIRI,ALAIR,Sharajpet,3307129.5419317675,3907731.8056882755
YADADRI BHUVANAGIRI,THURKAPALLY,Velpupally,3307310.488033829,3882570.9215006386
YADADRI BHUVANAGIRI,B.POCHAMPALLY,Pochamapally (M),3277061.82160362,3874543.866934348
YADADRI BHUVANAGIRI,B.POCHAMPALLY,Jagath Palle,3278436.3116987078,3870597.410746464
YADADRI BHUVANAGIRI,B.POCHAMPALLY,Vanka Mamidi,3277539.7717381446,3883207.229166936
YADADRI BHUVANAGIRI,VALIGONDA,Gurnadha Palle,3278340.2377532343,3906521.1486278907
YADADRI BHUVANAGIRI,THURKAPALLY,Palle Pahad,3305075.2796325143,3876174.38123886
YADADRI BHUVANAGIRI,YADAGIRIGUTTA,Saidapur,3305691.9189737705,3889915.1449797284
YADADRI BHUVANAGIRI,BOMMALARAMARAM,Solipet,3305083.5256468616,3867976.6427222155
YADADRI BHUVANAGIRI,BOMMALARAMARAM,Muneerabad,3306899.505083072,3864096.0808525174
YADADRI BHUVANAGIRI,BOMMALARAMARAM,Pyararam,3306263.9426879506,3866128.133372352
YADADRI BHUVANAGIRI,CHOUTUPPAL,Lakkaram (Part),3268229.147501134,3881890.0840145447
YADADRI BHUVANAGIRI,CHOUTUPPAL,Malkapur,3267892.0555190262,3874262.16834576
YADADRI BHUVANAGIRI,BHONGIR,Penchikala Pahad,3294152.152341745,3888675.8639647034
YADADRI BHUVANAGIRI,ATHMAKUR (M),Koratikal,3293536.8151182528,3911975.52919181
YADADRI BHUVANAGIRI,ATHMAKUR (M),Murpirala,3293364.866520276,3909138.091151641
YADADRI BHUVANAGIRI,NARAYANPUR,Puttapaka,3250782.661899792,3887346.612950534
YADADRI BHUVANAGIRI,CHOUTUPPAL,Thangadapally (Part),3263649.1583204954,3883311.4853955084
YADADRI BHUVANAGIRI,RAMANNAPET,Neernemula,3273217.7541020107,3905379.609145367
YADADRI BHUVANAGIRI,RAMANNAPET,Nidhanapalle,3274004.4417592273,3903472.589515228
MEDCHAL_MALKAJGIRI,GHATKESAR,RF,3285302.169799504,3855289.2041437957
YADADRI BHUVANAGIRI,B.POCHAMPALLY,Dharma Reddi Palle,3278152.859322706,3885219.5087703643
YADADRI BHUVANAGIRI,ADDA GUDUR,Singaram (P)Veldevi,3277844.4391725943,3937785.079169311
YADADRI BHUVANAGIRI,BIBINAGAR,Chinaravala Palle,3286034.7288400372,3878185.5903085815
YADADRI BHUVANAGIRI,VALIGONDA,Pahilwanpur,3285834.145596707,3892097.8943321286
YADADRI BHUVANAGIRI,NARAYANPUR,Mohammadabad,3258917.6595904096,3880869.5562925525
YADADRI BHUVANAGIRI,NARAYANPUR,Guddimalkapuram,3261203.69884722,3883216.4853615304
YADADRI BHUVANAGIRI,MOTAKONDUR,Matoor,3301228.651778549,3905464.668609477
YADADRI BHUVANAGIRI,BOMMALARAMARAM,Jalalpur,3304338.3260237086,3865461.2947159237
YADADRI BHUVANAGIRI,YADAGIRIGUTTA,Datharpally (Part),3302662.455826572,3885698.249255867
YADADRI BHUVANAGIRI,YADAGIRIGUTTA,Jangampally,3303943.029873373,3881379.907627592
YADADRI BHUVANAGIRI,BOMMALARAMARAM,Bandakadipally,3304934.949118604,3863860.619724859
YADADRI BHUVANAGIRI,NARAYANPUR,Kankanalaguda,3257085.6256084796,3884621.2504036115
YADADRI BHUVANAGIRI,B.POCHAMPALLY,Jiblak Palle,3271353.3984911065,3879972.3709650785
YADADRI BHUVANAGIRI,RAMANNAPET,Yellanki,3270968.5810627053,3896976.4158273465
YADADRI BHUVANAGIRI,RAMANNAPET,Bogaram,3272051.6586426916,3902129.487372893
YADADRI BHUVANAGIRI,VALIGONDA,Pulgilla,3288228.6764768083,3898034.595934419
YADADRI BHUVANAGIRI,BIBINAGAR,Rangapur,3290318.3526447653,3871710.3460987974
YADADRI BHUVANAGIRI,ADDA GUDUR,Janakipuram,3289399.8189292373,3934614.01444944
YADADRI BHUVANAGIRI,ATHMAKUR (M),Raipally,3290329.6856563617,3907074.068130512
YADADRI BHUVANAGIRI,BIBINAGAR,Raghavapuram,3285864.3187171877,3873633.620201526
YADADRI BHUVANAGIRI,BIBINAGAR,Madharam,3286119.1991108884,3885251.52773513
YADADRI BHUVANAGIRI,VALIGONDA,M.Turkapally,3285508.2090361286,3906615.121819485
YADADRI BHUVANAGIRI,MOTHKUR,Panakabanda,3285452.482884423,3918373.169680604
YADADRI BHUVANAGIRI,ADDA GUDUR,Choula Ramaram,3286594.573197419,3934195.3035875494
YADADRI BHUVANAGIRI,MOTHKUR,Sadarshapur,3286545.4063219302,3929752.052131432
YADADRI BHUVANAGIRI,THURKAPALLY,Tirmalapuram,3314541.0501220953,3876017.885265801
YADADRI BHUVANAGIRI,THURKAPALLY,Srinivasapuram,3315949.7455545017,3873584.2114782105
YADADRI BHUVANAGIRI,RAJAPETA,Basanthapuram,3315814.189594257,3889614.2226920854
YADADRI BHUVANAGIRI,ALAIR,Tangutoor,3310348.371171382,3906248.960371448
YADADRI BHUVANAGIRI,YADAGIRIGUTTA,Kacharam,3310535.0400755988,3895102.1293091085
YADADRI BHUVANAGIRI,RAMANNAPET,Thummalaguda,3275728.7646788335,3900848.9263380477
YADADRI BHUVANAGIRI,RAMANNAPET,Bachuppala,3276210.19572853,3916671.149172249
YADADRI BHUVANAGIRI,MOTAKONDUR,Chandepally,3296904.8624759233,3905816.028238098
YADADRI BHUVANAGIRI,BHONGIR,Kunoor,3297455.09607578,3892587.632429562
YADADRI BHUVANAGIRI,RAMANNAPET,Yennaram,3274224.5291508194,3918045.926953551
YADADRI BHUVANAGIRI,CHOUTUPPAL,Chinna Kondur,3272749.1233810275,3885008.5311318035
YADADRI BHUVANAGIRI,NARAYANPUR,Rachakonda,3257043.214254571,3875001.5304182274
YADADRI BHUVANAGIRI,RAJAPETA,Doodi Venkatapuram,3315550.8556727944,3892864.309182231
YADADRI BHUVANAGIRI,ALAIR,Kolanupaka,3314270.710847533,3898859.0370822507
YADADRI BHUVANAGIRI,NARAYANPUR,Sarvail,3256986.9743867414,3888518.6406973214
YADADRI BHUVANAGIRI,NARAYANPUR,Kothulapuram,3260711.980390085,3886055.9928876194
YADADRI BHUVANAGIRI,NARAYANPUR,Chillapuram,3246489.8569955104,3881481.341004104
YADADRI BHUVANAGIRI,BOMMALARAMARAM,Maliyala,3301175.812141831,3869516.427095934
YADADRI BHUVANAGIRI,MOTAKONDUR,Motakondur,3298741.858369917,3899927.6351667736
YADADRI BHUVANAGIRI,BHONGIR,Timmapur,3300321.692421414,3881011.338421947
YADADRI BHUVANAGIRI,MOTAKONDUR,Ammanabolu,3300015.0464145276,3908594.8764123586
YADADRI BHUVANAGIRI,YADAGIRIGUTTA,Vangapally,3300732.704676822,3893540.6115306895
YADADRI BHUVANAGIRI,BOMMALARAMARAM,Ramalingampally,3301438.3693321375,3863716.526661177
YADADRI BHUVANAGIRI,BOMMALARAMARAM,Yaavapuram,3302457.5217332128,3866945.887253484
YADADRI BHUVANAGIRI,BOMMALARAMARAM,Thumkunta,3303329.327879723,3864262.1718092943
YADADRI BHUVANAGIRI,MOTAKONDUR,Dilavarpuram,3303576.1557419826,3899730.7725323467
YADADRI BHUVANAGIRI,YADAGIRIGUTTA,Ramajipeta,3303352.395140753,3893812.734834198
YADADRI BHUVANAGIRI,THURKAPALLY,Rusta Puram,3302731.9592466094,3878505.7711409596
YADADRI BHUVANAGIRI,BOMMALARAMARAM,Mariyala,3301554.282771362,3874374.2819096902
YADADRI BHUVANAGIRI,BOMMALARAMARAM,Cheekati Mamidi,3304096.333445489,3869876.2686404255
YADADRI BHUVANAGIRI,ALAIR,Manthapur,3305494.9983844925,3900544.245665205
YADADRI BHUVANAGIRI,YADAGIRIGUTTA,Pedakandukur,3305432.8499633344,3894276.428100504
YADADRI BHUVANAGIRI,YADAGIRIGUTTA,China Kandukur,3304176.1110477587,3897316.7546253134
YADADRI BHUVANAGIRI,YADAGIRIGUTTA,Masaipet,3308159.4394089384,3891902.6575447656
YADADRI BHUVANAGIRI,THURKAPALLY,Madhapuram,3307477.658709408,3871365.2329761754
YADADRI BHUVANAGIRI,THURKAPALLY,Venkatapuram,3308242.9575362783,3880199.9401945933
YADADRI BHUVANAGIRI,YADAGIRIGUTTA,Mallapur,3307615.94873263,3885717.4548011255
YADADRI BHUVANAGIRI,THURKAPALLY,Malkapuram,3309226.6331609637,3874381.994523235
YADADRI BHUVANAGIRI,THURKAPALLY,Nagai Palle,3310308.67623532,3868716.041017307
YADADRI BHUVANAGIRI,BOMMALARAMARAM,Timmapuru,3309455.6109485747,3866730.7228999315
YADADRI BHUVANAGIRI,ALAIR,Alair (M),3308227.0243600816,3900229.778547744
YADADRI BHUVANAGIRI,THURKAPALLY,M.Turkapalle,3310555.4160115616,3877904.5306117614
YADADRI BHUVANAGIRI,YADAGIRIGUTTA,Gowraipally,3311110.590437923,3889065.1643154705
YADADRI BHUVANAGIRI,THURKAPALLY,Dattaipally,3311047.1662650495,3881998.696872237
YADADRI BHUVANAGIRI,YADAGIRIGUTTA,Saduvelly,3311132.969292135,3892248.259650735
YADADRI BHUVANAGIRI,THURKAPALLY,China Laxma Puram,3310652.18422506,3871674.162746543
YADADRI BHUVANAGIRI,NARAYANPUR,Voilpally,3248885.1009747377,3880940.4557919274
YADADRI BHUVANAGIRI,NARAYANPUR,Janagama,3251428.6527765766,3881907.8973099287
YADADRI BHUVANAGIRI,NARAYANPUR,Gujja,3254807.226048197,3891829.466746078
YADADRI BHUVANAGIRI,NARAYANPUR,Narayanapuram,3255046.875732527,3880292.7761318153
YADADRI BHUVANAGIRI,CHOUTUPPAL,Peepal Pahad,3261628.5968615757,3878848.815510282
YADADRI BHUVANAGIRI,VALIGONDA,Valigonda,3279284.468117592,3896445.91135711
YADADRI BHUVANAGIRI,VALIGONDA,Gangapur-P-Arrur,3279817.6450508516,3906376.8198114396
YADADRI BHUVANAGIRI,B.POCHAMPALLY,Pillai Palle,3278584.547986583,3868537.6070080544
YADADRI BHUVANAGIRI,B.POCHAMPALLY,Danthur,3276417.472560817,3881421.232189376
YADADRI BHUVANAGIRI,NARAYANPUR,Chimiryala,3259319.4531654203,3884268.056806502
YADADRI BHUVANAGIRI,CHOUTUPPAL,Allapuram,3262164.880305808,3876515.760443801
YADADRI BHUVANAGIRI,VALIGONDA,Gokaram,3275633.3065624055,3892021.710927702
YADADRI BHUVANAGIRI,RAMANNAPET,Laxmapur,3275744.0991407065,3907690.029562485
YADADRI BHUVANAGIRI,THURKAPALLY,Ibrahimpuram,3313160.1880829814,3882759.2050452414
YADADRI BHUVANAGIRI,THURKAPALLY,Vasalamarri,3312471.611191191,3874714.9272349877
YADADRI BHUVANAGIRI,THURKAPALLY,Kondapuram,3314122.8113698373,3872429.9569164864
YADADRI BHUVANAGIRI,RAJAPETA,Kalvapally,3314645.1606581,3888005.2784221466
YADADRI BHUVANAGIRI,THURKAPALLY,Konapuram,3313647.666741311,3879810.057131588
YADADRI BHUVANAGIRI,MOTHKUR,Moosipatla,3284309.9412921225,3920460.4707168806
YADADRI BHUVANAGIRI,ADDA GUDUR,Addagudoor,3282726.919519559,3933770.5183612397
YADADRI BHUVANAGIRI,ADDA GUDUR,Kotamarthy,3284157.3153981767,3937448.5017119013
YADADRI BHUVANAGIRI,BHONGIR,Bolle Palle,3283941.1449022195,3885556.1006759647
YADADRI BHUVANAGIRI,BIBINAGAR,Bibinagar (CT),3290754.6825477104,3874778.5404098514
YADADRI BHUVANAGIRI,BIBINAGAR,Nemarugomula,3291604.005183545,3866467.7478275253
YADADRI BHUVANAGIRI,ATHMAKUR (M),Kalvapally,3292547.0815518997,3907268.3554703277
YADADRI BHUVANAGIRI,CHOUTUPPAL,Panthangi,3263988.751661195,3890744.4486565306
YADADRI BHUVANAGIRI,CHOUTUPPAL,Lingojigudem (Part),3266147.8321338934,3888853.9094371363
YADADRI BHUVANAGIRI,CHOUTUPPAL,Khairathpur,3268011.956346839,3877325.0704048686
YADADRI BHUVANAGIRI,RAMANNAPET,Uthatoor,3267981.7815455054,3912802.5187443905
YADADRI BHUVANAGIRI,CHOUTUPPAL,Choutuppal (M),3267328.5240706163,3885622.194786645
YADADRI BHUVANAGIRI,CHOUTUPPAL,Devalamma Nagaram (CT),3265306.4291691626,3878644.0205747155
YADADRI BHUVANAGIRI,CHOUTUPPAL,Yellagiri,3267973.4827783178,3878584.440348931
YADADRI BHUVANAGIRI,RAMANNAPET,Janam Palle,3270008.9727892387,3908248.8792309565
YADADRI BHUVANAGIRI,CHOUTUPPAL,S.Lingotam,3270067.37035981,3890351.4516087226
YADADRI BHUVANAGIRI,RAMANNAPET,Ramannapeta (CT),3268452.712891721,3904769.440337922
YADADRI BHUVANAGIRI,RAMANNAPET,Siripuram,3269479.3370266855,3900769.5357773714
YADADRI BHUVANAGIRI,RAMANNAPET,Iskilla,3270833.345521964,3912432.9037135644
YADADRI BHUVANAGIRI,B.POCHAMPALLY,Jalal Pur,3274615.9587191786,3872871.678929123
YADADRI BHUVANAGIRI,CHOUTUPPAL,Tupranpet,3270292.886631423,3870531.099007335
YADADRI BHUVANAGIRI,B.POCHAMPALLY,Hyderpur,3272258.6321025076,3876480.5196319697
YADADRI BHUVANAGIRI,RAMANNAPET,Kokkireni,3270746.816667074,3916089.5290266634
YADADRI BHUVANAGIRI,CHOUTUPPAL,Jai Kesaram,3271891.569186962,3893052.8705513203
YADADRI BHUVANAGIRI,RAMANNAPET,Dubbaka,3272650.049788466,3908165.9987187064
YADADRI BHUVANAGIRI,CHOUTUPPAL,Nelapatla,3273146.873503008,3889411.851715489
YADADRI BHUVANAGIRI,B.POCHAMPALLY,Mehar Nagar,3272377.731696748,3874271.4499887885
YADADRI BHUVANAGIRI,RAMANNAPET,Munipampula,3274064.1022364865,3911377.1737619
YADADRI BHUVANAGIRI,B.POCHAMPALLY,Kanumukla,3274797.212491901,3880073.8093952886
YADADRI BHUVANAGIRI,RAMANNAPET,Palliwada,3274860.154550538,3914078.677004271
YADADRI BHUVANAGIRI,RAMANNAPET,Shobanadripuram,3276581.4290509336,3904886.782026466
YADADRI BHUVANAGIRI,B.POCHAMPALLY,Deshmukhi,3276144.7052591234,3866609.8371992367
YADADRI BHUVANAGIRI,VALIGONDA,Nagaram,3276814.844346602,3898297.703331308
YADADRI BHUVANAGIRI,VALIGONDA,Verkat Palle,3276538.8312215717,3889335.748336926
YADADRI BHUVANAGIRI,VALIGONDA,Sangam,3277951.5635209647,3887352.2306058346
YADADRI BHUVANAGIRI,VALIGONDA,Vemulakonda,3277576.305180995,3910228.354260353
YADADRI BHUVANAGIRI,VALIGONDA,Chittapur,3279101.5889761276,3911545.8478007657
YADADRI BHUVANAGIRI,VALIGONDA,Lothukunta,3278991.6264123903,3899983.9342685444
YADADRI BHUVANAGIRI,ADDA GUDUR,Veldevi,3278208.541268682,3932659.2172107156
YADADRI BHUVANAGIRI,B.POCHAMPALLY,Ramalingam Palle,3280278.911138391,3879997.3629161757
YADADRI BHUVANAGIRI,B.POCHAMPALLY,Alinagar,3280417.097010148,3871030.632844623
YADADRI BHUVANAGIRI,VALIGONDA,Venkatapur,3280177.6141976546,3908183.555700114
YADADRI BHUVANAGIRI,VALIGONDA,Duppally,3279065.0334333577,3915032.6648000213
YADADRI BHUVANAGIRI,B.POCHAMPALLY,Gouse Konda,3279881.8857581597,3877866.8142947275
YADADRI BHUVANAGIRI,ADDA GUDUR,Dharmaram,3280030.1696704673,3938149.083540169
YADADRI BHUVANAGIRI,VALIGONDA,Malle Palle,3280965.630961191,3897688.782777472
YADADRI BHUVANAGIRI,THURKAPALLY,Gopal Puram,3312453.117893595,3869555.202584124
YADADRI BHUVANAGIRI,RAJAPETA,Raghunadhapuram (CT),3313297.5157049946,3892111.75943702
YADADRI BHUVANAGIRI,RAJAPETA,Challur,3312347.367374542,3886797.319892812
YADADRI BHUVANAGIRI,ALAIR,Patelguda,3312852.5556960804,3903626.3436923665
YADADRI BHUVANAGIRI,RAJAPETA,Begumpet,3315819.5643949546,3883511.041351296
YADADRI BHUVANAGIRI,THURKAPALLY,Veerareddi Pally,3316323.8375200895,3878071.8451114693
YADADRI BHUVANAGIRI,RAJAPETA,Renikunta,3317048.6544069597,3886274.9201640827
YADADRI BHUVANAGIRI,RAJAPETA,Lakshmakka Palle,3317306.0234763077,3896011.397459247
YADADRI BHUVANAGIRI,RAJAPETA,Nemila,3318279.9584112316,3890641.7081872015
YADADRI BHUVANAGIRI,RAJAPETA,Somaram,3318753.573718293,3894459.970054593
YADADRI BHUVANAGIRI,THURKAPALLY,Gandamalla,3318728.329124901,3879866.8986441097
YADADRI BHUVANAGIRI,RAJAPETA,Rajapet,3319348.6072798693,3887196.4650522205
YADADRI BHUVANAGIRI,RAJAPETA,Narsapuram,3319804.7977311956,3882858.0417216285
YADADRI BHUVANAGIRI,RAJAPETA,Paru Palle,3320711.32027426,3890552.2022246527
YADADRI BHUVANAGIRI,RAJAPETA,Burugu Palle,3322048.8802990313,3889471.9844071297
YADADRI BHUVANAGIRI,RAJAPETA,Pamukunta,3322135.2382041346,3884817.3306700457
YADADRI BHUVANAGIRI,RAJAPETA,Bondugula,3322819.094094227,3892698.1564294505
YADADRI BHUVANAGIRI,RAJAPETA,Kurraram,3324008.720478243,3888547.655814287
YADADRI BHUVANAGIRI,RAJAPETA,Singaram,3325670.2683558967,3883342.635716737
YADADRI BHUVANAGIRI,RAJAPETA,Jala,3325171.2952451636,3886330.429193679
YADADRI BHUVANAGIRI,YADAGIRIGUTTA,Yadagirigutta (M),3301553.1676924718,3889878.9342981013
YADADRI BHUVANAGIRI,MOTAKONDUR,Ikkurthy,3303443.9874991924,3902080.6358134523
YADADRI BHUVANAGIRI,BHONGIR,Chandupatla,3293896.704448991,3892682.0761477686
YADADRI BHUVANAGIRI,BIBINAGAR,Annampatla,3290179.5955204447,3877755.548126227
YADADRI BHUVANAGIRI,BIBINAGAR,Rudra Velly,3284004.642617105,3872899.49348702
YADADRI BHUVANAGIRI,BIBINAGAR,M.Anantharam,3281946.040731131,3869196.6976903835
YADADRI BHUVANAGIRI,NARAYANPUR,Kothaguda,3254857.52414206,3884305.6879254407
YADADRI BHUVANAGIRI,BHONGIR,Sure Palle,3280854.1062339433,3884920.6929882728
YADADRI BHUVANAGIRI,ADDA GUDUR,Repaka (P)Dacharam,3279950.700149075,3929042.163247906
YADADRI BHUVANAGIRI,VALIGONDA,Narsapuram,3281399.4582428085,3912066.156598341
YADADRI BHUVANAGIRI,MOTHKUR,Podichedu,3279622.3478967845,3923564.808124605
YADADRI BHUVANAGIRI,MOTHKUR,Anajipur,3282005.487871544,3924068.687084714
YADADRI BHUVANAGIRI,B.POCHAMPALLY,Julur,3280409.945850891,3872041.9970474006
YADADRI BHUVANAGIRI,B.POCHAMPALLY,Indriyala,3280416.6180651383,3881413.7826352315
YADADRI BHUVANAGIRI,MOTHKUR,Paladugu,3281548.1817560825,3916857.3348070653
YADADRI BHUVANAGIRI,MOTHKUR,Dattappaguda,3280477.2983801314,3920252.550230325
YADADRI BHUVANAGIRI,B.POCHAMPALLY,Pedda Ravula Palle,3282817.6119323033,3877731.772420644
YADADRI BHUVANAGIRI,VALIGONDA,Tekula Somaram,3282839.9760518013,3889741.8003999875
YADADRI BHUVANAGIRI,MOTHKUR,Dacharam,3281180.8022933253,3926469.1821420207
YADADRI BHUVANAGIRI,VALIGONDA,Muddapur,3281796.705263721,3909256.389105606
YADADRI BHUVANAGIRI,BIBINAGAR,Jam Palle,3282840.0679963846,3882508.0125748906
YADADRI BHUVANAGIRI,VALIGONDA,Arruru,3281345.913508564,3904056.987600151
YADADRI BHUVANAGIRI,ATHMAKUR (M),Raghavapuram,3283553.7579666777,3914735.6885322235
YADADRI BHUVANAGIRI,ATHMAKUR (M),Lingarajpally,3283565.1805439247,3909356.5622726604
YADADRI BHUVANAGIRI,ADDA GUDUR,Kanchanapally,3283214.0633448395,3930363.4740138287
YADADRI BHUVANAGIRI,BIBINAGAR,Venkiryal,3284167.8540782696,3870594.8061552285
YADADRI BHUVANAGIRI,VALIGONDA,Sunkishala,3283712.7317237384,3897639.577826668
YADADRI BHUVANAGIRI,VALIGONDA,Redla Repaka,3282760.8280378734,3894423.2223529075
YADADRI BHUVANAGIRI,BIBINAGAR,Padamati Somaram,3287597.713692772,3871045.35357977
YADADRI BHUVANAGIRI,BHONGIR,Yerram Balle,3289100.1651967815,3890459.585105866
YADADRI BHUVANAGIRI,ATHMAKUR (M),Sarveypally,3288586.409657101,3904570.324143095
YADADRI BHUVANAGIRI,MOTHKUR,Patimatla,3284828.0790786543,3927686.6971681155
YADADRI BHUVANAGIRI,BHONGIR,Nagireddi Palle,3285396.2973739468,3889114.1417837674
YADADRI BHUVANAGIRI,ATHMAKUR (M),Pallerla,3284893.855391365,3910816.3022130625
YADADRI BHUVANAGIRI,VALIGONDA,Velverthy,3282500.7632104056,3900175.242797315
YADADRI BHUVANAGIRI,BIBINAGAR,Gurrala Dandi,3285028.176650835,3880433.0370312543
YADADRI BHUVANAGIRI,BIBINAGAR,Raavi pahad,3286085.016052781,3882503.6873239805
YADADRI BHUVANAGIRI,VALIGONDA,Mogilipaka,3286221.352466519,3902229.0001912965
YADADRI BHUVANAGIRI,ATHMAKUR (M),Kurella,3285654.174381247,3915288.136686809
YADADRI BHUVANAGIRI,ADDA GUDUR,Chirragoodur,3287144.6286302125,3937137.6648277934
YADADRI BHUVANAGIRI,BIBINAGAR,Raheem Khan Guda,3288108.477341179,3874189.9404457766
YADADRI BHUVANAGIRI,ATHMAKUR (M),Dharmapur,3287834.3796726856,3911786.9863378378
YADADRI BHUVANAGIRI,ATHMAKUR (M),Thukkarpuram,3287324.719280961,3913753.7908468153
YADADRI BHUVANAGIRI,VALIGONDA,Kanchanpally,3287353.8255804703,3894306.4058212074
YADADRI BHUVANAGIRI,BIBINAGAR,Brahmana Palle,3287610.5245486903,3876463.7029444706
YADADRI BHUVANAGIRI,BHONGIR,Nandanam,3287937.372633455,3888482.225711059
YADADRI BHUVANAGIRI,ADDA GUDUR,Chinapadishala,3288577.8565486777,3932290.110318989
YADADRI BHUVANAGIRI,BIBINAGAR,Maqdoom Palle,3288995.8476456203,3881545.618495623
YADADRI BHUVANAGIRI,BHONGIR,Anajipuram,3289113.2659700587,3885310.808207224
YADADRI BHUVANAGIRI,BHONGIR,Gouse Nagar,3290360.352702479,3891170.0449250895
YADADRI BHUVANAGIRI,ATHMAKUR (M),Athmakur (M),3289192.8134912113,3910283.1178658954
YADADRI BHUVANAGIRI,MOTHKUR,Mothkur (M),3287557.485622332,3923647.6813139413
YADADRI BHUVANAGIRI,BHONGIR,Banda Somaram,3290966.340590326,3893301.364683081
YADADRI BHUVANAGIRI,BHONGIR,Tukkapuram,3291402.427397698,3888584.0286364025
YADADRI BHUVANAGIRI,ATHMAKUR (M),Kapraipally,3290530.912673003,3918229.0544790323
YADADRI BHUVANAGIRI,ATHMAKUR (M),Raheemkan Peta,3291615.932565483,3915493.6314366516
YADADRI BHUVANAGIRI,BIBINAGAR,Mahadevpur,3291794.9978986457,3869443.458379097
YADADRI BHUVANAGIRI,BHONGIR,Ramachandrapur,3293290.8214774933,3891037.957460683
YADADRI BHUVANAGIRI,BIBINAGAR,Rayarao Peta,3293137.5602652724,3865168.8201930635
YADADRI BHUVANAGIRI,BIBINAGAR,Jameelapet,3293626.267296107,3865980.7443465707
YADADRI BHUVANAGIRI,BIBINAGAR,Kondamadugu,3293214.7648183624,3870982.853826985
YADADRI BHUVANAGIRI,BIBINAGAR,Gudur,3293540.911892035,3876409.1354404134
YADADRI BHUVANAGIRI,BIBINAGAR,Jiya Palle,3294691.112142689,3867118.4124819245
YADADRI BHUVANAGIRI,ATHMAKUR (M),Parupalli,3294544.1410507564,3918196.3956529023
YADADRI BHUVANAGIRI,BHONGIR,Veera Vally,3291695.8533832547,3896068.917227246
YADADRI BHUVANAGIRI,BHONGIR,P.Anantharam,3294188.181071444,3879154.0165632316
YADADRI BHUVANAGIRI,MOTAKONDUR,Chada,3292086.8674028753,3902543.666986768
YADADRI BHUVANAGIRI,ATHMAKUR (M),Pallepahad,3295359.9572576294,3914127.9214148866
YADADRI BHUVANAGIRI,BHONGIR,Kesaram,3295755.294281228,3890437.1841690266
YADADRI BHUVANAGIRI,BHONGIR,Bhongir (M),3293590.6037196186,3883056.3529571965
YADADRI BHUVANAGIRI,BHONGIR,Mustyalapalle,3294181.333036114,3898490.07948162
YADADRI BHUVANAGIRI,BIBINAGAR,Jain Palle,3294795.4641575515,3873432.8994581974
YADADRI BHUVANAGIRI,ATHMAKUR (M),Singaram -Pati-Chandepally,3295157.288573065,3906805.158158508
YADADRI BHUVANAGIRI,BHONGIR,Cheemala Kondur,3295681.5670544407,3895679.7714680545
YADADRI BHUVANAGIRI,MOTAKONDUR,Chamapuru,3296894.0908670053,3908715.1659298916
YADADRI BHUVANAGIRI,BOMMALARAMARAM,Tirmalagiri,3296573.4937044205,3868376.382255281
YADADRI BHUVANAGIRI,BOMMALARAMARAM,Naginenipally,3296204.5106028086,3870944.459784508
YADADRI BHUVANAGIRI,MOTAKONDUR,Dursaganipally,3297039.184428815,3903836.7327593006
YADADRI BHUVANAGIRI,BOMMALARAMARAM,Medipally,3296874.4243388553,3875879.831620248
YADADRI BHUVANAGIRI,BHONGIR,Hanmapuram,3297119.5261289272,3879885.1211459944
YADADRI BHUVANAGIRI,BOMMALARAMARAM,Mailaram,3298086.940804872,3873044.644287424
YADADRI BHUVANAGIRI,BOMMALARAMARAM,Pedda Parvathapuram,3297528.800584357,3865114.062449581
YADADRI BHUVANAGIRI,BOMMALARAMARAM,Maisireddy Palli,3298748.218421536,3869867.261662486
YADADRI BHUVANAGIRI,BHONGIR,Rayagiri (Part),3297874.5386115653,3887868.3751499555
YADADRI BHUVANAGIRI,MOTAKONDUR,Teryala,3297475.7055221293,3911750.232571343
YADADRI BHUVANAGIRI,BHONGIR,Wadaparthy,3299124.9603665015,3878545.389441479
YADADRI BHUVANAGIRI,MOTAKONDUR,Varuturu,3298943.4412512938,3903369.504908023
YADADRI BHUVANAGIRI,BOMMALARAMARAM,Bommala Ramaram,3299232.0889257453,3867173.274206606
YADADRI BHUVANAGIRI,BHONGIR,Baswapur,3299795.546702021,3883545.6397345467
YADADRI BHUVANAGIRI,YADAGIRIGUTTA,Cholleru,3299135.3904213216,3895877.9451755816
YADADRI BHUVANAGIRI,BOMMALARAMARAM,Rangapuram,3300430.6273207944,3865557.504429764
YADADRI BHUVANAGIRI,VALIGONDA,Kashamma Kunta,3286087.080840696,3904512.2672380437
YADADRI BHUVANAGIRI,VALIGONDA,Golne Palle,3274549.274638709,3896126.230607414
YADADRI BHUVANAGIRI,VALIGONDA,Nemili kalva,3276257.468169508,3895725.1178880366
YADADRI BHUVANAGIRI,ALAIR,Srinivasapuram,3315245.9174159095,3903561.898106884
YADADRI BHUVANAGIRI,B.POCHAMPALLY,Bheeman Palle,3274016.938301286,3877495.3196112597
YADADRI BHUVANAGIRI,VALIGONDA,Goparaj Palle,3278253.2648549997,3912781.3042397946
HYDERABAD,TIRUMALAGIRI,Secunderabad (CB),3289590.597089176,3841601.51693716
MANCHERIAL,BHEEMINI,Chinnathimmapur,3478571.859519332,3965261.0750378706
NIRMAL,MAMADA,Ponkal,3457507.501812032,3850033.963644433
NIRMAL,MAMADA,Kotha Timbareni (R.C),3455656.8756366884,3848843.415226684
NIRMAL,MAMADA,Kamal Kote,3452788.500024421,3847933.311786423
RANGA REDDY,SHAMSHABAD,Madanpalle,3261392.191542842,3824904.941761024
RANGA REDDY,SHAMSHABAD,Muchintal,3258798.1487150798,3824754.952466769
MAHABUBNAGAR,JADCHERLA,Kodgal,3219395.5679892893,3811585.1474079387
RANGA REDDY,THALAKONDAPALLY,Badnapur,3226088.7466483135,3830326.803822979
RANGA REDDY,THALAKONDAPALLY,Seriramakrishnapur,3231398.187860335,3829348.6933846404
MAHABUBNAGAR,MIDJIL,Munnanur,3211208.7129585096,3819900.080855424
ADILABAD,GUDIHATNOOR,Machapur,3515803.625585978,3844386.0880834926
RANGA REDDY,MADGUL,Suddapalle,3219221.038227284,3872900.474884582
KUMURAM BHEEM,LINGAPUR,Jamuldhara,3482341.938029937,3901548.1015964053
KUMURAM BHEEM,WANKIDI,Boranjiguda (UI),3508527.0297183814,3931584.9983656695
KUMURAM BHEEM,KAGAZNAGAR,Ankusapur,3495479.898108971,3939171.101394223
KUMURAM BHEEM,KAGAZNAGAR,Narapur,3498000.431670458,3938488.165870747
KUMURAM BHEEM,KAGAZNAGAR,Mahajanguda,3494010.5332682524,3940254.968349273
KUMURAM BHEEM,ASIFABAD,Danaboinapeta,3487814.506605261,3924296.4094033306
KUMURAM BHEEM,KAGAZNAGAR,Marepalle,3508063.70442603,3936599.5774469804
KUMURAM BHEEM,SIRPUR(T),Parigaon,3512717.7524958635,3960807.441646423
MANCHERIAL,BHEEMINI,Wadal,3481340.000710707,3959130.5088095395
KUMURAM BHEEM,PENCHICALPET,Kondapalle,3493831.587715144,3974999.483979067
MANCHERIAL,VEMANPALLY,Godampet (UI),3470563.0989765227,3983731.9287326606
MANCHERIAL,VEMANPALLY,Oddugudem,3468951.9635511125,3985031.548100529
MANCHERIAL,VEMANPALLY,Kothapally,3466065.7094758353,3981578.1410986595
MANCHERIAL,VEMANPALLY,Upparlapahad (UI),3468354.517738342,3980139.5212208983
MANCHERIAL,MANCHERIAL,Mancherial (M),3443491.7333493177,3942873.002612947
PEDDAPALLI,SULTANABAD,Rebbaldevipalle,3406964.8189004255,3933687.381579708
JAYASHANKAR BHUPALPALLI,CHITYAL,Nain Paka,3390953.8829429112,3973717.874000961
JAYASHANKAR BHUPALPALLI,BHUPALPALLI,Pambapur,3399108.4632015997,4003993.2196693732
JAYASHANKAR BHUPALPALLI,BHUPALPALLI,Chiknepalle,3396948.0344777647,4002945.663018913
JAYASHANKAR BHUPALPALLI,BHUPALPALLI,Bheemghanpur,3397901.4352352014,4005673.945490759
JAYASHANKAR BHUPALPALLI,BHUPALPALLI,Deekshakunta,3395016.2083518473,4006583.6773364544
JAYASHANKAR BHUPALPALLI,CHITYAL,Doothpalle,3387802.5795554337,3976846.607188084
MAHABUBNAGAR,KOILKONDA,Chanmanpalle,3220409.6821057512,3770927.0116819995
MAHABUBNAGAR,HANWADA,Ayodhyanagar,3225226.9864894254,3769123.893567318
PEDDAPALLI,KAMANPUR,Lingala,3421738.7297707014,3945771.916942876
PEDDAPALLI,MANTHANI,Mallepalle,3419591.283150448,3961747.897120842
PEDDAPALLI,MANTHANI,Ammagaripalle,3420886.586250172,3975036.410379756
PEDDAPALLI,MANTHANI,Nagepalle,3416673.1279472015,3978789.426766511
JAYASHANKAR BHUPALPALLI,TEKUMATLA,Somanpalle,3387346.9054143387,3962918.5778127955
JAYASHANKAR BHUPALPALLI,MAHAMUTHARAM,Stambhampalle (PP),3409415.6833584616,3998941.278662211
MANCHERIAL,DANDEPALLI,Rollapahad,3459596.3132900377,3918900.719288278
MANCHERIAL,LUXETTIPET,Chandram,3449346.6355083697,3919863.890949302
MANCHERIAL,LUXETTIPET,Thimmapur,3446587.225865581,3921569.7082476374
MANCHERIAL,LUXETTIPET,Dowdepalle,3451793.1785002886,3918553.4451704086
MANCHERIAL,LUXETTIPET,Patha Kommugudem,3452904.9116696063,3919479.828922097
KUMURAM BHEEM,TIRYANI,Gambhiraopet,3472689.8378434298,3925103.710245185
KUMURAM BHEEM,TIRYANI,Dondla,3469365.480672082,3927353.8960286407
MANCHERIAL,BELLAMPALLY,Ankusam,3469402.757736274,3940196.892023891
MANCHERIAL,TANDUR,Choutpalle,3469949.9257253907,3941129.7014166364
MANCHERIAL,TANDUR,Venkaipalle,3471654.121792579,3939343.0126991095
KUMURAM BHEEM,REBBENA,Fakeerpalle,3481027.8234498836,3943399.1563111795
MANCHERIAL,NENNEL,Bodhapur,3455472.789529581,3963926.5032230243
KARIMNAGAR,JAMMIKUNTA,Jammikunta (Part),3378848.2622906044,3940468.2148496592
KARIMNAGAR,HUZURABAD,Huzurabad (Part),3371390.4018820934,3939031.4102981305
KUMURAM BHEEM,KERAMERI,Mettapipri,3503333.787358244,3904515.0395739027
KUMURAM BHEEM,KERAMERI,Babejhari,3502348.902533237,3907396.131652428
KUMURAM BHEEM,KERAMERI,Murkilonka,3501449.3863375727,3909242.530261891
KUMURAM BHEEM,KERAMERI,Narsapur,3502155.634502704,3910142.2751499037
KUMURAM BHEEM,KERAMERI,Nagapur,3501545.1236549923,3912215.9909563456
KUMURAM BHEEM,KERAMERI,Bheemangondhi,3503491.301643914,3912706.208348827
KUMURAM BHEEM,KERAMERI,Chinthakara,3503360.658402934,3901709.7051761784
KUMURAM BHEEM,KERAMERI,Goyagaon,3505021.1276743305,3913500.524270764
KUMURAM BHEEM,KERAMERI,Sawarkheda,3506511.7434677207,3911875.881552752
KUMURAM BHEEM,KERAMERI,Jodeghat,3496463.648272311,3914085.309226134
KUMURAM BHEEM,ASIFABAD,Suddha Ghat,3494681.627568138,3912767.8244807725
KUMURAM BHEEM,ASIFABAD,Wadigondi,3494328.8328096466,3912114.549102416
KUMURAM BHEEM,ASIFABAD,Mankapur,3494070.4465193395,3915566.2398133646
KUMURAM BHEEM,ASIFABAD,Kutoda,3494430.5807355177,3917663.1606001854
KUMURAM BHEEM,TIRYANI,Korlanka,3473737.6131507363,3918191.198898644
KUMURAM BHEEM,TIRYANI,Gangapur,3475706.3363474514,3927116.1722775768
KUMURAM BHEEM,KERAMERI,Annarpalli,3510229.8297017296,3895913.374721183
KUMURAM BHEEM,KERAMERI,Anthapur,3515314.4793885667,3899718.7118310607
KUMURAM BHEEM,KERAMERI,Isapur,3516016.0860541305,3901249.266680783
KUMURAM BHEEM,KERAMERI,Gowri,3514580.503608655,3904027.791609653
KUMURAM BHEEM,KERAMERI,Bolapater,3514189.7895203275,3903000.1629669988
KUMURAM BHEEM,KERAMERI,Arekepalli,3513276.7061355887,3904313.29620187
KUMURAM BHEEM,KERAMERI,Kota,3513246.0168370134,3892167.734775674
KUMURAM BHEEM,KERAMERI,Keli B,3510058.451349395,3904667.9231161997
KUMURAM BHEEM,KERAMERI,Arepelli,3511879.436336173,3907019.359595436
KUMURAM BHEEM,KERAMERI,Keli-K,3511323.9740076964,3903498.328515851
KUMURAM BHEEM,KERAMERI,Sakada,3506304.3554180413,3904050.079375402
KUMURAM BHEEM,KERAMERI,Sangvi,3508623.2601088295,3903146.087699385
KUMURAM BHEEM,KERAMERI,Parswada,3510150.4071972566,3899711.2997670877
KUMURAM BHEEM,JAINOOR,Jendaguda,3504641.6484302906,3887506.9774712427
ADILABAD,NARNOOR,Kothapalli-H,3513345.832179023,3887465.7437175466
KUMURAM BHEEM,ASIFABAD,Mekalwada,3495030.3696972094,3930533.6066979947
KUMURAM BHEEM,KAGAZNAGAR,Dubbaguda,3495401.7616210068,3936726.0070959064
KUMURAM BHEEM,KAGAZNAGAR,Vanjiri,3491805.8432576973,3943402.305955141
KUMURAM BHEEM,KAGAZNAGAR,Nazrulnagar,3498224.209043805,3953784.6814611475
KUMURAM BHEEM,TIRYANI,Jewni,3488491.627243675,3921278.189556255
KUMURAM BHEEM,TIRYANI,Chopidi,3482230.3457230674,3928773.4694236154
KUMURAM BHEEM,KOUTHALA,Gurudpet,3509355.552824747,3972749.9626724417
KUMURAM BHEEM,KOUTHALA,Kannepalle,3507926.9201818667,3970250.2626134655
KUMURAM BHEEM,KOUTHALA,Chipurudubba,3506705.6172868293,3973683.551288171
JAGTIAL,METPALLI,Vittampet,3436007.9318189146,3852973.0848943605
JAGTIAL,METPALLI,Vellulla,3437462.3734409455,3856527.2067779875
JAGTIAL,METPALLI,Masaipet,3436174.9390085703,3857880.9303983278
JAGTIAL,MEDIPALLI,Thombaraopeta,3438018.735464712,3878576.634595572
JAGTIAL,JAGTIAL RURAL,Kandlapalli (OG) (Part),3436513.725251951,3886895.821234067
JAGTIAL,JAGTIAL RURAL,Jagityal (M),3431299.247878634,3888440.8510858295
JAGTIAL,JAGTIAL,Jagitial,3432910.9937499627,3884349.2298606285
JAGTIAL,IBRAHIMPATNAM,Kamalanagar,3450080.469366578,3853142.876060673
JAGTIAL,IBRAHIMPATNAM,Bardipur,3452658.241592045,3852922.87201158
JAGTIAL,MALLAPUR,Nadukuda,3450156.6082144277,3860505.4627972455
JAGTIAL,IBRAHIMPATNAM,Fakirkondapur,3451055.662292261,3858448.7741841828
JAGTIAL,IBRAHIMPATNAM,Yamapur,3450783.2587069753,3856045.7642500084
JAGTIAL,MALLAPUR,Indiranagar,3450840.187054339,3864281.3219358227
JAGTIAL,MALLAPUR,Ramdaspeta,3449448.773109734,3866613.2334608384
JAGTIAL,RAIKAL,Raikal (Part),3447459.4127794732,3874979.9135005446
NIZAMABAD,KAMMARPALLY,Inayat Nagar,3425349.420756747,3851245.4454826443
JAGTIAL,MALLAPUR,Sangem,3457884.0344516076,3864971.523340853
JAGTIAL,MALLAPUR,Srirampur,3456966.160920784,3865427.2305959347
JAGTIAL,DHARMAPURI,Gadepalli,3460084.9719553646,3898789.1041601878
JAGTIAL,DHARMAPURI,Donthapur,3461742.188553534,3900118.0699131014
JAGTIAL,DHARMAPURI,Maggidi,3460683.332275426,3902287.4247014886
ADILABAD,BOATH,Venkatapur,3494884.537125512,3829156.877840235
ADILABAD,BOATH,Kangutta,3496981.4652513852,3829321.6944186063
ADILABAD,SONALA,Sakhera,3500045.3804321885,3828523.092910008
ADILABAD,BAZARHATNOOR,Kankadurga,3505998.5994464816,3832870.391667373
ADILABAD,GUDIHATNOOR,Vaijapur,3520632.3497928744,3843340.741690721
ADILABAD,TALAMADUGU,Lachampur,3520659.9929185184,3841485.846332134
ADILABAD,ADILABAD RURAL,Mallapur,3534886.2173643913,3846510.6984367194
ADILABAD,ADILABAD RURAL,Taroda (Srimath),3532522.2732194113,3844530.2994590714
ADILABAD,BHORAJ,Bhoraj,3538091.821865348,3849297.0701544033
ADILABAD,BHORAJ,Fouzpur,3537955.801752087,3851468.5237775687
ADILABAD,BHORAJ,Mirzapur,3539780.1089095525,3850597.1972505413
ADILABAD,BHORAJ,Taroda Buzurg,3538203.6230413164,3853665.2506975457
ADILABAD,BHORAJ,Balapur,3538729.188120938,3855759.706140629
ADILABAD,INDRAVELLY,Indervelly (K),3515139.111615227,3862502.973462743
ADILABAD,INDRAVELLY,Heerapur,3510607.3213447104,3861260.3217958775
ADILABAD,INDRAVELLY,Walganda Heerapur,3501363.9652936175,3861950.644328943
ADILABAD,UTNOOR,Kamnipet,3497432.943044012,3867830.844560408
ADILABAD,UTNOOR,Heerapur-J,3491069.4235122483,3870259.5499372846
ADILABAD,UTNOOR,Tejapur-J,3490948.8304257975,3871648.554379423
ADILABAD,UTNOOR,Heerapur,3500053.5466731666,3872032.495238733
ADILABAD,UTNOOR,Durgapur,3499466.484568027,3873660.205336004
ADILABAD,UTNOOR,Wadgalpur (Buzurg),3502828.1921408908,3863842.362322844
ADILABAD,UTNOOR,Wadgalpur (Khurd),3503921.594128148,3863805.215297786
NIRMAL,PEMBI,Burugpalle,3473750.319868171,3847368.6474958654
NIRMAL,SOAN,New Bopparam,3459772.3206245643,3834576.7639970123
NIRMAL,SOAN,New Velmal,3461570.203647862,3834716.859368136
NIRMAL,NIRMAL(RURAL),Koutla K,3463551.5354549033,3827041.4097270416
NIRMAL,SOAN,Siddulkunta New,3462059.556828195,3825552.0510047534
NIRMAL,NIRMAL(RURAL),Thamsa,3465415.7678153724,3825788.3107634936
NIRMAL,NIRMAL(RURAL),New Mujigi,3464147.8423463847,3824078.4156438448
NIRMAL,LOKESHWARAM,Abdullapur,3454494.0722995643,3796640.850408024
NIRMAL,MUDHOL,Pipri,3461198.12341,3788313.2772719376
NIZAMABAD,NAVIPET,Ankampalle,3445318.2394600655,3800274.173080595
ADILABAD,SIRIKONDA,Neradigonda K,3489386.875561732,3851971.883321135
ADILABAD,SATHNALA,Sahej,3524107.979538433,3870095.180129418
ADILABAD,JAINATH,Muktapur,3534928.761082206,3856857.8103331286
ADILABAD,BHORAJ,Dadapoor,3542038.1681763995,3853643.596371887
ADILABAD,BHORAJ,Karanwadi,3543466.0952389003,3856643.249602592
ADILABAD,TAMSI,Bandalnagapur,3534559.432303646,3842958.809931075
NIRMAL,TANOOR,Jewla (Khurd),3457246.270462016,3772787.8299075463
NIZAMABAD,NANDIPET,Joorpur,3442712.76086724,3809821.9134400873
NIZAMABAD,BALKONDA,Kisan Nagar,3445003.1580782547,3829210.988408325
YADADRI BHUVANAGIRI,ALAIR,Alair (Part),3310688.523386965,3901095.906088425
NIZAMABAD,BHEEMGAL,Pipri,3416964.634844564,3844277.3012644015
NIZAMABAD,BODHAN,Machapur,3423985.204443417,3777738.610414316
NIZAMABAD,BODHAN,Bhandarpalle,3426490.29867033,3779266.4073183727
NIZAMABAD,JAKRANPALLI,Keshpalle,3422895.588196089,3821802.0253588036
NIZAMABAD,VAILPOOR,Kothapalle,3426138.5457535773,3828445.885033558
NIZAMABAD,KAMMARPALLY,Belur,3402634.199256328,3846977.054365914
NIZAMABAD,KAMMARPALLY,Reachpalle,3414855.478792615,3851917.2627707063
NIZAMABAD,KAMMARPALLY,Guntepalle,3415335.2623707214,3847996.100693145
NIZAMABAD,KOTAGIRI,Yadgarpur,3415504.027499215,3771912.1219293317
NIZAMABAD,KOTAGIRI,Vallabhapur,3418929.1294002947,3772747.4597755442
NIZAMABAD,YEDAPALLY,Ibrahimpur,3421526.234655182,3787632.2794195586
NIZAMABAD,NAVIPET,Abhangapatnam,3431454.9269639663,3795463.5206782897
NIZAMABAD,DHARPALLY,Konepalle,3413136.9161108695,3823615.7723885397
NIZAMABAD,BODHAN,Ladmavandi,3416973.9148536236,3780679.12633697
NIRMAL,DASTURABAD,Chennur,3464587.343040392,3888947.9053243985
NIRMAL,KADDAM,Kannapur,3467505.7139473804,3873974.008332053
SIDDIPET,GAJWEL,Havaiguda (DP),3329794.918041336,3870160.6854772232
SIDDIPET,JAGDEVPUR,Venkatapur (Bg),3325017.999777671,3876992.0018550945
SIDDIPET,JAGDEVPUR,Dharmaram,3317199.587072247,3875063.3956385185
JANGOAN,RAGUNATHPALLY,Kalvalapalle,3316028.087176052,3924310.9854534515
MEDAK,MEDAK,Pashapur,3349799.710695011,3825410.362134537
MEDAK,TEKMAL,Shabad,3350968.807868157,3793503.0538884676
MEDAK,HAVELIGHANPUR,Sardhana,3359266.4057690953,3810896.4298228966
MEDAK,HAVELIGHANPUR,Serikuchanpally,3356318.8495916673,3815776.5183361415
MAHABUBNAGAR,MAHABUBNAGAR (RURAL),Dharmapur,3206818.066723295,3784405.1520234994
MAHABUBNAGAR,MAHABUBNAGAR (RURAL),Jannappapalle,3209459.838064565,3783505.6818838636
MAHABUBNAGAR,KOILKONDA,Khazipur,3217149.6770034563,3767443.819242831
MAHABUBNAGAR,KOILKONDA,Nallavelly,3215940.094873557,3766457.8513316903
MAHABUBNAGAR,KOILKONDA,Lingalched,3220540.0175848906,3763340.464846048
MAHABUBNAGAR,KOILKONDA,Serivenkatapur,3219249.358982365,3762435.6877589365
MAHABUBNAGAR,KOILKONDA,Jamalpur,3215302.371456673,3764991.18164034
MAHABUBNAGAR,KOILKONDA,Modipur,3217107.958541805,3763338.7143219193
MAHABUBNAGAR,NAWABPET,Veersettipalle,3224474.439218052,3788764.73652361
MAHABUBNAGAR,MAHABUBNAGAR (RURAL),Fathepur,3223148.847631957,3789113.1751696416
MAHABUBNAGAR,KOILKONDA,Mallapur,3224294.206257924,3762332.8265889618
MAHABUBNAGAR,GANDEED,Rusumpalle,3235350.6274182135,3771956.98041313
MAHABUBNAGAR,GANDEED,Salarnagar,3236261.1856742073,3767075.278888399
MAHABUBNAGAR,JADCHERLA,Ammapalle,3214832.360811938,3811890.0836766274
MAHABUBNAGAR,MIDJIL,Chedughattu,3215390.536437922,3814712.546514411
MAHABUBNAGAR,GANDEED,Varahagiripalle,3232253.379725488,3765461.341437721
YADADRI BHUVANAGIRI,THURKAPALLY,Komatikunta,3307941.7736752983,3882102.10193289
YADADRI BHUVANAGIRI,BHONGIR,Tajpuram,3295515.280519535,3878180.463943222
YADADRI BHUVANAGIRI,BOMMALARAMARAM,Hajipuram,3300872.6290883683,3871169.940715171
YADADRI BHUVANAGIRI,BOMMALARAMARAM,Pomajipally,3306913.551679936,3868028.3681742917
YADADRI BHUVANAGIRI,BIBINAGAR,Bagdayara,3291379.6065401025,3868199.775913591
YADADRI BHUVANAGIRI,VALIGONDA,Lingarajpally,3277813.769036006,3894523.1269621393
YADADRI BHUVANAGIRI,VALIGONDA,Nathallagudem,3279046.3006410757,3893245.6029983093
YADADRI BHUVANAGIRI,VALIGONDA,Mandapur,3280349.4065554203,3892003.8844313715
YADADRI BHUVANAGIRI,VALIGONDA,Poddutur,3278783.0696263076,3890997.6886690436
YADADRI BHUVANAGIRI,VALIGONDA,Edullagudem,3280853.015295484,3889226.414431156
YADADRI BHUVANAGIRI,VALIGONDA,Kerchipalli,3285324.6348252776,3900049.4614981543
MEDCHAL_MALKAJGIRI,MEDCHAL,Velgalkunta,3312202.9447741113,3832866.7927283184
MEDCHAL_MALKAJGIRI,GHATKESAR,Marpallyguda,3285840.9001271515,3864459.3670188356
MEDCHAL_MALKAJGIRI,GHATKESAR,Badesahebguda,3292881.3727698717,3864142.5551364776
RANGA REDDY,MOINABAD,Bangaliguda,3274027.039331662,3823517.1910084104
RANGA REDDY,MOINABAD,Sajjanpalle,3272435.230814886,3813252.1860326184
RANGA REDDY,KANDUKUR,Akberja,3242590.4749447145,3838633.760445234
RANGA REDDY,KANDUKUR,Allikhanpalle,3242761.0994191994,3842867.725319214
RANGA REDDY,CHEVELLA,Aloor Iii,3274429.8484206554,3796132.0694080894
RANGA REDDY,CHEVELLA,Aloor Ii,3276881.5947174006,3796219.461840855
RANGA REDDY,KONDURG,Chinnayelkicherla,3247925.777683925,3798288.783838132
RANGA REDDY,KONDURG,Somarampad,3248453.1436961843,3796796.0609702696
RANGA REDDY,KONDURG,Kondurg (West),3248701.02074279,3792401.152952646
RANGA REDDY,JILLED CHOWDERGUDEM,Chennareddiguda,3247895.112158291,3786504.7769422038
RANGA REDDY,JILLED CHOWDERGUDEM,Pedda Yelkicherla,3245193.297316993,3785027.8472487545
RANGA REDDY,JILLED CHOWDERGUDEM,Hazipet (U I),3245434.2908143774,3783218.0176919885
RANGA REDDY,SHAMSHABAD,Golkonda Kalan,3260698.3516056216,3832102.314953952
RANGA REDDY,SHAMSHABAD,Cherlaguda,3260927.053138916,3831283.766748044
RANGA REDDY,ABDULLAPURMET,Daira (UI),3280947.673981033,3863027.1928308443
RANGA REDDY,MANCHAL,Nallachervu,3258460.4338832167,3868390.7794420193
RANGA REDDY,JILLED CHOWDERGUDEM,Jakaram,3240827.8426855914,3787754.0161636947
RANGA REDDY,JILLED CHOWDERGUDEM,Malkapahad,3242039.8114453377,3785621.1708649374
RANGA REDDY,MAHESHWARAM,Dilwarguda,3248871.5233996706,3827326.3925461755
RANGA REDDY,KADTHAL,Ekrajguda,3239027.833899965,3842491.625770321
RANGA REDDY,ABDULLAPURMET,Guntapally,3270108.26210185,3864505.2360887495
RANGA REDDY,KANDUKUR,Jaithwaram (Khalsa),3248042.2845434872,3836878.7786063273
RANGA REDDY,KADTHAL,Nagireddiguda,3237051.637771474,3837375.8874123115
RANGA REDDY,SHANKARPALLE,Parveda Khalsa,3284508.7773158266,3801338.7465998116
RANGA REDDY,SHANKARPALLE,Parveda (Chanchalam),3282453.7440154324,3801498.246770008
RANGA REDDY,KADTHAL,Cherikonda Pattikalwakurthy,3230978.994153283,3858664.856331355
RANGA REDDY,KADTHAL,Pattipadkal,3231990.552617663,3855325.672325233
RANGA REDDY,SHAMSHABAD,Peddatopra,3260556.3907391788,3828313.209961059
RANGA REDDY,FAROOQNAGAR,Ramakrishnapur,3240084.089797678,3811983.2885612957
RANGA REDDY,IBRAHIMPATNAM,Tadlakalva,3256349.7633221108,3852955.7803833717
RANGA REDDY,IBRAHIMPATNAM,Yeliminedu,3254663.6286587156,3852005.0999756297
RANGA REDDY,IBRAHIMPATNAM,Yerrakunta,3253390.305522687,3854093.9910494825
RANGA REDDY,FAROOQNAGAR,Thimmajipalle,3238696.251923622,3812459.7822724185
RANGA REDDY,IBRAHIMPATNAM,Ramreddiguda,3259327.6427302407,3853203.4081304125
RANGA REDDY,MANCHAL,Srimanthuguda,3243191.4345527804,3872841.706944966
RANGA REDDY,NANDIGAMA,Veerlapalle,3252645.2582240463,3813695.2078802567
RANGA REDDY,FAROOQNAGAR,Kammadanam,3242026.2313158605,3813762.4819127107
RANGA REDDY,FAROOQNAGAR,Suryaraoguda,3242973.331461175,3815891.5743675623
HYDERABAD,BANDLAGUDA,GHMC,3275043.84972755,3840388.775183985
HYDERABAD,BAHADURPURA,GHMC,3277391.9810589016,3837239.7811410297
HYDERABAD,GOLCONDA,GHMC,3280669.4472424663,3832280.2805207497
RANGA REDDY,GANDIPET,GHMC,3284924.114514841,3829495.9963842914
HYDERABAD,SHAIKPET,GHMC,3283756.669034203,3834327.2646997445
HYDERABAD,ASIFNAGAR,GHMC,3280944.7310353746,3836733.044584543
HYDERABAD,NAMPALLY,GHMC,3280910.244136005,3839645.4530052003
HYDERABAD,CHARMINAR,GHMC,3278361.32482964,3840548.7189807785
HYDERABAD,SAIDABAD,GHMC,3278495.167516548,3844070.8898503035
HYDERABAD,AMBERPET,GHMC,3281146.3166430676,3843719.0324179577
HYDERABAD,MUSHEERABAD,Osmania University (CT),3283808.024478573,3845080.264782829
HYDERABAD,HIMAYATHNAGAR,GHMC,3282446.4798969296,3841460.3656124575
HYDERABAD,MUSHEERABAD,GHMC,3284426.1407498703,3842922.2112166286
HYDERABAD,MAREDPALLE,GHMC,3287176.0529462984,3845050.7167388517
HYDERABAD,SECUNDERABAD,GHMC,3286423.2555846637,3841457.802239135
HYDERABAD,AMEERPET,GHMC,3287066.6400820864,3837472.7379684607
HYDERABAD,KHAIRATABAD,GHMC,3285139.7739779125,3837186.129401156
KARIMNAGAR,MANAKONDUR,Karimnagar (M.Corp.),3393066.015267316,3913638.1967580924
PEDDAPALLI,MANTHANI,Manthani (Part),3420093.893909363,3965874.430210829
KHAMMAM,ENKOOR,Kesupally,3279976.646875036,4046444.099812687
KHAMMAM,MADHIRA,Tondalagoparam,3223279.359888583,4044447.5883588716
KHAMMAM,YERRUPALEM,Banigellapadu,3223779.497835774,4050754.725346964
KHAMMAM,YERRUPALEM,Rajupalem,3223645.159068444,4059368.8845946686
KHAMMAM,MADHIRA,Illuru,3223376.58349188,4039107.4358217223
KHAMMAM,YERRUPALEM,Meenavolu,3223792.8081743736,4047435.434079342
KHAMMAM,MUDIGONDA,Mudigonda,3258604.32614394,4010001.1454848014
KHAMMAM,KALLURU,Korlagudem,3258936.2938538846,4063648.299946476
KHAMMAM,BONAKAL,Chinnabeeravalli,3243159.4764595767,4033504.0380454175
KHAMMAM,NELAKONDAPALLI,Cheruvumadharam,3241166.520505547,4008264.0737409736
KHAMMAM,BONAKAL,Garlapadu,3244230.5332478695,4028009.469070832
KHAMMAM,MADHIRA,Jalimudi,3243738.4700211748,4040625.4068360515
KHAMMAM,RAGHUNADHAPALEM,Manchukonda,3276258.5020620264,4023031.9030478043
KHAMMAM,RAGHUNADHAPALEM,Chimmapudi,3276847.2864269954,4020379.165735824
KHAMMAM,ENKOOR,Tutukalingannapeta,3276165.778520042,4044637.3558748
KHAMMAM,THIRUMALAYAPALEM,Tippareddygudem,3277746.1715222653,3997860.2520248825
KHAMMAM,KAMEPALLY,Kamepally,3286819.6725094146,4028915.444199353
KHAMMAM,SINGARENI,Manikyaram,3290094.712270353,4035874.2501650783
KHAMMAM,KALLURU,Gokaram,3261413.6423251857,4061053.408872535
KHAMMAM,KUSUMANCHI,Nelapatla,3260213.396763883,3999272.675511397
KHAMMAM,KHAMMAM (RURAL),Gudimalla,3260112.8431915757,4013477.259541658
KHAMMAM,KALLURU,Bathulapalli,3263846.748382944,4060377.824887429
KHAMMAM,KHAMMAM (RURAL),Gurralapadu,3263659.1954967733,4011494.7821995537
KHAMMAM,KALLURU,Lokaram,3263491.887090561,4053939.6171139744
KHAMMAM,TALLADA,Mallaram,3263208.2503439053,4042211.452167899
KHAMMAM,NELAKONDAPALLI,Kattukacharam,3236139.4894534424,4007254.0075993524
KHAMMAM,NELAKONDAPALLI,Kongara,3238183.9725634395,4006901.4368902175
KHAMMAM,PENUBALLI,Tekulapalli,3261145.6209569233,4066319.38689385
KHAMMAM,TALLADA,Tallada,3260806.0484207147,4044277.120040884
KHAMMAM,PENUBALLI,Penuballi,3262600.913737393,4070572.703452922
KHAMMAM,KHAMMAM (RURAL),Theldarupalli,3262005.8773849844,4008909.5254406
KHAMMAM,SATHUPALLY,Yathalakunta,3272991.8904117206,4083893.6291853953
KHAMMAM,RAGHUNADHAPALEM,Koyachalaka,3273520.8388296682,4020627.6172078755
KHAMMAM,ENKOOR,Enkoor,3273020.824541118,4046920.4906520904
KHAMMAM,ENKOOR,Arekayalapdu,3273710.442528969,4039902.7944100862
KHAMMAM,KHAMMAM (RURAL),Pallegudem,3269912.119185268,4011164.299593998
KHAMMAM,YERRUPALEM,Gatlagowraram,3216422.0574542987,4061763.896764809
KHAMMAM,YERRUPALEM,Remidicherla,3215609.718896558,4053955.1615643464
KHAMMAM,YERRUPALEM,Jamalapuram,3219440.494594218,4056812.0292917946
KHAMMAM,YERRUPALEM,Yerrupalem,3219374.2380870157,4050489.667154291
KHAMMAM,MADHIRA,Chilukuru,3220398.4928396223,4041043.1773737385
KHAMMAM,MADHIRA,Torlapadu,3222399.4645529655,4046057.1622075886
KHAMMAM,MADHIRA,Khammampadu,3223405.5453143385,4041779.697429304
KHAMMAM,YERRUPALEM,Peddagoparam,3222259.789411845,4052874.683166585
KHAMMAM,YERRUPALEM,Choppakatlapalem,3225257.021626075,4050904.6245623794
KHAMMAM,YERRUPALEM,Takkellapadu,3225969.2461528857,4047727.5647302074
KHAMMAM,MADHIRA,Rayapatnam,3225597.1101815347,4036631.9758279826
KHAMMAM,YERRUPALEM,Sakhinaveedu,3227609.042503133,4047437.4569413424
KHAMMAM,YERRUPALEM,Mamnoor,3226591.5398060293,4055057.2632553014
KHAMMAM,YERRUPALEM,Kacharam,3227137.2607565243,4061093.330076403
KHAMMAM,MADHIRA,Dendukuru,3226240.6644075806,4042849.4559099777
KHAMMAM,YERRUPALEM,Mulugumadu,3228345.91026633,4048386.238966362
KHAMMAM,MADHIRA,Nidanapuram,3229114.762326833,4043948.3280221876
KHAMMAM,YERRUPALEM,Inagali,3229536.454033455,4049039.99783059
KHAMMAM,YERRUPALEM,Ayyavarigudem,3229718.523380516,4053583.197639343
KHAMMAM,YERRUPALEM,Gosaveedu,3230317.696782142,4050550.861246574
KHAMMAM,MADHIRA,Madupalli (Part),3229781.0165863833,4035114.260989324
KHAMMAM,MADHIRA,Siddinenigudem,3232031.6477268166,4047935.2704606857
KHAMMAM,MADHIRA,Nakkalagarubu,3232518.879815774,4036786.5185880554
KHAMMAM,MUDIGONDA,Mallaram,3238852.2567042382,4014638.6401827065
KHAMMAM,BONAKAL,Kalakota,3239064.5876949416,4034844.0522872563
KHAMMAM,BONAKAL,Govindapuram,3236458.7740512,4032128.8537531937
KHAMMAM,SINGARENI,Usirikayalapally,3297698.0530930096,4034120.1837060153
KHAMMAM,CHINTHAKANI,Bashwapuram,3258392.369028134,4019322.760061862
KHAMMAM,KALLURU,Narayanapuram,3259428.475450494,4060688.8198829866
KHAMMAM,SATHUPALLY,Kommepally,3258678.397346085,4082256.2657548147
KHAMMAM,MADHIRA,Madhira (M),3230278.303935596,4039713.6763974996
KHAMMAM,MADHIRA,Athkuru,3233535.992532291,4039311.8447878407
KHAMMAM,BONAKAL,Motamarri,3234266.318297835,4033887.3687782553
KHAMMAM,MADHIRA,Vangaveedu,3235152.4005386527,4036463.847710601
KHAMMAM,BONAKAL,Allapadu,3238701.690545777,4031812.4940385385
KHAMMAM,YERRUPALEM,Bheemavaram,3230755.9423007835,4056570.419490922
KHAMMAM,MADHIRA,Nagarappadu,3232452.7790718167,4045533.096726469
KHAMMAM,YERRUPALEM,Guntupalligoparam,3231765.8071243754,4059049.554641688
KHAMMAM,MADHIRA,Maturu,3231592.76872991,4044371.9886483764
KHAMMAM,VEMSOOR,Kunchaparthy,3248377.4030305417,4076511.3230413566
KHAMMAM,KAMEPALLY,Garidepally,3282518.3321553655,4018053.2304133195
KHAMMAM,CHINTHAKANI,Lachagudem,3256017.3915899703,4021736.791709755
KHAMMAM,KAMEPALLY,Maddulapally,3280684.317180019,4033403.0471245963
KHAMMAM,TALLADA,Annarugudem,3266722.4064462283,4046148.6887582405
KHAMMAM,PENUBALLI,Ramachandrapuram,3268736.6687022476,4078602.763456765
KHAMMAM,THIRUMALAYAPALEM,Jupeda,3270894.2503880947,3986257.198663206
KHAMMAM,KALLURU,Laxmipuram,3267070.2274721693,4061072.0625912542
KHAMMAM,KONIJERLA,Singaraipalem,3264691.329340163,4037376.151239747
KHAMMAM,SATHUPALLY,Jaganadhapuram,3265401.4184907433,4084331.1469118944
KHAMMAM,PENUBALLI,Lingagudem,3267819.3328075507,4070096.724451125
KHAMMAM,THIRUMALAYAPALEM,Tallacheruvu,3269962.868669967,3998364.079463173
KHAMMAM,KHAMMAM (RURAL),Polepally,3269622.198521565,4012969.9985755333
KHAMMAM,THIRUMALAYAPALEM,Kokkireni,3269185.225390931,4002643.996547309
KHAMMAM,THIRUMALAYAPALEM,Raghunadhapalem,3273415.256439498,3985033.2686647614
KHAMMAM,THIRUMALAYAPALEM,Kakaravai,3272391.9529703623,3982077.497225113
KHAMMAM,KHAMMAM (RURAL),Kamanchikal,3273001.6293638367,4015697.908462873
KHAMMAM,THIRUMALAYAPALEM,Hasnabad,3273950.6535340175,3989839.9690549457
KHAMMAM,CHINTHAKANI,Chinthakani,3252986.324174056,4021626.1458846666
KHAMMAM,SATHUPALLY,Sadhasivunipalem,3255540.6850635484,4087713.89669956
KHAMMAM,PENUBALLI,Gollagudem,3259391.6808195673,4077813.4182483032
KHAMMAM,NELAKONDAPALLI,Rajeswarapuram,3254682.6072893073,3999466.881213296
KHAMMAM,KONIJERLA,Munagala,3255745.381397027,4031960.350482834
KHAMMAM,KALLURU,Chennuru,3252443.5918810507,4051942.1078153774
KHAMMAM,KUSUMANCHI,Jakkepalli,3252670.969075334,3996225.3732140316
KHAMMAM,WYRA,Punyapuram,3253771.3743899534,4043929.613751496
KHAMMAM,KAMEPALLY,Nemalipury,3286611.8343407284,4023045.057116469
KHAMMAM,KAMEPALLY,Lingala,3285034.1704561086,4025643.229986014
KHAMMAM,KUSUMANCHI,Munigepalli,3260747.8808443705,4002984.8350510765
KHAMMAM,BONAKAL,Choppakatlapalem,3240587.4284151415,4022491.195832412
KHAMMAM,BONAKAL,Bonakal,3239996.6939684455,4027809.1435773065
KHAMMAM,MADHIRA,Mallaram,3241541.83496704,4040999.4033005945
KHAMMAM,NELAKONDAPALLI,Buddaram,3241200.3114263336,4006067.276648176
KHAMMAM,BONAKAL,Narayanpuram,3241389.246102969,4032271.5853128918
KHAMMAM,MUDIGONDA,Peddamandava,3241005.4945599423,4015487.122633444
KHAMMAM,BONAKAL,Brahmanapalli (K),3242177.139739944,4036160.2595701125
KHAMMAM,BONAKAL,Chirunomula,3241177.4114362127,4025801.3994148895
KHAMMAM,MUDIGONDA,Vallabhi,3240143.9666308956,4011636.841293507
KHAMMAM,CHINTHAKANI,Chinnamandava,3241823.4799263976,4019155.8451058064
KHAMMAM,BONAKAL,Ravinuthala,3242628.106790284,4029251.434132477
KHAMMAM,MADHIRA,Rompimalla,3241843.6338094966,4038449.5679030833
KHAMMAM,BONAKAL,Mustikuntla,3242484.6519646687,4023650.453224931
KHAMMAM,BONAKAL,Rapalli,3244450.0282337023,4036474.2479924457
KHAMMAM,BONAKAL,Peddabeeravalli,3244315.5444844086,4031583.5939336703
KHAMMAM,BONAKAL,Ramapuram,3244525.7191845863,4025642.37379493
KHAMMAM,MUDIGONDA,Banapuram,3244845.4060452404,4012332.196448134
KHAMMAM,KALLURU,Telgaram (IW),3245123.7028033515,4050335.9030344496
KHAMMAM,KALLURU,Chinnakorukondi,3244218.5664447453,4047495.908868946
KHAMMAM,NELAKONDAPALLI,Painampally,3245361.0754711297,4003943.581508353
KHAMMAM,WYRA,Paladugu,3246003.0272326833,4034770.602507794
KHAMMAM,NELAKONDAPALLI,Ramachandrapuram,3246536.659504398,4001341.2745715994
KHAMMAM,VEMSOOR,Bharanipadu,3245449.1225885856,4090088.4116764823
KHAMMAM,NELAKONDAPALLI,Tirumalapuram,3246862.950642205,4005236.986329688
KHAMMAM,WYRA,Vallapuram,3246260.062728988,4032271.8089063275
KHAMMAM,NELAKONDAPALLI,Biravunapally,3246302.1543688923,4007406.642105072
KHAMMAM,VEMSOOR,Vennachedu,3246387.3192009297,4084899.22989475
KHAMMAM,KALLURU,Talluru,3246894.154683611,4045552.057702115
KHAMMAM,WYRA,Dachapuram,3247456.5259343716,4041197.018999727
KHAMMAM,MUDIGONDA,Gandhasiri,3246791.684871138,4016265.2733752434
KHAMMAM,WYRA,Gannavaram,3245944.6706914576,4038741.09465924
KHAMMAM,KALLURU,Vennavalli,3247010.2890546434,4051868.500888913
KHAMMAM,NELAKONDAPALLI,Nachepally,3246728.1837323275,4009191.596023473
KHAMMAM,CHINTHAKANI,Thimminenipalem,3245858.3636852293,4018963.3853394426
KHAMMAM,BONAKAL,Laxmipuram,3246919.5079787294,4028740.325792013
KHAMMAM,MUDIGONDA,Kamalapuram,3247586.1831551013,4012827.473759718
KHAMMAM,WYRA,Astanagurthi,3248381.8454594635,4033176.9118839623
KHAMMAM,YERRUPALEM,Tatigudem,3221769.5787612563,4057682.757468865
KHAMMAM,MADHIRA,Yendapalli,3240182.6432723845,4040996.732126427
KHAMMAM,MUDIGONDA,Gangapuram D,3242835.12606736,4015412.7683211444
KHAMMAM,MUDIGONDA,Narsapuram D,3244215.4425243377,4015670.804635839
KHAMMAM,TALLADA,Baswapuram,3249215.3976454097,4045413.3840486035
KHAMMAM,CHINTHAKANI,Nagulavancha,3245979.155101062,4022408.208170537
KHAMMAM,WYRA,Garikapadu,3249417.0102913836,4041050.7888823366
KHAMMAM,WYRA,Khanapuram,3249215.383421948,4038735.349630601
KHAMMAM,MUDIGONDA,Pandregipally,3256596.943529317,4015938.154974369
KHAMMAM,PENUBALLI,Karaigudem,3256333.522968457,4071051.8798084506
KHAMMAM,PENUBALLI,Kuppenakuntla,3257192.8834573203,4067613.8999992157
KHAMMAM,SINGARENI,Relakayalapally,3292020.7716632485,4041214.468089134
KHAMMAM,SATHUPALLY,Rejerla,3258375.045365735,4085618.126250533
KHAMMAM,PENUBALLI,Tummalapalli,3259811.6277957927,4068097.8183733807
KHAMMAM,KUSUMANCHI,Jujjularaopeta,3258821.54579264,3992708.1814260026
KHAMMAM,MUDIGONDA,Yedavelli,3259357.2177358074,4005478.9054767676
KHAMMAM,KONIJERLA,Konijerla,3263257.6546377786,4029765.1744902125
KHAMMAM,WYRA,Wyra (M),3261052.9469486936,4039557.1418078896
KHAMMAM,KHAMMAM URBAN,Khammam (M.Corp.),3265087.31368775,4017823.9140210412
KHAMMAM,WYRA,Lingannapalem,3249610.8158589415,4042888.647329792
KHAMMAM,MUDIGONDA,Ammapeta,3249613.2064017714,4015008.0025508953
KHAMMAM,CHINTHAKANI,Patharlapadu,3248592.339292384,4025027.4425279293
KHAMMAM,KALLURU,Peddakorukondi,3248518.466531854,4048979.3492671936
KHAMMAM,VEMSOOR,Chowdaram (Ogiralavada),3254929.8178105666,4079256.98334936
KHAMMAM,KALLURU,Raghunadhagudem,3254532.249525599,4059328.351205452
KHAMMAM,KUSUMANCHI,Perikasingaram,3255475.784730229,3993690.9413944827
KHAMMAM,WYRA,Siripuram (KG),3255410.1503350777,4042229.8921242002
KHAMMAM,KHAMMAM (RURAL),Kondapuram,3266617.807336058,4003791.286466036
KHAMMAM,TALLADA,Billupadu,3265079.113281642,4047957.3684550147
KHAMMAM,SINGARENI,Singareni,3294315.3637341727,4029953.4792474513
KHAMMAM,BONAKAL,Thutikuntla,3249423.717157142,4030288.362257374
KHAMMAM,NELAKONDAPALLI,Anasagar,3249781.909290518,4007820.6454058406
KHAMMAM,NELAKONDAPALLI,Mandrajupally,3249410.7653274513,4000961.4899818785
KHAMMAM,NELAKONDAPALLI,Nelakondapally,3249229.8746128944,4005840.540097991
KHAMMAM,NELAKONDAPALLI,Singireddypalem,3249582.27865542,4004021.780170826
KHAMMAM,KALLURU,Ravikampadu,3250162.7291365755,4051786.9770702138
KHAMMAM,VEMSOOR,Guduru,3250342.9945570435,4074598.16955499
KHAMMAM,VEMSOOR,Duddepudi,3250009.8365752124,4090842.6400253563
KHAMMAM,WYRA,Gollenapadu,3250701.7618546304,4033274.13107146
KHAMMAM,TALLADA,Kalakodima,3251126.18812293,4048011.301776618
KHAMMAM,VEMSOOR,Ammapalem,3248596.7682947745,4081103.4697345807
KHAMMAM,MUDIGONDA,Vallapuram,3250057.002400146,4016779.853070281
KHAMMAM,PENUBALLI,Ganeshpadu,3250689.0950309574,4070088.4745153245
KHAMMAM,WYRA,Rebbavaram,3251257.989842919,4035547.757815296
KHAMMAM,VEMSOOR,Kandukuru,3248338.5714811916,4088026.655199329
KHAMMAM,CHINTHAKANI,Repallevada,3251277.727928026,4024678.124235309
KHAMMAM,NELAKONDAPALLI,Chennaram,3251390.665446167,3999231.9323431686
KHAMMAM,NELAKONDAPALLI,Konaigudem,3252205.743571857,4002939.8389759506
KHAMMAM,MUDIGONDA,Pammi,3250598.189843188,4011935.474103613
KHAMMAM,NELAKONDAPALLI,Mujjugudem,3251720.1987875546,4007289.651011604
KHAMMAM,WYRA,Kondakodima,3251636.8487419616,4038296.669130168
KHAMMAM,CHINTHAKANI,Mathikepally,3250556.368356454,4019517.4831502065
KHAMMAM,TALLADA,Kurnavalli,3251628.9302095054,4045021.294527053
KHAMMAM,WYRA,Veppalamadaka,3251798.112061731,4042766.194451425
KHAMMAM,WYRA,Narapunenipalli,3251949.4918242632,4040751.003300371
KHAMMAM,NELAKONDAPALLI,Acharlagudem,3252170.3422362474,4004299.962689204
KHAMMAM,KONIJERLA,Kondavanamala,3252391.3973859875,4031683.112828741
KHAMMAM,CHINTHAKANI,Nagiligonda,3252397.785877384,4029042.517206718
KHAMMAM,VEMSOOR,Kallurugudem,3251693.761458064,4077969.6345273843
KHAMMAM,NELAKONDAPALLI,Guvvalagudem,3253403.232481265,4006662.8228059327
KHAMMAM,KALLURU,Erraboinapalli,3252944.846544692,4055412.0985006006
KHAMMAM,KONIJERLA,Kacharam H,3253428.69007773,4033717.658263869
KHAMMAM,NELAKONDAPALLI,Aregudem,3253891.775466303,4003295.41479195
KHAMMAM,VEMSOOR,Adasarlapadu,3252665.066421631,4074041.3376919557
KHAMMAM,MUDIGONDA,Chirumarri,3253531.763153703,4011677.920240629
KHAMMAM,WYRA,Musalimadugu,3254152.77770438,4038839.9450843255
KHAMMAM,TALLADA,Telagaram,3259934.8583712,4047587.1493439744
KHAMMAM,PENUBALLI,Bayyannagudem,3259983.8520227876,4071144.845764949
KHAMMAM,KONIJERLA,Wyra (M),3260068.5979513903,4033968.300610522
KHAMMAM,MUDIGONDA,Gokinapally,3255277.3227586118,4007290.360796639
KHAMMAM,CHINTHAKANI,Pandillapally,3254896.8313621264,4017675.670942202
KHAMMAM,KUSUMANCHI,Mallepally,3256024.442742117,3996301.1675855005
KHAMMAM,SATHUPALLY,Thumburu,3254357.4179230025,4090331.9336550166
KHAMMAM,CHINTHAKANI,Ananthasagar,3255395.9539758167,4019206.9331594463
KHAMMAM,VEMSOOR,Yerragunta,3255075.6448116554,4081988.807526475
KHAMMAM,TALLADA,Ramanujavaram,3256638.346779069,4048150.865376188
KHAMMAM,PENUBALLI,Kondrupadu,3255374.9289886695,4073719.3385944325
KHAMMAM,KUSUMANCHI,Rajupeta,3254131.6707859025,3992127.247513156
KHAMMAM,MUDIGONDA,Muttharam,3252953.0415586173,4015305.6697245124
KHAMMAM,TALLADA,Muddunuru,3253690.5296855965,4047186.611787721
KHAMMAM,WYRA,Poosalapadu,3254381.082989787,4041068.037572124
KHAMMAM,PENUBALLI,Telgaram,3253399.7470713225,4069081.4263720224
KHAMMAM,KALLURU,Yagnanarayanapuram,3254443.249601626,4050585.378021073
KHAMMAM,WYRA,Tatipudi,3254037.997422615,4036035.43322485
KHAMMAM,VEMSOOR,Vemsoor,3252237.372408069,4084682.56265757
KHAMMAM,PENUBALLI,Chinthagudem,3254220.6096990453,4066398.3888024287
KHAMMAM,TALLADA,Laxmipuram,3254979.1415116326,4049153.991309239
KHAMMAM,KAMEPALLY,Kondaigudem,3282140.302835645,4022461.2597445156
KHAMMAM,KAMEPALLY,Govindrala,3284642.6830828344,4022635.1948467335
KHAMMAM,KAMEPALLY,Ponnekal,3284815.4689541766,4019220.507599565
KHAMMAM,ENKOOR,Burdaragavapuram,3281101.134707926,4040666.931423902
KHAMMAM,TALLADA,Mittapalli,3257225.0704506915,4047743.045536315
KHAMMAM,KALLURU,Peruvancha,3256243.857704745,4062965.836793666
KHAMMAM,TALLADA,Pinapaka,3257503.2722725137,4043797.665097945
KHAMMAM,MUDIGONDA,Medepally,3257531.7602428794,4007110.6675075414
KHAMMAM,KALLURU,Mucharam,3257254.9844084783,4052266.4775062283
KHAMMAM,MUDIGONDA,Madhapuram,3257946.1150942054,4001617.268983269
KHAMMAM,MUDIGONDA,Katkoor,3256730.014573927,4003134.833891413
KHAMMAM,KUSUMANCHI,Bhagatveedu,3258194.585704618,3990178.142479187
KHAMMAM,KALLURU,Gopaladeviboinapally,3256357.9168293495,4054985.195508416
KHAMMAM,MUDIGONDA,Venkatapuram,3257828.775210099,4008385.182496343
KHAMMAM,SATHUPALLY,Siddharam (Part),3257774.9566046936,4088363.2055934044
KHAMMAM,KALLURU,Chandrupatla,3256581.5743443575,4058119.8802888966
KHAMMAM,TALLADA,Kodavatimetta,3258456.6939680264,4041196.085099345
KHAMMAM,PENUBALLI,Adavimallayala,3258484.309426127,4074691.4895145767
KHAMMAM,KALLURU,Payapur,3258699.748773288,4054661.916331364
KHAMMAM,KONIJERLA,Goparam,3258478.7276707436,4032576.90605515
KHAMMAM,KUSUMANCHI,Gattusingaram,3258522.843568598,3995810.6419381276
KHAMMAM,WYRA,Somavaram (Part),3257380.0372734885,4037493.215953899
KHAMMAM,KUSUMANCHI,Nayakangudem,3259489.38546244,3988765.7235610513
KHAMMAM,KALLURU,Khankhanpeta,3260211.2164668,4059184.277476281
KHAMMAM,SATHUPALLY,Sathupalli (M),3261961.7621975276,4087250.9978578254
KHAMMAM,KONIJERLA,Gopathi,3257547.3157877545,4027084.823131933
KHAMMAM,CHINTHAKANI,Kodumuru,3259163.3928287984,4022275.291736808
KHAMMAM,TALLADA,Nutankal,3260392.9346763743,4051915.035226338
KHAMMAM,KONIJERLA,Gundrathimadugu (Part),3262090.0413556066,4035272.7792246784
KHAMMAM,PENUBALLI,Mandalapadu,3261876.114833294,4074540.919393487
KHAMMAM,TALLADA,Rejerla,3262327.6835657246,4048543.0860211453
KHAMMAM,SATHUPALLY,Bethupally,3259548.9370024838,4093313.154985026
KHAMMAM,CHINTHAKANI,Vandanam,3262217.94589559,4023544.403231449
KHAMMAM,KONIJERLA,Ammapalem,3261997.1398136183,4026564.0397158056
KHAMMAM,SATHUPALLY,Kistaram,3262409.751031005,4082385.099354833
KHAMMAM,KALLURU,Kalluru,3262019.3390257065,4056942.989244218
KHAMMAM,KUSUMANCHI,Jeellacheruvu,3263734.301158703,4000649.665256647
KHAMMAM,PENUBALLI,Lankapalli,3262733.0871047443,4078939.9517422644
KHAMMAM,KUSUMANCHI,Paleru,3262875.397844854,3991007.369332775
KHAMMAM,SATHUPALLY,Kakarlapally,3264147.088044046,4088681.613556627
KHAMMAM,KHAMMAM (RURAL),Maddulapally,3264670.7320389203,4008723.938112813
KHAMMAM,PENUBALLI,Tallapenta,3264088.726028947,4064696.198620116
KHAMMAM,TALLADA,Vengannapeta,3264153.5695141857,4050697.211877276
KHAMMAM,RAGHUNADHAPALEM,V.Venkatayapalem,3265183.877460086,4023920.436852232
KHAMMAM,KHAMMAM (RURAL),Tallampadu,3264132.9282378578,4005565.571374025
KHAMMAM,KUSUMANCHI,Kusumanchi,3264102.421919066,3995003.168085217
KHAMMAM,ENKOOR,Nukalampadu,3267466.5183357554,4040894.3680606727
KHAMMAM,KHAMMAM (RURAL),Yedulapuram,3266590.1012866804,4011898.035624218
KHAMMAM,KONIJERLA,Mallupally,3266287.734104129,4032906.154898401
KHAMMAM,KONIJERLA,Thanikella,3265385.293923131,4026305.0281608496
KHAMMAM,TALLADA,Balapeta,3266575.315372699,4042918.408457849
KHAMMAM,KUSUMANCHI,Chegomma,3266731.0416759425,3999704.418232504
KHAMMAM,PENUBALLI,Chowdaram,3266054.603828403,4074507.1629850315
KHAMMAM,RAGHUNADHAPALEM,Vepakuntla,3267904.2636751398,4024416.216282198
KHAMMAM,KUSUMANCHI,Gaigollapalli,3267674.9307127963,3988852.166214518
KHAMMAM,KHAMMAM (RURAL),Mutthagudem,3268496.5485008275,4009484.8690031045
KHAMMAM,THIRUMALAYAPALEM,Rajaram,3268511.3812321443,3986072.9143118453
KHAMMAM,PENUBALLI,Gowararam,3265823.718484663,4071481.3167131175
KHAMMAM,KHAMMAM (RURAL),Arempula,3268477.0286285025,4006765.8099654876
KHAMMAM,KUSUMANCHI,Pocharam,3268693.0925525986,3994905.3355817185
KHAMMAM,KUSUMANCHI,Chowtapally,3267881.0598980403,3991407.8226680104
KHAMMAM,THIRUMALAYAPALEM,Solipuram,3269361.4575462183,3981928.941434732
KHAMMAM,THIRUMALAYAPALEM,Pinampally,3269335.331673587,3984075.832530067
KHAMMAM,SATHUPALLY,Cherukupally,3267814.3300292515,4081880.138790478
KHAMMAM,PENUBALLI,Bhavnnapalem,3269953.5583893117,4074963.52191325
KHAMMAM,KONIJERLA,Thummalapally,3268144.0801961087,4029526.870200273
KHAMMAM,TALLADA,Gopalpeta,3270157.421952363,4047542.409804639
KHAMMAM,WYRA,Gollapudi,3248280.831495462,4036298.5906428443
KHAMMAM,VEMSOOR,Kondrugatlamallela,3247765.1634498173,4071411.8689014902
KHAMMAM,NELAKONDAPALLI,Surdeypally,3248487.8472641376,3999279.0572400186
KHAMMAM,NELAKONDAPALLI,Bodulabanda,3248895.1571944584,4002805.9144091504
KHAMMAM,CHINTHAKANI,Prothutoor,3250548.944890751,4027657.549887803
KHAMMAM,CHINTHAKANI,Nerada,3254709.7744660485,4024827.754106044
KHAMMAM,MUDIGONDA,Kanapuram,3256025.7664645594,4014092.378300344
KHAMMAM,VEMSOOR,Pallevada,3256904.8573028883,4077661.5061547444
KHAMMAM,MUDIGONDA,Suvarnapuram,3256235.848791294,4012381.3896007347
KHAMMAM,PENUBALLI,Yerugatla,3264300.154560982,4077149.8058880437
KHAMMAM,SINGARENI,Vishwanadhapally,3290557.3367323168,4027646.369549254
KHAMMAM,THIRUMALAYAPALEM,Bachodu,3271142.96585097,3989378.660438152
KHAMMAM,THIRUMALAYAPALEM,Bandampally,3271429.2238240372,3992344.3026761226
KHAMMAM,RAGHUNADHAPALEM,Ragunadhapalem,3270432.077207802,4022555.871021279
KHAMMAM,RAGHUNADHAPALEM,Mallepalli Chinthagurthy,3271325.2931770296,4025822.241249763
KHAMMAM,KHAMMAM (RURAL),Arekodu,3271501.467772477,4006712.9892305243
KHAMMAM,ENKOOR,Medepally,3273147.879254623,4050656.9192333617
KHAMMAM,SATHUPALLY,Rudrakashapally,3269806.474635331,4089170.5189979877
KHAMMAM,THIRUMALAYAPALEM,Thirumalayapalem,3271752.1889300654,4004201.9165207054
KHAMMAM,THIRUMALAYAPALEM,Laxmidevipally,3273180.49464526,3988712.503185108
KHAMMAM,RAGHUNADHAPALEM,Regulachalaka,3271614.561427727,4018397.4672140903
KHAMMAM,KHAMMAM (RURAL),Gollapadu,3272510.05122733,4012814.9604872167
KHAMMAM,KHAMMAM (RURAL),M.VenkatayapalemPalem,3272104.4597647996,4010045.425418567
KHAMMAM,THIRUMALAYAPALEM,Muzahidpuram,3273084.8672017027,3980125.318230946
KHAMMAM,THIRUMALAYAPALEM,Beerolu,3271974.801140223,3995183.402814107
KHAMMAM,ENKOOR,Jannaram,3271418.3982871897,4042952.338591884
KHAMMAM,THIRUMALAYAPALEM,Tettelapadu,3272850.6934969467,3998071.8335243897
KHAMMAM,KHAMMAM (RURAL),Gudurupadu,3274856.0791172823,4010952.9305060506
KHAMMAM,KHAMMAM (RURAL),Kachirajugudem,3274613.2015832006,4007432.1023091506
KHAMMAM,KONIJERLA,Gubbagurthi,3270718.7183720246,4036475.914371866
KHAMMAM,THIRUMALAYAPALEM,Edullacheruvu,3274835.314908181,4003148.005861642
KHAMMAM,THIRUMALAYAPALEM,Sublaidu,3275752.8508355045,3989709.991283779
KHAMMAM,KHAMMAM (RURAL),Daredu,3275673.2444790844,4017104.744914499
KHAMMAM,THIRUMALAYAPALEM,Medidapally,3274889.0184193244,3993545.5999145005
KHAMMAM,THIRUMALAYAPALEM,Pindiprolu,3274964.7118874053,3999860.044314131
KHAMMAM,KHAMMAM (RURAL),Thanagampadu,3276564.536642411,4010588.6681367247
KHAMMAM,RAGHUNADHAPALEM,Earlapudi,3274902.3798168763,4029857.657713195
KHAMMAM,SATHUPALLY,Regallapadu,3275981.163386368,4088297.9450754896
KHAMMAM,ENKOOR,Nacharam,3276087.4593678564,4050281.9757741885
KHAMMAM,THIRUMALAYAPALEM,Mahamadapuram,3277820.497681457,3991142.8208968784
KHAMMAM,THIRUMALAYAPALEM,Patharlapadu,3277342.391151583,3994959.32714676
KHAMMAM,KHAMMAM (RURAL),Theerdhala,3277688.647460737,4014570.1231582016
KHAMMAM,KAMEPALLY,Kommenapally,3279754.2847990263,4023147.6215161667
KHAMMAM,THIRUMALAYAPALEM,Jallepally,3280073.4768200885,3995632.884339972
KHAMMAM,ENKOOR,Raimadharam,3279691.835013712,4035991.8225601967
KHAMMAM,ENKOOR,Timmaraopeta,3279028.501413954,4037961.9018399264
KHAMMAM,RAGHUNADHAPALEM,Papapatapally,3279493.15191593,4019229.3494624523
KHAMMAM,KAMEPALLY,Mucharla,3279933.872078421,4028556.5812409376
KHAMMAM,THIRUMALAYAPALEM,Hydersaipeta,3280842.393109212,3998092.6726747835
KHAMMAM,KAMEPALLY,Jasthipally,3284535.182638125,4032209.3245926728
KHAMMAM,KAMEPALLY,Pinjaramadugu,3288419.8198439125,4025334.9506220347
KHAMMAM,SINGARENI,Bajumallaigudem,3287168.305112546,4039593.786058414
KHAMMAM,KAMEPALLY,Utkoor,3288174.212857168,4031891.8415173017
KHAMMAM,SINGARENI,Kamalapuram,3289004.6813165597,4022516.9810884027
KHAMMAM,SINGARENI,Komatlagudem,3292115.848045057,4032219.8282157783
KHAMMAM,SINGARENI,Gatekarepally,3292868.8156676814,4024987.375697058
KHAMMAM,SINGARENI,Perupally,3296510.523513451,4028634.9266785565
KHAMMAM,SINGARENI,Madharam,3297461.448974963,4024729.5326012103
KHAMMAM,KONIJERLA,Yathamkuntla,3259111.0559598696,4029727.8419680316
KHAMMAM,KHAMMAM (RURAL),Barugudem,3266641.9881372815,4008547.7783479854
KHAMMAM,SATHUPALLY,Dacharam,3268721.919552611,4085403.0999871693
KHAMMAM,MADHIRA,Siripuram (PM),3238078.8692084244,4038070.1464506676
KHAMMAM,MADHIRA,Munagala,3234297.7148757237,4037961.309385904
KHAMMAM,YERRUPALEM,Pegallapadu,3220398.945784329,4047611.0911356355
KHAMMAM,YERRUPALEM,Kesireddypalli,3217014.1800829824,4050108.274435311
NAGARKURNOOL,BALMOOR,Polepalle,3178422.6985300565,3842359.7126310756
NAGARKURNOOL,KOLLAPUR,Somasila,3134872.204246337,3822590.745768931
NAGARKURNOOL,URKONDA,Revally,3208556.971388078,3828510.3511146517
NAGARKURNOOL,CHARAKONDA,Sirsangandla,3209650.64496742,3865902.680809824
NAGARKURNOOL,AMRABAD,Lakshmapur (B.K),3171946.9483874193,3885746.333781669
NAGARKURNOOL,NAGARKURNOOL,Peddamudnur,3172144.030664252,3827269.4651093762
NAGARKURNOOL,PEDDAKOTHAPALLY,Vedukaraopalle,3152134.3822828727,3829712.2002243493
NAGARKURNOOL,PEDDAKOTHAPALLY,Dedinenipalle,3162837.162820872,3833137.7743618637
NAGARKURNOOL,LINGAL,Jeelugupalle,3162815.3374206806,3840281.5323301926
NAGARKURNOOL,BIJINAPALLY,Salkarpet,3178368.684003463,3811668.0835067094
NAGARKURNOOL,PADARA,Vankeshwaram,3175913.371080909,3890278.348288409
NAGARKURNOOL,KOLLAPUR,Ramapur,3138948.0221739127,3818962.7691696244
NAGARKURNOOL,UPPUNUNTHALA,Raichedu,3180516.384963816,3864523.905552373
NAGARKURNOOL,PEDDAKOTHAPALLY,Bhavanampalle,3154718.8718529386,3829168.799264911
NAGARKURNOOL,LINGAL,Chandapuram,3155456.170328088,3840038.7965399264
NAGARKURNOOL,PEDDAKOTHAPALLY,Pochapur,3155864.941364282,3828251.012202182
NAGARKURNOOL,VANGOOR,Ummapur,3189314.5552959316,3855590.3258013558
NAGARKURNOOL,VANGOOR,Dindichinthalapalle,3188768.063605357,3852378.79956074
NAGARKURNOOL,KALWAKURTHY,Lingasanipalle,3189055.653268287,3838516.610298061
NAGARKURNOOL,VANGOOR,Annaram,3189066.3252061047,3841134.1455261735
NAGARKURNOOL,PENTLAVELLI,Gopalapuram,3137568.9436415196,3809197.0822559237
NAGARKURNOOL,NAGARKURNOOL,Peddapuram,3175313.302158212,3816975.8503691964
NAGARKURNOOL,LINGAL,Yapatla,3157817.077661292,3833228.9746754323
NAGARKURNOOL,PEDDAKOTHAPALLY,Chinnakarpamula,3159607.146314235,3831328.5344378646
NAGARKURNOOL,NAGARKURNOOL,Nagarkurnool (M),3182341.954835109,3821771.8812785535
NAGARKURNOOL,KOLLAPUR,Machinenipalle,3145286.9982349696,3813651.7543031983
NAGARKURNOOL,ACHAMPET,Brahmanapalle,3175335.8583586174,3868922.0932508116
NAGARKURNOOL,KODAIR,Khanapur,3159024.4672632325,3821308.120834031
NAGARKURNOOL,BALMOOR,Kondareddipalle,3170277.8798206463,3845367.313841423
NAGARKURNOOL,UPPUNUNTHALA,Laxmapur (Pattigodal),3180924.2715350077,3845871.7894116486
NAGARKURNOOL,ACHAMPET,Akkavaram,3178786.796117313,3897156.9009619867
NAGARKURNOOL,PEDDAKOTHAPALLY,Peddakothapalle,3162144.1045177737,3826656.7377908574
NAGARKURNOOL,KALWAKURTHY,Mukural,3192648.7517676284,3842467.9966282733
NAGARKURNOOL,TADOOR,Antharam,3194591.3816268365,3828671.093160281
NAGARKURNOOL,UPPUNUNTHALA,Kamsanipalle,3183448.698430522,3854366.5301251006
NAGARKURNOOL,UPPUNUNTHALA,Zapthisadgode,3184729.8038400654,3850523.479508838
NAGARKURNOOL,UPPUNUNTHALA,Thirumalapur (Pattigodal),3185517.8048904478,3852075.4100365206
NAGARKURNOOL,AMRABAD,Macharam,3171461.282567396,3872527.9987037466
NAGARKURNOOL,ACHAMPET,Puljala,3177914.2449434907,3858160.7433732697
NAGARKURNOOL,VANGOOR,Mittasagude,3187273.5293746777,3849070.310758872
NAGARKURNOOL,ACHAMPET,Siddapur,3185635.7101624645,3878287.9206012315
NAGARKURNOOL,PENTLAVELLI,Jataprole,3133666.6803894406,3812358.3852145863
NAGARKURNOOL,ACHAMPET,Hajipur,3178264.551346491,3862595.227788783
NAGARKURNOOL,ACHAMPET,Rangapur,3173356.342227406,3864409.6652383488
NAGARKURNOOL,TELKAPALLY,Gattunellikuduru,3174315.795976941,3836029.1437762175
NAGARKURNOOL,TELKAPALLY,Lakhnaram,3173577.267785436,3841100.101986988
NAGARKURNOOL,TELKAPALLY,Parvathapuram,3180196.5140257487,3840057.8558265134
NAGARKURNOOL,TELKAPALLY,Chinnamudnur,3179585.2630233336,3831479.6106147827
NAGARKURNOOL,CHARAKONDA,Kamalpur,3202779.88847643,3858109.9117439287
NAGARKURNOOL,THIMMAJIPET,Vedirepalle,3202752.6517560864,3812287.9189071483
NAGARKURNOOL,NAGARKURNOOL,Malkapur,3184655.6488214303,3830464.5884248363
NAGARKURNOOL,UPPUNUNTHALA,Veltur,3184153.744097381,3860079.177050096
NAGARKURNOOL,BIJINAPALLY,Vasanthapur,3189087.4687147974,3816966.9621527493
NAGARKURNOOL,TADOOR,Yengampalle,3189709.7739995136,3831800.3655147045
NAGARKURNOOL,PENTLAVELLI,Manchalakatta,3133859.2521095965,3815422.609427472
NAGARKURNOOL,PENTLAVELLI,Pentlavelli,3137030.736778543,3815455.8855022634
NAGARKURNOOL,KOLLAPUR,Amaragiri,3138397.1413012333,3828383.044025602
NAGARKURNOOL,PENTLAVELLI,Singavaram,3138724.3911208087,3810915.552555648
NAGARKURNOOL,KOLLAPUR,Bollaram,3138853.5055734883,3833104.9368965267
NAGARKURNOOL,TELKAPALLY,Gaddampalle,3176402.7050862857,3828611.8412885335
NAGARKURNOOL,KODAIR,Narsaipalle,3150239.6278948206,3813315.3380715484
NAGARKURNOOL,KODAIR,Nagulapalle,3157975.6098324503,3814642.377544186
NAGARKURNOOL,PEDDAKOTHAPALLY,Bacharam,3157895.687120064,3828529.3050819677
NAGARKURNOOL,LINGAL,Surapur,3162778.5098677482,3843148.49512957
NAGARKURNOOL,TELKAPALLY,Nadigadda,3184600.281103458,3837897.6719629886
NAGARKURNOOL,BALMOOR,Gattuthumman,3175129.115704084,3847791.043936368
NAGARKURNOOL,PADARA,Udimilla,3173357.7430727337,3897725.5173508152
NAGARKURNOOL,BALMOOR,Jinkunta,3176005.412074727,3843398.5658945013
NAGARKURNOOL,ACHAMPET,Nadimpalle,3174966.2927586436,3861084.7099925946
NAGARKURNOOL,PADARA,Ippalapalle,3172007.7361055934,3903515.9764381275
NAGARKURNOOL,KOLLAPUR,Chennampalle,3137179.374226354,3819245.130959206
NAGARKURNOOL,PEDDAKOTHAPALLY,Thirumalampalle,3150025.121765874,3827442.304819856
NAGARKURNOOL,UPPUNUNTHALA,Dasarlapalle,3183698.991072063,3842020.1180410697
NAGARKURNOOL,VELDANDA,Rachur,3209986.7852832284,3840722.8051508935
NAGARKURNOOL,VELDANDA,Gundal,3210783.8550352775,3850023.617815927
NAGARKURNOOL,THIMMAJIPET,Allampalle,3199208.7123366185,3815767.2811244424
NAGARKURNOOL,PADARA,Gudur,3168437.2449328965,3897546.7393155536
NAGARKURNOOL,PEDDAKOTHAPALLY,Narayanpalle,3156167.005159239,3822380.1745867087
NAGARKURNOOL,VANGOOR,Thirumalgiri,3191852.584315359,3862350.7272125953
NAGARKURNOOL,VANGOOR,Thippareddipalle,3193005.445871782,3861293.990807106
NAGARKURNOOL,PEDDAKOTHAPALLY,Peddakarpamula,3161994.53108041,3829972.703375622
NAGARKURNOOL,ACHAMPET,Lakshmapur (P.N),3170807.771479761,3860242.523502081
NAGARKURNOOL,TELKAPALLY,Peddapalle,3170925.894249686,3831574.752986095
NAGARKURNOOL,TELKAPALLY,Alair,3170605.869182698,3837842.062594994
NAGARKURNOOL,UPPUNUNTHALA,Tadoor,3181008.931404977,3858316.7201957298
NAGARKURNOOL,UPPUNUNTHALA,Peratwanipalle,3181908.957570333,3863299.4842055417
NAGARKURNOOL,VANGOOR,Venkatapur (Patti Godal),3192899.408449793,3856213.459060697
NAGARKURNOOL,BIJINAPALLY,Karukonda,3192499.6433826527,3816164.0814715712
NAGARKURNOOL,BIJINAPALLY,Anekhanpalle,3192907.804134083,3814415.5501162964
NAGARKURNOOL,TADOOR,Yadireddipalle,3191335.1620310643,3828015.8558862126
NAGARKURNOOL,TADOOR,Indrakal,3191259.055453427,3825079.6062025144
NAGARKURNOOL,TADOOR,Yatmatapur,3192448.6153759044,3822781.516439044
NAGARKURNOOL,NAGARKURNOOL,Kummera,3191669.035448962,3818912.078783712
NAGARKURNOOL,TADOOR,Nagadevupalle,3194017.8442181367,3830887.218229172
NAGARKURNOOL,KALWAKURTHY,Suddakal,3193374.6206672653,3834177.355418977
NAGARKURNOOL,KOLLAPUR,Kollapur (M),3141511.811567057,3820991.959617529
NAGARKURNOOL,LINGAL,Ausalikunta,3158998.807387481,3840151.6500794194
NAGARKURNOOL,BALMOOR,Bonala,3164746.6567281424,3855986.4052540367
NAGARKURNOOL,LINGAL,Komatikunta,3165335.5327808554,3840825.7285903455
NAGARKURNOOL,UPPUNUNTHALA,Koratikal,3186003.060729192,3856091.4549258593
NAGARKURNOOL,TADOOR,Thirumalapur,3186716.740320987,3819554.0392857604
NAGARKURNOOL,VANGOOR,Pothareddipalle,3186614.439528381,3844746.6955587273
NAGARKURNOOL,ACHAMPET,Mannavaripalle,3187123.1960032093,3883978.3675895003
NAGARKURNOOL,VANGOOR,Jogala,3186921.260028201,3842622.4691033117
NAGARKURNOOL,TADOOR,Polmur,3187924.179757563,3835420.8347922345
NAGARKURNOOL,KALWAKURTHY,Venkatapoor (Patti Maligara),3200438.2259848965,3832453.5039409148
NAGARKURNOOL,THIMMAJIPET,Gummakonda,3200015.186969743,3809850.2717671674
NAGARKURNOOL,THIMMAJIPET,Appajipalle,3200427.0302568832,3812957.1407536366
NAGARKURNOOL,KOLLAPUR,Ankiraopalle,3146606.6647711587,3821951.49156036
NAGARKURNOOL,KODAIR,Badigadinne,3147491.245761189,3813176.5522544687
NAGARKURNOOL,KOLLAPUR,Kudikilla,3146946.079180716,3824774.4614523295
NAGARKURNOOL,BALMOOR,Mylaram,3165617.3491518977,3849945.5991701805
NAGARKURNOOL,PEDDAKOTHAPALLY,Marrikal,3166031.5476526557,3831491.6078973333
NAGARKURNOOL,PEDDAKOTHAPALLY,Vennacherla,3166246.6458932133,3822328.2432399867
NAGARKURNOOL,VANGOOR,Rangapur,3190264.565725458,3845756.2556254216
KHAMMAM,YERRUPALEM,GAURAVARAM RESERVED FOREST,3216042.2737967316,4058386.205000616
KHAMMAM,KALLURU,KALLURU RESERVED FOREST,3266195.5910435296,4055755.3758244393
NAGARKURNOOL,AMRABAD,AMRABAD RESERVED FOREST,3160660.856641979,3883500.4883458335
NAGARKURNOOL,VANGOOR,Uppalapahad,3191573.6874146117,3854508.26236359
NAGARKURNOOL,KOLLAPUR,Narlapuram,3147349.1132626105,3828499.0668593524
NAGARKURNOOL,KOLLAPUR,Malachintapalle,3145377.1422392735,3832952.0124118915
NAGARKURNOOL,KOLLAPUR,Singavatnam,3148683.55857049,3817345.389853141
NAGARKURNOOL,PEDDAKOTHAPALLY,Kalwakole,3149219.0325135756,3821495.634204887
NAGARKURNOOL,KODAIR,Kondraopalle,3151553.7812297507,3819403.2511299346
NAGARKURNOOL,PEDDAKOTHAPALLY,Chennapuraopalle,3151890.9720963635,3822662.939326651
NAGARKURNOOL,PEDDAKOTHAPALLY,Maredumandinne,3152677.5995479194,3832421.590739925
NAGARKURNOOL,PEDDAKOTHAPALLY,Kothapeta,3152615.4666073993,3826390.6553856586
NAGARKURNOOL,PEDDAKOTHAPALLY,Mahasamudram,3154139.4746644706,3819677.8379040165
NAGARKURNOOL,KOLLAPUR,Asadpur,3140702.6629353794,3831560.296434111
NAGARKURNOOL,KOLLAPUR,Malabaswapur,3148552.5272443937,3830743.9894326692
NAGARKURNOOL,KODAIR,Teegalapalle,3164692.5579846357,3817461.363527334
NAGARKURNOOL,LINGAL,Madapur,3165172.797339041,3842918.3079980263
NAGARKURNOOL,PEDDAKOTHAPALLY,Adirala,3165601.045389315,3826034.7359326337
NAGARKURNOOL,BALMOOR,Kondanagula,3164357.850777782,3852919.2046244154
NAGARKURNOOL,KODAIR,Yetham,3153182.156755864,3816135.2996583446
NAGARKURNOOL,ACHAMPET,Bommenapalle,3182322.851128585,3871010.562502278
NAGARKURNOOL,PEDDAKOTHAPALLY,Gantraopalle,3155774.050823761,3821005.8092498374
NAGARKURNOOL,KODAIR,Mailaram,3154557.9705119347,3811946.1438787337
NAGARKURNOOL,LINGAL,Rayavaram,3155868.2086268086,3837594.383553011
NAGARKURNOOL,AMRABAD,Vatwarlapalle (CT),3156109.4657965577,3873686.244733875
NAGARKURNOOL,PEDDAKOTHAPALLY,Sathapur,3155550.795972704,3825384.015081653
NAGARKURNOOL,PEDDAKOTHAPALLY,Jonnalaboguda,3159085.3194584427,3824796.900858768
NAGARKURNOOL,LINGAL,Kothakuntapalle,3160603.6395205525,3841935.5928612384
NAGARKURNOOL,KODAIR,Rajapuram,3158791.195790152,3811451.8764082077
NAGARKURNOOL,KODAIR,Kodair,3158252.719673514,3818236.863072107
NAGARKURNOOL,BALMOOR,Ambagiri,3160860.1021240787,3849642.257654718
NAGARKURNOOL,LINGAL,Lingal,3156314.3185659596,3845732.4830029705
NAGARKURNOOL,LINGAL,Anbatpalle,3159258.636756082,3836560.735105346
NAGARKURNOOL,LINGAL,Maqdumpur,3161858.65291627,3842295.983205194
NAGARKURNOOL,KODAIR,Janumpalle,3162276.117508271,3817535.803725885
NAGARKURNOOL,BALMOOR,Billakal,3161207.58318315,3855385.654932179
NAGARKURNOOL,KODAIR,Paspula,3161675.8683389206,3822314.601482368
NAGARKURNOOL,PADARA,Maddimadugu,3162626.8035670356,3908905.4388667904
NAGARKURNOOL,NAGARKURNOOL,Ganyagula,3169577.0357665773,3823198.467872245
NAGARKURNOOL,AMRABAD,Turkapalle,3168518.282944789,3871554.001132541
NAGARKURNOOL,LINGAL,Rampur,3170288.700615203,3841156.715914259
NAGARKURNOOL,ACHAMPET,Gumpampalle,3170264.0095525165,3858040.1136449743
NAGARKURNOOL,BIJINAPALLY,Mammaipalle,3181222.404006109,3804951.7300228826
NAGARKURNOOL,UPPUNUNTHALA,Mamillapalle,3180882.820345462,3842958.9133299384
NAGARKURNOOL,NAGARKURNOOL,Sripuram,3180594.9890125976,3817850.0604794696
NAGARKURNOOL,TELKAPALLY,Gouraram,3181844.202026075,3839493.061003563
NAGARKURNOOL,VELDANDA,Kuppagandla,3215963.452607552,3841015.0275175716
NAGARKURNOOL,BALMOOR,Balmoor,3164145.396441416,3848595.500623041
NAGARKURNOOL,LINGAL,Bakaram,3167304.6688348427,3841719.4077700223
NAGARKURNOOL,TELKAPALLY,Vattipalle,3165364.701790603,3834889.0159227126
NAGARKURNOOL,TELKAPALLY,Boppepalle,3166928.4335762295,3838166.12882764
NAGARKURNOOL,PEDDAKOTHAPALLY,Mustipalle,3166461.401283024,3828448.8261313424
NAGARKURNOOL,LINGAL,Manajipet,3166919.0992620517,3844375.9635099326
NAGARKURNOOL,BALMOOR,Godal,3167571.335183201,3846250.649914095
NAGARKURNOOL,ACHAMPET,Choutapalle,3168229.2104472197,3856694.462637645
NAGARKURNOOL,BALMOOR,Veeramrajupalle,3167839.8220093744,3850458.3447429487
NAGARKURNOOL,AMRABAD,Uppununthala (B.K),3167633.9369025654,3886206.397997688
NAGARKURNOOL,PADARA,Padara,3176293.7169464934,3881969.370470989
NAGARKURNOOL,NAGARKURNOOL,Bondalapalle,3177755.2439466985,3818078.3746729437
NAGARKURNOOL,ACHAMPET,Chennaram (Sabak),3180569.6811330253,3861903.695474688
NAGARKURNOOL,PEDDAKOTHAPALLY,Devalthirumalpur,3164054.2949704775,3823968.3615253395
NAGARKURNOOL,BALMOOR,Ananthavaram,3163346.225661867,3846887.6677589365
NAGARKURNOOL,LINGAL,Sainpeta,3163371.3016950395,3837896.400484327
NAGARKURNOOL,BALMOOR,Narasaipalle,3163789.185437693,3844777.304068687
NAGARKURNOOL,TELKAPALLY,Pedduru,3171822.363424543,3834767.9992720354
NAGARKURNOOL,VELDANDA,Yerravalli,3208079.4506124016,3856590.5513179884
NAGARKURNOOL,BIJINAPALLY,Mahadevpeta,3184962.2018532706,3808486.4984408556
NAGARKURNOOL,TELKAPALLY,Karvanga,3183364.0290944865,3835137.903031188
NAGARKURNOOL,BIJINAPALLY,Khanapur,3185183.340105648,3813554.2828050493
NAGARKURNOOL,BIJINAPALLY,Boyapur,3185441.371021529,3810105.580040141
NAGARKURNOOL,BALMOOR,Chennaram (P.G),3170956.7052968787,3848643.2755078534
NAGARKURNOOL,BALMOOR,Polesettipalle,3170854.9842209015,3853136.213770937
NAGARKURNOOL,NAGARKURNOOL,Narsaipalle,3172238.1858808403,3823254.8215785893
NAGARKURNOOL,BALMOOR,Mahadevpur,3173318.7065113424,3849623.6937032146
NAGARKURNOOL,KALWAKURTHY,Jillella,3208039.45022346,3839067.8979924163
NAGARKURNOOL,VELDANDA,Pothepalle,3207963.857994979,3851691.2502213665
NAGARKURNOOL,THIMMAJIPET,Marikal,3207269.5708831046,3806913.559003338
NAGARKURNOOL,AMRABAD,Amrabad,3171282.927129566,3877978.3358115847
NAGARKURNOOL,PADARA,Maredugu,3169115.757445043,3899923.5592786265
NAGARKURNOOL,ACHAMPET,Achampet (M),3172748.717684924,3856793.0159305194
NAGARKURNOOL,BALMOOR,Thummanpeta,3173253.764235941,3844587.1738716704
NAGARKURNOOL,NAGARKURNOOL,Chandubatla,3173776.34840768,3825434.7296563643
NAGARKURNOOL,TELKAPALLY,Gouthampalle,3174720.3804175053,3828990.176691437
NAGARKURNOOL,TELKAPALLY,Raipakula,3174714.7495304574,3831712.988101789
NAGARKURNOOL,NAGARKURNOOL,Gudipalle,3174491.475447553,3820133.7725310307
NAGARKURNOOL,ACHAMPET,Lingotam,3175127.1311856783,3855277.773061444
NAGARKURNOOL,ACHAMPET,Palukapalle,3174865.001685066,3852108.2343701567
NAGARKURNOOL,NAGARKURNOOL,Auraspalle,3176830.2189289685,3821175.4574398585
NAGARKURNOOL,TELKAPALLY,Ananthasagar,3177227.1421968183,3830960.049547469
NAGARKURNOOL,TELKAPALLY,Bandapalle,3177213.46425781,3832676.2296664803
NAGARKURNOOL,NAGARKURNOOL,Vanapatla,3176417.636989372,3824023.251639015
NAGARKURNOOL,UPPUNUNTHALA,Upparapalle,3178341.012516803,3845206.0703838207
NAGARKURNOOL,TELKAPALLY,Rakonda,3177585.365619176,3840316.422825243
NAGARKURNOOL,ACHAMPET,Ainole,3177560.9955567666,3868956.4965022425
NAGARKURNOOL,ACHAMPET,Chandapur,3178117.635068341,3865264.153876554
NAGARKURNOOL,UPPUNUNTHALA,Marripalle,3178729.222326796,3847811.1317616454
NAGARKURNOOL,NAGARKURNOOL,Thoodukurthy,3177714.6972468607,3813844.648779915
NAGARKURNOOL,TELKAPALLY,Telkapalle,3177967.9607085832,3836530.0324729476
NAGARKURNOOL,NAGARKURNOOL,Manthati,3178774.8929448714,3827615.89287106
NAGARKURNOOL,BIJINAPALLY,Allipur,3179940.2962890854,3808254.1103225434
NAGARKURNOOL,UPPUNUNTHALA,Uppununthala,3179607.2053474695,3852510.628823263
NAGARKURNOOL,TELKAPALLY,Zamistapur,3182278.9391201655,3831851.7658400214
NAGARKURNOOL,UPPUNUNTHALA,Thippapur,3183173.554332129,3856720.8842368224
NAGARKURNOOL,UPPUNUNTHALA,Peddapur,3183064.2410935424,3845815.526730633
NAGARKURNOOL,BIJINAPALLY,Shainpalle,3183017.2567904238,3806728.378587202
NAGARKURNOOL,UPPUNUNTHALA,Molgara,3182816.4640297857,3848798.1729404298
NAGARKURNOOL,NAGARKURNOOL,Gaggalpalle,3182663.850017779,3828228.7131019672
NAGARKURNOOL,BIJINAPALLY,Vaddemanu,3181808.7300537354,3810876.3430681145
NAGARKURNOOL,NAGARKURNOOL,Nallavelli,3182622.984023359,3815669.001274478
NAGARKURNOOL,UPPUNUNTHALA,Ayyavaripalle,3183386.0316667175,3863643.1213486814
NAGARKURNOOL,BIJINAPALLY,Venkatapur,3185685.6510486114,3816121.7790366746
NAGARKURNOOL,BIJINAPALLY,Gangaram,3184621.01402133,3803593.4392420673
NAGARKURNOOL,NAGARKURNOOL,Puljal,3185448.4553825078,3832513.6130667995
NAGARKURNOOL,ACHAMPET,Ghanapur,3182365.6028562975,3888588.888148391
NAGARKURNOOL,VANGOOR,Ulpara,3185618.42056963,3847196.110440382
NAGARKURNOOL,KALWAKURTHY,Raghupathipeta,3186382.5923933215,3839628.5501080677
NAGARKURNOOL,NAGARKURNOOL,Venkatapur,3186975.688416905,3830908.971514092
NAGARKURNOOL,UPPUNUNTHALA,Lathifpur,3187295.9313323614,3861308.2816470913
NAGARKURNOOL,BIJINAPALLY,Lingasanipalle,3187000.610079789,3816783.742804971
NAGARKURNOOL,UPPUNUNTHALA,Penmilla,3186098.7489947123,3866670.1678085006
NAGARKURNOOL,BIJINAPALLY,Palem,3187331.544334025,3814497.566952452
NAGARKURNOOL,NAGARKURNOOL,Bheemaram,3184554.863152189,3824476.2857013936
NAGARKURNOOL,TADOOR,Tadoor,3186381.1770067397,3827169.6922519226
NAGARKURNOOL,TADOOR,Allapur,3188445.5348258456,3833312.725469372
NAGARKURNOOL,BIJINAPALLY,Polepalle,3187902.3497676877,3806875.0755088814
NAGARKURNOOL,VANGOOR,Nizamabad,3189066.8364246828,3857829.9489378408
NAGARKURNOOL,TADOOR,Cherlaitikyala,3188447.6155084064,3821946.4246203373
NAGARKURNOOL,TADOOR,Gunthakoduru,3189528.7340293857,3830188.0283249635
NAGARKURNOOL,BIJINAPALLY,Gudlanarva,3189983.7740158597,3814256.735535387
NAGARKURNOOL,BIJINAPALLY,Latpalle,3188670.196236692,3802958.5445410945
NAGARKURNOOL,BIJINAPALLY,Bijinapalle,3188836.1823029867,3810698.5494490904
NAGARKURNOOL,TADOOR,Medipur,3190865.4602843546,3834162.6591583574
NAGARKURNOOL,TADOOR,Akunellikuduru,3192056.599681672,3831419.710601076
NAGARKURNOOL,KALWAKURTHY,Marchal,3205936.0422057575,3838092.9440376996
NAGARKURNOOL,THIMMAJIPET,Ippalapalle,3205319.5432720343,3810427.328008927
NAGARKURNOOL,THIMMAJIPET,Budhasamudram,3206034.738226312,3818477.668839638
NAGARKURNOOL,CHARAKONDA,Jupally,3203696.3875971097,3853239.203493125
NAGARKURNOOL,URKONDA,Rachalapalle,3205656.345749889,3831776.6174577097
NAGARKURNOOL,KALWAKURTHY,Gundur,3191884.410543322,3837746.2894489956
NAGARKURNOOL,VANGOOR,Gajra,3192151.1974633727,3858351.304459155
NAGARKURNOOL,BIJINAPALLY,Gouraram,3192804.5373121984,3802342.1113448115
NAGARKURNOOL,TADOOR,Thummalasugur,3193701.7748221727,3821408.9621952837
NAGARKURNOOL,BIJINAPALLY,Velgonda,3192648.334475185,3809089.8372804876
NAGARKURNOOL,VANGOOR,Polkampalle,3192372.1507278844,3849494.2341102166
NAGARKURNOOL,VANGOOR,Konetipur,3195797.472863448,3861092.9773142873
NAGARKURNOOL,URKONDA,Jagboinpalle,3215463.300538469,3827549.0817063847
NAGARKURNOOL,KOLLAPUR,Chintalapalle,3141739.4273839947,3814557.6969714137
NAGARKURNOOL,PENTLAVELLI,Konduru,3141796.2859365134,3811845.862067493
NAGARKURNOOL,KOLLAPUR,Yellur,3143026.176981063,3827105.0978708593
NAGARKURNOOL,KOLLAPUR,Jawaipalle,3147068.5497127883,3815636.443466923
NAGARKURNOOL,LINGAL,Vallabhapur,3169610.077854937,3842559.020044555
NAGARKURNOOL,KODAIR,Bawaipalle,3163684.1262480305,3819733.8950459342
NAGARKURNOOL,LINGAL,Datharam,3164643.174516907,3839384.33991712
NAGARKURNOOL,BALMOOR,Ramajipalle,3168527.3740529274,3852072.686817335
NAGARKURNOOL,AMRABAD,Thirumalapur (B.K),3168214.8330259356,3883797.4862895245
NAGARKURNOOL,AMRABAD,Mannanur,3169031.1224732385,3868918.7049534554
NAGARKURNOOL,PEDDAKOTHAPALLY,Chandrakal,3169113.277736858,3826605.579909833
NAGARKURNOOL,KOLLAPUR,Enmanabetla,3145492.450249884,3817190.545988416
NAGARKURNOOL,KALWAKURTHY,Vepur,3194894.9876853423,3832744.169378378
NAGARKURNOOL,BIJINAPALLY,Manganur,3193515.1155275446,3805192.0362944445
NAGARKURNOOL,KALWAKURTHY,Yellikal (Part),3196336.1923194644,3845143.9916583686
NAGARKURNOOL,TADOOR,Yatdharpalle,3195995.2199592525,3829148.737761783
NAGARKURNOOL,KALWAKURTHY,Bekkara,3196555.5915333685,3831886.4934278117
NAGARKURNOOL,THIMMAJIPET,Pothireddipalle,3196414.7522016508,3816951.9707009424
NAGARKURNOOL,TADOOR,Govindayapalle,3196613.6137199313,3827494.3226624234
NAGARKURNOOL,KALWAKURTHY,Panjugul,3195493.4616958755,3838467.298037459
NAGARKURNOOL,TADOOR,Aithole,3196436.2027319367,3824835.3949378515
NAGARKURNOOL,BIJINAPALLY,Vattem,3194730.986424984,3812167.4546385426
NAGARKURNOOL,THIMMAJIPET,Bajipuram,3196430.911098629,3808685.5570088993
NAGARKURNOOL,THIMMAJIPET,Chegunta,3197029.2644014396,3804634.3647858314
NAGARKURNOOL,THIMMAJIPET,Koduparthy,3198654.6090244707,3812964.3823542483
NAGARKURNOOL,VANGOOR,Vangoor,3196321.679024387,3854128.5078212637
NAGARKURNOOL,KALWAKURTHY,Thotapalle,3198338.90061157,3831060.307275988
NAGARKURNOOL,TADOOR,Bhallanpalle,3198102.5588062443,3821628.964367999
NAGARKURNOOL,THIMMAJIPET,Gorita,3198957.5153904716,3806291.716361492
NAGARKURNOOL,VANGOOR,Sarvareddipalle,3197453.434179182,3858578.980010215
NAGARKURNOOL,THIMMAJIPET,Bhavajipalle,3199608.8362618084,3818507.432479085
NAGARKURNOOL,VELDANDA,Chedurvalli,3212229.2970944922,3854112.7987645958
NAGARKURNOOL,VELDANDA,Koneduvada,3214912.0988901276,3851837.25289756
NAGARKURNOOL,KALWAKURTHY,Tharnikal (Part),3198964.721332837,3836292.4123323667
NAGARKURNOOL,TADOOR,Sirsawada,3199854.8557019522,3825446.9262451725
NAGARKURNOOL,KALWAKURTHY,Velkatta,3200642.1853877874,3829194.8374616415
NAGARKURNOOL,VANGOOR,Kondareddipalle,3198930.787882229,3849642.9364546323
NAGARKURNOOL,THIMMAJIPET,Thimmajipet,3202541.774310582,3809151.853388777
NAGARKURNOOL,KALWAKURTHY,Jeedipalle,3202516.0134516438,3833226.9080706267
NAGARKURNOOL,URKONDA,Gudiganpalle,3203390.9131237892,3824602.0645550457
NAGARKURNOOL,CHARAKONDA,Thimmaipally,3202163.261132191,3855980.529671639
NAGARKURNOOL,THIMMAJIPET,Pullagiri,3203183.8979422883,3806101.0203996697
NAGARKURNOOL,THIMMAJIPET,Nerellapalle,3204053.7206846536,3819413.1434227163
NAGARKURNOOL,THIMMAJIPET,Marepalle,3202540.2641389864,3816239.491633126
NAGARKURNOOL,KALWAKURTHY,Kurmidda,3203233.998097006,3836473.7406592313
NAGARKURNOOL,TADOOR,Papagal,3202578.324570379,3821606.049020244
NAGARKURNOOL,KALWAKURTHY,Kalwakurthy (M),3201392.949498085,3841827.517670985
NAGARKURNOOL,VELDANDA,Lingareddipalle,3205358.6084539965,3851400.131462431
NAGARKURNOOL,URKONDA,Madharam,3203416.977003264,3828251.30934879
NAGARKURNOOL,KALWAKURTHY,Tandra,3203217.029060373,3848199.8214489357
NAGARKURNOOL,VELDANDA,Kotra (Part),3205951.737811266,3845281.2997641107
NAGARKURNOOL,CHARAKONDA,Charakonda,3204544.0960446834,3862127.6593843787
NAGARKURNOOL,URKONDA,Narsampalle,3209989.032406749,3836207.972333839
NAGARKURNOOL,THIMMAJIPET,Avancha,3207521.407758664,3814295.3678415366
NAGARKURNOOL,CHARAKONDA,Gokaram,3208058.9303249363,3859212.217823674
NAGARKURNOOL,VELDANDA,Karrevanipalle,3211934.8244015365,3841876.1793511673
NAGARKURNOOL,CHARAKONDA,Seriappareddipally,3212037.9084365345,3861343.3371980228
NAGARKURNOOL,VELDANDA,Veldanda,3210442.5194882643,3845916.78356521
NAGARKURNOOL,VELDANDA,Bollampalle,3211824.1416983022,3851611.1958233095
NAGARKURNOOL,URKONDA,Urkonda,3210096.0574143818,3832106.733791875
NAGARKURNOOL,URKONDA,Urkondapeta,3210831.0531374332,3835019.745023528
NAGARKURNOOL,VELDANDA,Bhairpur,3211880.73551179,3857410.945738366
NAGARKURNOOL,URKONDA,Ippaipahad,3213216.0716970046,3839549.2874313844
NAGARKURNOOL,URKONDA,Jakanalapalle,3213163.799306235,3836888.3541257787
NAGARKURNOOL,URKONDA,Ramreddipalle,3213445.6484985407,3829748.6488179513
NAGARKURNOOL,URKONDA,Bommarasipalle,3215536.669881489,3832577.1106075193
NAGARKURNOOL,VELDANDA,Cherkur,3215915.200863271,3848450.5136588216
NAGARKURNOOL,VELDANDA,Peddapur,3216380.1143913474,3844091.6662194994
NAGARKURNOOL,VELDANDA,Ajilapur,3216660.7379299467,3859407.6791543453
NAGARKURNOOL,ACHAMPET,Bolghatpalle,3172544.0017891345,3861758.7110810713
NAGARKURNOOL,UPPUNUNTHALA,Rajanagar,3181059.7679147273,3848320.7678281525
NAGARKURNOOL,UPPUNUNTHALA,Vighneswarpur,3187082.687069426,3859181.2250186824
NALGONDA,NAMPALLY,Fakeerpuram,3216954.4912773166,3890599.149540765
NALGONDA,CHINTAPALLI,Nasarlapally,3216188.0879398277,3880199.617668393
NALGONDA,KETHEPALLY,Kethepally,3256337.5693768044,3948462.391380727
NALGONDA,MARRIGUDA,Marriguda,3231213.3543069577,3879486.1032915395
NALGONDA,MIRYALAGUDA,Narsimhulaguda,3233167.4824802745,3954535.3629879644
NALGONDA,NAMPALLY,Reballi,3217152.8897318128,3893569.0839552362
NALGONDA,KANAGAL,Chetla Chenaram,3231091.6304174955,3925055.2412419864
NALGONDA,VEMULAPALLY,Vemulapally,3230476.4525637766,3949903.98437534
NALGONDA,MADUGULAPALLY,Thopucherla,3236625.8209832753,3948174.7802063706
NALGONDA,NALGONDA,Donakal,3243953.354657702,3913103.738304733
NALGONDA,NALGONDA,Narsingbhatla,3243078.7900064434,3909827.1973951925
NALGONDA,KATTANGUR,Aitipamula,3257737.5186296673,3932707.7212468013
NALGONDA,NAKREKAL,Adavibollaram,3260249.1782262255,3935933.1027995376
NALGONDA,CHITYAL,Parepally,3259099.281300514,3896038.0842951564
NALGONDA,CHITYAL,Chinakaparthy,3258604.740054395,3900456.4315868327
NALGONDA,PEDDAVOORA,Pulicherla,3201373.0474915253,3913113.8931448134
NALGONDA,ADAVIDEVULAPALLY,Mudimanikyam,3200816.2274533757,3952953.4210842787
NALGONDA,GUNDLAPALLY,Kandukur,3200236.2170715528,3871824.9764263993
NALGONDA,TIRUMALAGIRI SAGAR,Nellikal,3200401.442366767,3929500.1262674034
NALGONDA,DAMARCHERLA,Irikigudem,3202732.71296636,3960380.821777183
NALGONDA,DEVARAKONDA,Konda Bheemanapally,3205368.814699245,3881753.219008214
NALGONDA,GUNDLAPALLY,Vavilkole,3204040.92651381,3868762.949986365
NALGONDA,DEVARAKONDA,Turpupally,3204878.542430452,3876289.1339655933
NALGONDA,CHANDUR,Chandur (M),3236122.6344919675,3899321.7600053176
NALGONDA,CHANDUR,Donipamula,3235516.110875156,3890080.0648639235
NALGONDA,MUNUGODE,Cheekatimamidi,3249216.213107067,3898454.3213906703
NALGONDA,CHANDAMPETA,Pogilla,3172879.650722219,3913665.116566056
NALGONDA,CHANDAMPETA,Yalmalamanda,3178650.2293135445,3903107.9738333574
NALGONDA,CHANDAMPETA,Rekula Valyam,3178566.2292240444,3910758.998908545
NALGONDA,CHANDAMPETA,Kambhalapally,3180406.7318318305,3907319.07815317
NALGONDA,CHANDAMPETA,Bollaram-P-Munagal,3184036.542637082,3894069.0296140774
NALGONDA,CHANDAMPETA,Rekulagadda,3183146.5510962633,3899044.7550248764
NALGONDA,CHANDAMPETA,Teldevarapally,3186021.658428919,3888991.567369187
NALGONDA,NEREDUGOMMU,Kacharajupally,3184884.6308789575,3903284.1460827123
NALGONDA,NEREDUGOMMU,Dasarlapally,3188070.0619724053,3899770.999310851
NALGONDA,GUNDLAPALLY,Gonakal,3189479.0982968295,3866085.6047551427
NALGONDA,GUNDLAPALLY,Bogguladona,3189314.1721695215,3869911.9337823596
NALGONDA,CHANDAMPETA,Achampet (P) Chandampet,3190194.5624315357,3879670.9823014685
NALGONDA,NEREDUGOMMU,Bachapoor,3190562.1041282224,3900316.3643481587
NALGONDA,GUNDLAPALLY,Burahanpur,3191057.722119833,3868859.0564046814
NALGONDA,CHANDAMPETA,Chitriyala,3188936.7324158917,3892714.7647175053
NALGONDA,GUNDLAPALLY,Gundlapally,3189993.1197676994,3862489.2261513374
NALGONDA,GUNDLAPALLY,Kamadheni Gowraram,3191658.154518916,3876596.091847756
NALGONDA,GUNDLAPALLY,Gonaboinapally,3189564.3527520737,3873732.7736011967
NALGONDA,CHANDAMPETA,Murpunuthala,3191348.060467391,3885330.874931247
NALGONDA,NEREDUGOMMU,Pedda Munigala,3191993.0583349965,3902594.1497721523
NALGONDA,CHANDAMPETA,Chandampet,3192173.10926393,3882034.6323761404
NALGONDA,CHANDAMPETA,Mududandla,3193166.1185486033,3879555.150748773
NALGONDA,NEREDUGOMMU,Kothapally,3192331.1817357405,3897731.8100569723
NALGONDA,NEREDUGOMMU,Kethapally-P-Perwala,3193436.0995248742,3895041.045315124
NALGONDA,PEDDA ADESHERLAPALLY,Peda Gummadam,3195162.8997045765,3913519.3382580895
NALGONDA,GUNDLAPALLY,Bollanapally,3194538.218796787,3871652.6277091997
NALGONDA,NEREDUGOMMU,Thimmapoor,3194471.808218231,3890570.9176401217
NALGONDA,CHANDAMPETA,Guntipally,3196097.791988971,3880775.30939181
NALGONDA,CHANDAMPETA,Gagillapur,3194474.38591393,3887804.072385834
NALGONDA,TIRUMALAGIRI SAGAR,Jemmanakota,3194801.072467952,3932105.3723057616
NALGONDA,GUNDLAPALLY,Thippalaneni Gowraram,3195595.8459806344,3874916.9021770456
NALGONDA,GUNDLAPALLY,Khanapur,3196719.714772998,3873067.9555011056
NALGONDA,GUNDLAPALLY,Cherukupally,3194123.192390345,3867639.8878197726
NALGONDA,NEREDUGOMMU,Perwala,3196375.3230050565,3897667.832474563
NALGONDA,PEDDA ADESHERLAPALLY,Yellapur,3197647.9220501217,3914789.852546749
NALGONDA,PEDDA ADESHERLAPALLY,Mallapur,3198854.8765725363,3903314.5753479064
NALGONDA,KONDAMALLEPALLY,Channamunenipally,3199209.26878891,3898568.6452118335
NALGONDA,GUNDLAPALLY,Thowklapur,3197631.3570045377,3865590.11265506
NALGONDA,GUNDLAPALLY,Veeraboinapally,3199215.866024818,3862232.230020676
NALGONDA,KONDAMALLEPALLY,Vardhamaniguda,3199775.1052652197,3896792.560588529
NALGONDA,GUNDLAPALLY,Singarajupally,3200145.7607666473,3865086.3120141034
NALGONDA,PEDDA ADESHERLAPALLY,Vaddipatla,3197866.225277451,3908442.742278044
NALGONDA,KONDAMALLEPALLY,Achampet-Patti-Perwal,3199993.8690599166,3895053.8712526136
NALGONDA,GUNDLAPALLY,Dasari Nemilipur,3199465.4543090966,3874829.2199330134
NALGONDA,DEVARAKONDA,Shakavelly,3199083.4079375574,3890208.9782991526
NALGONDA,GUNDLAPALLY,Rahamanthapur,3199544.137615481,3868858.968124939
NALGONDA,TIRUMALAGIRI SAGAR,Chinthalapalem,3196336.378584741,3936029.040391089
NALGONDA,ADAVIDEVULAPALLY,Chityala,3199165.233685772,3941174.839355901
NALGONDA,KONDAMALLEPALLY,Fakeerpur,3200890.2804395137,3899219.658008669
NALGONDA,DEVARAKONDA,Madmadaka,3199068.901408734,3887557.421589727
NALGONDA,DEVARAKONDA,Mainampally,3200347.3383311043,3885710.283572868
NALGONDA,DEVARAKONDA,Kacharam Agraharam,3201273.6841880223,3883642.765271534
NALGONDA,ADAVIDEVULAPALLY,Balnepally,3201159.5736618387,3942671.2732933536
NALGONDA,DEVARAKONDA,Tatikole,3200015.5947305495,3879917.367544537
NALGONDA,PEDDAVOORA,Parvedula,3201707.763194808,3918524.330571049
NALGONDA,PEDDA ADESHERLAPALLY,Thirmalagiri-Patti- Dugyal,3202395.194057215,3906845.907406336
NALGONDA,KONDAMALLEPALLY,Pendli Pakala,3202615.76531098,3893780.4960562102
NALGONDA,TIRUMALAGIRI SAGAR,Thunikinuthala,3202171.6494073626,3935397.395152797
NALGONDA,PEDDA ADESHERLAPALLY,Dugyala,3202400.5635264083,3904279.9036074467
NALGONDA,ADAVIDEVULAPALLY,Adividevulapally,3201509.233445455,3948101.3033617325
NALGONDA,PEDDAVOORA,Polepally-M-Singaram,3203802.7786761336,3914403.6015539253
NALGONDA,DEVARAKONDA,Penchikalpahad,3204530.8821843346,3883949.6750588943
NALGONDA,GUNDLAPALLY,Brahmanapally,3203242.1096801986,3865694.369019357
NALGONDA,KONDAMALLEPALLY,Chinthakuntla,3203554.5312148486,3897261.8256076975
NALGONDA,PEDDAVOORA,Pothunoor,3204801.287409481,3912411.7321695723
NALGONDA,TIRUMALAGIRI SAGAR,Yallapur,3204252.7621876737,3931462.0072480803
NALGONDA,KANAGAL,Thurkapally,3227210.83752282,3916022.9899178115
NALGONDA,NALGONDA,Thoragal,3234641.9237104757,3924325.9489428154
NALGONDA,MADUGULAPALLY,Dacharam,3234075.7840091744,3940568.0310941087
NALGONDA,MADUGULAPALLY,Gandravanigudem,3235007.361558637,3945593.426996221
NALGONDA,KANAGAL,Kanagal,3232510.175906321,3918282.2424261277
NALGONDA,NALGONDA,Khudavanpur,3240834.0491894847,3913104.164964328
NALGONDA,MIRYALAGUDA,Rudraram,3218709.3421764616,3961340.2185276104
NALGONDA,CHANDUR,Idikuda,3239496.3404164324,3898134.635618378
NALGONDA,KATTANGUR,Eduloor,3266506.177136009,3926894.562136118
NALGONDA,TIRUMALAGIRI SAGAR,Konerupur,3204465.2071536905,3928289.782532665
NALGONDA,DEVARAKONDA,Padmatpally,3204902.4747912493,3872868.379958385
NALGONDA,KONDAMALLEPALLY,Ghaji Nagar,3204041.866558828,3890414.0412704637
NALGONDA,PEDDAVOORA,Sangaram,3205855.6862740587,3915181.4909065333
NALGONDA,KONDAMALLEPALLY,Doniyal,3205721.5516707455,3893865.88096521
NALGONDA,PEDDA ADESHERLAPALLY,Medaram,3204124.0972633567,3909268.6454706653
NALGONDA,DAMARCHERLA,Veerlapalem,3205122.598064118,3953606.931161902
NALGONDA,ADAVIDEVULAPALLY,Molkacherla,3204794.9219959606,3943800.1401612908
NALGONDA,ADAVIDEVULAPALLY,Vulsaipalem,3206529.3860995974,3949000.8348062965
NALGONDA,TIRUMALAGIRI SAGAR,Kompally,3206882.093522218,3933726.455362149
NALGONDA,PEDDAVOORA,Chelakurthi,3204035.003785444,3923952.417577491
NALGONDA,DAMARCHERLA,Narsapur,3207503.8416031157,3956967.587612929
NALGONDA,GUDIPALLY,Chilkamarri,3208168.1300185868,3898967.6416898766
NALGONDA,TIRUMALAGIRI SAGAR,Nethapoor,3208204.4520191615,3941213.1582147563
NALGONDA,GUDIPALLY,Ghatnemilipur,3208401.941585202,3911221.6358016934
NALGONDA,KONDAMALLEPALLY,Konda Mallepally (CT),3208432.475501023,3892281.3179087224
NALGONDA,TIRUMALAGIRI SAGAR,Srirampur,3208064.5112109375,3927635.8675279436
NALGONDA,TIRUMALAGIRI SAGAR,Thirumalagiri,3208003.2893980406,3930482.6750445077
NALGONDA,GUDIPALLY,Rollakal,3208932.6240404043,3901914.997683182
NALGONDA,KONDAMALLEPALLY,Kolmanthala Pahad,3208520.940450385,3890205.9013614706
NALGONDA,TIRUMALAGIRI SAGAR,Siligapoor,3209368.8861964624,3933710.1403193967
NALGONDA,PEDDAVOORA,Chinthapally,3209609.6997120366,3921311.553157831
NALGONDA,PEDDAVOORA,Pinnavoor,3208582.885589289,3912997.222807068
NALGONDA,DAMARCHERLA,Kallepalli,3209558.377647644,3954425.0327056884
NALGONDA,DAMARCHERLA,Thimmapur,3208860.5175051154,3951738.808801584
NALGONDA,GUDIPALLY,Surepally,3210385.60008841,3900386.074987986
NALGONDA,TRIPURARAM,Ragadapa,3209618.8195726485,3946846.4097767244
NALGONDA,DAMARCHERLA,Keshavapuram,3214566.8079074356,3963464.489822471
NALGONDA,DAMARCHERLA,Dilvarpuram,3215193.66099819,3955254.0985699645
NALGONDA,GURRAMPODE,Shakajipur,3216163.692690348,3895819.309389373
NALGONDA,NIDAMANOOR,Vallabhapoor,3214009.8863459425,3940872.2798841773
NALGONDA,PEDDAVOORA,Thammadavally,3217177.5821349905,3917873.2790948027
NALGONDA,NAMPALLY,Pasnur,3219849.154318496,3887378.3525808686
NALGONDA,GURRAMPODE,Chepur,3220439.298372646,3909640.815903387
NALGONDA,KONDAMALLEPALLY,Channaram,3210220.864165507,3887391.7524738167
NALGONDA,GUDIPALLY,Madhapur,3211184.6501888037,3911297.2746623447
NALGONDA,GUDIPALLY,Ghanpur,3209578.5462203952,3908115.4523927425
NALGONDA,DEVARAKONDA,Iddampally,3209191.841825799,3871993.4521395755
NALGONDA,DAMARCHERLA,Dhamarcherla,3210050.967326172,3960624.718866899
NALGONDA,TIRUMALAGIRI SAGAR,Alwala,3210459.7466806523,3925556.1722560674
NALGONDA,PEDDAVOORA,Peddavoora,3209566.7961767926,3916706.676450506
NALGONDA,KONDAMALLEPALLY,Gummadavally,3210714.429102121,3894115.6031552274
NALGONDA,NIDAMANOOR,Surepally,3210997.254656547,3936987.8780168425
NALGONDA,PEDDAVOORA,Garnekunta,3212305.806325873,3914377.667204968
NALGONDA,DEVARAKONDA,Mudigonda,3209775.1078825127,3880525.2439187174
NALGONDA,ANUMULA (HALIYA),Kothapally,3211981.617081536,3928835.708910637
NALGONDA,NAMPALLY,Pagidipally,3212948.830505743,3893347.2043981077
NALGONDA,NIDAMANOOR,Regulagadda,3210945.0027635205,3941625.879805623
NALGONDA,DEVARAKONDA,Sherepally,3211253.657852863,3884565.542931502
NALGONDA,NAMPALLY,Mustipalli,3212037.257770152,3891005.76978083
NALGONDA,GUNDLAPALLY,Kuthubshapur,3191678.5926858285,3869476.502845022
NALGONDA,GUNDLAPALLY,Gundala Thipparthivanipalli,3192635.1803055448,3870161.2752296394
NALGONDA,PEDDAVOORA,Nandikonda (M),3195717.904353056,3925613.2762594232
NALGONDA,DAMARCHERLA,Kothapalli,3203271.1942648096,3957202.6522580856
NALGONDA,GURRAMPODE,Palwai,3211617.2652996387,3898012.5915988036
NALGONDA,PEDDAVOORA,Theppalamadugu,3213112.1522907284,3919670.8217987907
NALGONDA,ANUMULA (HALIYA),Annaram,3224139.395385275,3918589.8651553714
NALGONDA,NAMPALLY,G.Mallepally,3222241.7861112095,3894331.151946183
NALGONDA,ANUMULA (HALIYA),Ramadugu,3220907.6886913497,3925413.566602878
NALGONDA,ANUMULA (HALIYA),Yacharam,3221365.4673967883,3921540.7044312586
NALGONDA,CHINTAPALLI,Varkala,3221473.7502311626,3877813.4264613255
NALGONDA,TRIPURARAM,Kampasagar,3222572.8572856095,3942856.0229561436
NALGONDA,KETHEPALLY,Kasangode,3260825.5849856776,3948987.180694482
NALGONDA,NARKETPALLY,Akkinepallivari Lingotam,3260221.2456297134,3920209.155842042
NALGONDA,CHITYAL,Urumadla,3259409.7150903833,3904768.2901592567
NALGONDA,MUNUGODE,Koratikal,3241390.8081229883,3905264.7449577707
NALGONDA,GURRAMPODE,Junuthala,3218330.8665616955,3900818.329319694
NALGONDA,NIDAMANOOR,Thummadam,3217219.9142171014,3940098.98116022
NALGONDA,NAMPALLY,Thummalapalli,3219516.7814211515,3894678.4588189046
NALGONDA,CHINTAPALLI,Nelvalapally,3219346.0864682565,3884303.886559629
NALGONDA,CHANDUR,Nermata,3239793.2825631415,3892624.063633676
NALGONDA,VEMULAPALLY,Ravulapenta,3239897.1269995985,3956538.775722233
NALGONDA,KANAGAL,Regatte,3238207.350240656,3907585.4400966587
NALGONDA,MADUGULAPALLY,Bommakallu,3240766.2565811477,3949362.057612123
NALGONDA,KETHEPALLY,Inupamula,3256418.1379561806,3942132.885119443
NALGONDA,MUNUGODE,Kistapoor,3257175.397848008,3896772.5511845197
NALGONDA,NARKETPALLY,Nemmani,3263377.3519114633,3919819.294783816
NALGONDA,KATTANGUR,Kurumarthy,3263156.300726271,3930142.8654907416
NALGONDA,SHALIGOURARAM,Shaligouraram,3271512.2741931337,3933808.834388309
NALGONDA,THIPPARTHY,Thandarpally,3244810.474487212,3929772.396006503
NALGONDA,NIDAMANOOR,Utkoor,3225581.912497321,3929648.3401094475
NALGONDA,ANUMULA (HALIYA),Marepally,3225851.551566616,3920933.9013201552
NALGONDA,NAKREKAL,Chandampally,3258306.8695556857,3935688.0200735335
NALGONDA,THIPPARTHY,Mamidala,3246264.572223825,3943943.377231828
NALGONDA,MUNUGODE,Jamastanpally,3248577.6177792144,3905788.9116485487
NALGONDA,MADUGULAPALLY,Agamothkoor,3242053.0526410956,3946952.5572233303
NALGONDA,GUDIPALLY,Polkampally,3213437.382444132,3908572.299214691
NALGONDA,PEDDAVOORA,Lingampally,3212679.5057136603,3921929.308023586
NALGONDA,GURRAMPODE,Kalwapalli,3213665.497930149,3895754.038505562
NALGONDA,CHINTAPALLI,Homanthalapally,3213680.330448851,3874136.3037706614
NALGONDA,CHINTAPALLI,Mallareddypally,3213677.4607638996,3877484.382812522
NALGONDA,CHINTAPALLI,Kokkirala Gouraram,3213837.099067997,3882357.6246134858
NALGONDA,GUDIPALLY,Gudipally,3212489.299270908,3903599.973957115
NALGONDA,GURRAMPODE,Parlapalli,3214941.9358084975,3899414.5672997003
NALGONDA,ANUMULA (HALIYA),Peruru,3212623.524767841,3932646.7650646567
NALGONDA,NAMPALLY,Devathpalli,3213853.7659630775,3888208.1287911586
NALGONDA,GURRAMPODE,Mailapur,3215329.833766929,3900659.569559948
NALGONDA,TRIPURARAM,Anjanapally,3213659.8191339094,3945003.2914085267
NALGONDA,MIRYALAGUDA,Annaram,3213800.798941555,3953024.204038777
NALGONDA,NAMPALLY,B.Timmapur,3214759.2588327737,3893263.0433696723
NALGONDA,GURRAMPODE,Nadikuda,3223845.3636185206,3914714.765566715
NALGONDA,KANAGAL,Hydelapuram,3225408.76948578,3916957.5893349284
NALGONDA,TRIPURARAM,Duggepally,3224790.959429483,3940251.6423741356
NALGONDA,MIRYALAGUDA,Alagadapa,3223866.9303278504,3960584.280992112
NALGONDA,GURRAMPODE,Koppole,3228476.637526375,3910838.1643787976
NALGONDA,CHINTAPALLI,Kurmapally,3227876.631739317,3873315.391495313
NALGONDA,GURRAMPODE,Vattikodu,3230201.6019664872,3904910.3872807175
NALGONDA,NIDAMANOOR,Yarrabelly,3229306.850753887,3932568.2946484103
NALGONDA,NAMPALLY,Damera,3230680.6190729695,3888206.800243944
NALGONDA,NALGONDA,Puttavari Domalapalli,3247350.0366985817,3910951.213278341
NALGONDA,NALGONDA,Buddaram,3248635.0272598118,3916360.1299604424
NALGONDA,SHALIGOURARAM,Tudimudi,3275098.189441497,3936936.4255849277
NALGONDA,SHALIGOURARAM,Gurijala,3274910.8383371714,3933601.502293884
NALGONDA,GUDIPALLY,Keshamnenipally,3215363.980459351,3904922.718629718
NALGONDA,NAMPALLY,Sharbhapuram,3215989.1840646775,3887748.6455692668
NALGONDA,DAMARCHERLA,Kondrapole,3214325.748970245,3959041.3099939604
NALGONDA,NAMPALLY,Sunkishala,3215280.734546439,3891524.319177546
NALGONDA,PEDDAVOORA,Velmaguda,3215007.4412224595,3915763.0479162657
NALGONDA,GUDIPALLY,Ghanpally,3215858.8627599394,3908070.132840046
NALGONDA,TRIPURARAM,Borraipalem,3214924.979947321,3949571.379092734
NALGONDA,GUDIPALLY,Bheemanpally (P) Koppole,3214947.1029952844,3911019.6204215647
NALGONDA,NIDAMANOOR,Venigandla,3215196.001402243,3936031.171339954
NALGONDA,GURRAMPODE,Kacharam Patti Koppol,3216748.0190775087,3904958.5689613298
NALGONDA,CHINTAPALLI,Teeded,3215570.5882158442,3884293.101292121
NALGONDA,NIDAMANOOR,Bankapuru,3216837.17393906,3933117.1754153003
NALGONDA,THIPPARTHY,Sarvaram,3242161.205882766,3942431.68246135
NALGONDA,ANUMULA (HALIYA),Haliya (M),3215705.97191709,3927506.5165588968
NALGONDA,TRIPURARAM,Bejjikal,3217328.2292428054,3945455.820059805
NALGONDA,MIRYALAGUDA,Zaptiveerappaguda,3217477.5682319026,3951856.3724516057
NALGONDA,GURRAMPODE,Chinthaguda,3217979.315709679,3896791.0551823406
NALGONDA,MIRYALAGUDA,Kothaguda,3217763.729528973,3958287.9875433985
NALGONDA,PEDDAVOORA,Sirasangandla,3216727.682180574,3921344.2716120463
NALGONDA,CHINTAPALLI,Thirumalapuram,3218558.037625204,3881977.3199823233
NALGONDA,CHINTAPALLI,Chinthapally,3217257.550058572,3875769.1836306555
NALGONDA,NIDAMANOOR,Shakapoor,3218119.511756153,3936017.304616873
NALGONDA,ANUMULA (HALIYA),Thimmapuru,3218159.3417726085,3924390.6849226193
NALGONDA,GURRAMPODE,Makkapalli,3216842.6387839452,3898310.298793528
NALGONDA,GURRAMPODE,Mosangi,3218009.7869781307,3914201.942141109
NALGONDA,GURRAMPODE,Pallipahad,3218546.766202365,3906690.1080421405
NALGONDA,MIRYALAGUDA,Mulkalkalva,3218707.2883130056,3963963.556001046
NALGONDA,MIRYALAGUDA,Kista Puram,3219639.6171558416,3958615.380786482
NALGONDA,PEDDAVOORA,Kothaluru,3218975.4183652224,3917738.752518138
NALGONDA,NAMPALLY,Medlavai,3219709.902280192,3891568.8516944163
NALGONDA,GURRAMPODE,Thanedarpally,3218931.6209756983,3903761.665833707
NALGONDA,MIRYALAGUDA,Chintha Palle,3219473.6420424357,3954616.6512129903
NALGONDA,NIDAMANOOR,Nidamanoor,3219747.850281775,3933274.1444674283
NALGONDA,ANUMULA (HALIYA),Palem,3220208.580846316,3928432.622762705
NALGONDA,CHINTAPALLI,Upparapally,3221057.406221734,3883329.4242843078
NALGONDA,GURRAMPODE,Kothalapur,3220626.719860938,3913834.832602223
NALGONDA,GURRAMPODE,Amaloor,3224062.266555557,3909333.385639009
NALGONDA,GURRAMPODE,utlapalli,3223325.9976011557,3898733.5557306223
NALGONDA,NAMPALLY,Mallapurajupally,3224304.875655909,3885169.582124701
NALGONDA,GURRAMPODE,Gurrampodu,3223086.9285462573,3904706.1368548055
NALGONDA,ANUMULA (HALIYA),Srinadhapuru,3223003.195506921,3927762.5516577237
NALGONDA,ANUMULA (HALIYA),Kupaspally,3224163.1940751155,3924345.5154968533
NALGONDA,NAMPALLY,Thirumalagiri,3223406.735960677,3887942.141641257
NALGONDA,GURRAMPODE,Kondapur,3225266.3858451233,3903040.1475772997
NALGONDA,MIRYALAGUDA,Ailapuram,3225383.512625056,3948268.293089265
NALGONDA,TRIPURARAM,Babasahebpet,3223894.5092205154,3945829.8445590343
NALGONDA,GURRAMPODE,Bollaram Patti Koppol,3224853.885599244,3912144.1555005666
NALGONDA,MIRYALAGUDA,Chillapuram,3223239.9133620667,3948110.697719673
NALGONDA,NIDAMANOOR,Mupparam,3223262.838003256,3933181.993211499
NALGONDA,MIRYALAGUDA,Miryalaguda (M),3223978.886516818,3954589.6170173134
NALGONDA,TRIPURARAM,Brundavanapuram,3226295.1375304465,3941852.1302666576
NALGONDA,MIRYALAGUDA,Tadkamalla,3236688.588741293,3955804.2187067205
NALGONDA,KANAGAL,Dharweshpuram,3237806.402836046,3918020.061689244
NALGONDA,KANAGAL,Dorepally,3237110.742751054,3914625.471805292
NALGONDA,KANAGAL,Cherla Gourarm,3237409.1417518943,3920261.618412739
NALGONDA,KANAGAL,Pagidimarri,3238269.225064247,3912387.083397377
NALGONDA,GURRAMPODE,Mulkalapalli,3226074.016067145,3901372.2146057603
NALGONDA,ANUMULA (HALIYA),Pulimamidi,3227230.254580471,3924043.101023793
NALGONDA,MIRYALAGUDA,Goguvanigudem,3227901.2737432555,3948852.316821064
NALGONDA,CHINTAPALLI,Kurmedu,3226331.244270046,3868190.9329057275
NALGONDA,TRIPURARAM,Kamareddyguda,3227558.705105957,3940273.9163808334
NALGONDA,MIRYALAGUDA,Kalva Palle,3227402.189603326,3960025.313875616
NALGONDA,MIRYALAGUDA,Yadgarpalle,3227401.996723707,3956979.312492087
NALGONDA,CHINTAPALLI,Vinjamoor,3224269.4945289087,3875650.0584747237
NALGONDA,VEMULAPALLY,Itikyala,3227846.993778805,3952371.571390713
NALGONDA,CHINTAPALLI,Ummapuram,3228342.804566936,3870980.0659966855
NALGONDA,TRIPURARAM,Konathalapally,3228408.9785837936,3938305.063231905
NALGONDA,NAMPALLY,S.Lingotam,3228148.3065899503,3882370.653395039
NALGONDA,NAMPALLY,Vaddepally,3227427.095932393,3885754.330197049
NAGARKURNOOL,KOLLAPUR,KOLLAPUR RESERVED FOREST,3143692.0665062615,3843417.457787877
NAGARKURNOOL,LINGAL,AMRABAD RESERVED FOREST,3142518.1007715436,3862986.01091831
NALGONDA,CHANDAMPETA,NAGARJUNSAGAR PROJECT RESERVOIR,3187783.117122592,3913920.3854472237
NALGONDA,TRIPURARAM,Peddadevulapally,3226990.183014915,3945244.644692584
NALGONDA,KANAGAL,Gouraram,3228036.112940618,3918529.097785129
NALGONDA,ANUMULA (HALIYA),Kummarikunta Kalva,3228841.210305438,3920724.423559664
NALGONDA,NAMPALLY,Ganugupally,3227974.7231256966,3898792.9744421756
NALGONDA,NIDAMANOOR,Guntipally,3227092.5763466493,3935500.2981390166
NALGONDA,CHINTAPALLI,P.K.Mallepally,3228978.7831210643,3876209.106106842
NALGONDA,CHINTAPALLI,Chakalisheripally,3229616.3853512183,3869257.193483471
NALGONDA,GURRAMPODE,Pochampalli,3228437.083557844,3901189.751295624
NALGONDA,KANAGAL,Seri Lingotam,3229719.0111498977,3922670.597571497
NALGONDA,NIDAMANOOR,Marapaka,3228581.53764201,3928167.081874357
NALGONDA,MADUGULAPALLY,Abhangapur,3230074.5641787313,3946121.966151279
NALGONDA,MARRIGUDA,Bhatlapally,3229779.816482044,3881147.0331219407
NALGONDA,CHANDUR,Chamalapally,3229040.4165122183,3896844.3821830237
NALGONDA,MADUGULAPALLY,Gajalapur,3229630.678006227,3943353.990367516
NALGONDA,CHINTAPALLI,Madhanapuru,3230660.409843413,3866732.953285436
NALGONDA,KANAGAL,Bommapally,3230912.973060313,3920052.7960669175
NALGONDA,KANAGAL,Mailaram,3231405.3902475587,3922454.236036888
NALGONDA,NAMPALLY,Peddapuram,3228435.1045785802,3892510.2215927555
NALGONDA,CHANDUR,Gundrepally,3232446.699274031,3898436.459795931
NALGONDA,MADUGULAPALLY,Poosalapahad,3232067.13755196,3942381.6293168496
NALGONDA,VEMULAPALLY,Thimmareddygudem,3233363.9833654948,3950953.4478417975
NALGONDA,KANAGAL,Budamarpally,3232911.024976154,3914211.1244239854
NALGONDA,MARRIGUDA,Damera Bheemanapally,3232575.0064395806,3885737.8258837014
NALGONDA,MARRIGUDA,Vattipally,3232312.52259868,3881564.2167940754
NALGONDA,KANAGAL,Jangamayagudem,3234205.152592765,3927164.7866089013
NALGONDA,CHANDUR,Thummalapally,3233479.5761634093,3895146.9223058396
NALGONDA,CHINTAPALLI,Polepally Ramnagar,3232677.2982786023,3866301.0688113454
NALGONDA,MIRYALAGUDA,Takkellapahad,3233609.8261977416,3958233.8072463647
NALGONDA,MARRIGUDA,Tirugandlapally,3234048.9214055846,3872089.2058356563
NALGONDA,MADUGULAPALLY,Kukkadam,3232973.6845427714,3944720.9533356223
NALGONDA,MADUGULAPALLY,Keshavapoor,3234381.377886134,3938098.539533798
NALGONDA,KANAGAL,Ponugodu,3233107.02319039,3905923.3058084594
NALGONDA,CHANDUR,Kastala,3232888.246263743,3902115.3014367064
NALGONDA,NAMPALLY,Nerallapalli,3233106.001161258,3891786.1886992133
NALGONDA,KANAGAL,Boienapally,3234075.25104809,3913341.345293085
NALGONDA,CHINTAPALLI,Godakandla,3234824.163215803,3867049.831859919
NALGONDA,KANAGAL,Manganpally,3235396.803195563,3926876.612473195
NALGONDA,MADUGULAPALLY,Kannekal,3232431.7598465243,3934936.4129863633
NALGONDA,MADUGULAPALLY,Gopalapoor,3235190.12442178,3935632.1446658196
NALGONDA,MARRIGUDA,Tammadapally,3236044.477621185,3870697.6017653495
NALGONDA,KANAGAL,G.Yadavelly,3234519.6474138703,3910294.067325023
NALGONDA,NALGONDA,Mushampalli,3235509.9163362393,3929457.92640609
NALGONDA,CHANDUR,Udtalapally,3236871.2352761477,3903842.371750328
NALGONDA,MARRIGUDA,Sarampet,3236147.9212558,3884431.844547331
NALGONDA,MADUGULAPALLY,Madugulapally,3236685.321115254,3942760.8723343755
NALGONDA,THIPPARTHY,Gangannapalem,3237129.1264510755,3935435.2343579135
NALGONDA,MARRIGUDA,Lenkalapally,3237093.9203198967,3889926.487969208
NALGONDA,VEMULAPALLY,Molkapatnam,3236657.782448798,3952202.4763294873
NALGONDA,MADUGULAPALLY,Cheruvupally,3236705.292687811,3938794.1146550593
NALGONDA,MARRIGUDA,Yerugandlapally,3235874.593846298,3875346.3793128966
NALGONDA,MARRIGUDA,Metichandapur,3238756.953763212,3886163.9550035875
NALGONDA,KANAGAL,Parvathagiri,3235998.6011338723,3916524.7917395164
NALGONDA,NALGONDA,Annareddyguda,3236761.180652537,3924817.1013505696
NALGONDA,KANAGAL,Shabdulapuram,3238238.3566379407,3909804.934751292
NALGONDA,NALGONDA,Mella Duppalapalli,3238398.1595934606,3922963.365286945
NALGONDA,MADUGULAPALLY,Indugula,3238780.097639913,3944048.869989713
NALGONDA,CHANDUR,Bangarigadda,3236907.1553359367,3895127.9691200806
NALGONDA,THIPPARTHY,Rajapeta,3237672.8956692726,3932490.490634527
NALGONDA,NALGONDA,G.Chennaram,3239757.8498853724,3917031.7868169253
NALGONDA,KATTANGUR,Pamanagundla,3258869.9408775647,3922395.7424443606
NALGONDA,KATTANGUR,Yerasanigudem,3259907.7615395016,3923895.18871758
NALGONDA,CHITYAL,Nerada,3259433.8968720688,3908489.996715094
NALGONDA,CHITYAL,Aepoor,3260343.8545281235,3893466.3821404204
NALGONDA,NALGONDA,Rasoolpur,3239177.719081004,3928699.521660526
NALGONDA,MARRIGUDA,Venkepally,3239079.7841650513,3877648.3360441793
NALGONDA,CHANDUR,Shirdepally,3239448.997582123,3901604.1536597367
NALGONDA,MARRIGUDA,Indurthy,3237346.3366983742,3881026.569260714
NALGONDA,VEMULAPALLY,Salkunoor,3239639.608857203,3952318.5201710314
NALGONDA,NALGONDA,Kothapalli,3241198.8045393326,3918665.1059255637
NALGONDA,GATTUPPAL,Namapuram,3240683.1304667294,3888088.624716258
NALGONDA,CHANDUR,Kummandaniguda,3241885.349385167,3901837.6224705856
NALGONDA,NALGONDA,Anantharam,3241630.1950015007,3915928.8934025173
NALGONDA,MADUGULAPALLY,Koilapadu,3242224.2476702523,3944859.4268808146
NALGONDA,CHANDUR,Pullemla,3241928.9697335847,3896110.051152478
NALGONDA,THIPPARTHY,Thipparthy,3240353.1200627508,3938787.927112057
NALGONDA,MUNUGODE,Solipoor,3242134.984819258,3903256.3591324743
NALGONDA,NALGONDA,Gundlapalli,3243710.5468087746,3916138.143922665
NALGONDA,NALGONDA,Maldivari Domalapalli,3245238.1247327626,3910189.551529312
NALGONDA,CHANDUR,Kondapuram,3243644.6746503282,3893348.3182607116
NALGONDA,NALGONDA,Nalgonda (M),3246078.370721261,3922919.171661289
NALGONDA,GURRAMPODE,Sulthanpuram,3220597.036916541,3898012.448790818
NALGONDA,TRIPURARAM,Tripuraram,3220219.4788032123,3944251.6426959136
NALGONDA,NIDAMANOOR,Bokkamunthalapahad,3220914.961260294,3940100.4401599006
NALGONDA,ANUMULA (HALIYA),Kosalamarri,3221216.739796518,3917900.205438777
NALGONDA,MIRYALAGUDA,Venkatadri Palem (Part),3221015.2828108664,3951877.0908393534
NALGONDA,MIRYALAGUDA,Rayanpalem,3221069.5642977105,3963242.651229706
NALGONDA,MIRYALAGUDA,Thunga Pahad,3219579.1203498207,3948688.7432938386
NALGONDA,CHINTAPALLI,Gadiyagouraram,3220742.399865752,3880312.4048350267
NALGONDA,MIRYALAGUDA,Gudur,3221562.029181548,3957946.0760889924
NALGONDA,NIDAMANOOR,Vempahad,3221494.6705405395,3937831.6300728708
NALGONDA,NAMPALLY,Kethepalli,3222579.720684784,3891180.6752094245
NALGONDA,NAMPALLY,K.Thirumalagiri,3230512.193181115,3895243.4540394046
NALGONDA,MIRYALAGUDA,Vootla Palle,3230670.8729055542,3957483.8153919713
NALGONDA,TRIPURARAM,Kampalapally,3230438.9639213756,3940307.1825080914
NALGONDA,THIPPARTHY,Jangamreddygudem,3241923.369120671,3934468.3760636738
NALGONDA,CHANDUR,Bodangparthy,3242848.4500525165,3900197.751463979
NALGONDA,CHITYAL,Pittampally,3261314.928165752,3898058.7890761658
NALGONDA,NAKREKAL,Nomula,3260440.8820145302,3941176.9113270054
NALGONDA,NARKETPALLY,Shapally,3266168.749990319,3924246.1371678114
NALGONDA,NARKETPALLY,Mandra,3266136.3830327257,3915186.4892477575
NALGONDA,CHITYAL,Veliminedu,3265224.8526687524,3897954.164214535
NALGONDA,MARRIGUDA,Khudabakshpally,3242925.0298364046,3877852.2037828476
NALGONDA,VEMULAPALLY,Amanagallu,3244362.5912365294,3954748.856831072
NALGONDA,THIPPARTHY,Indloor,3245041.1876143,3939357.0238505052
NALGONDA,MADUGULAPALLY,Chirumarthy,3245362.873550812,3948548.616008531
NALGONDA,NALGONDA,Kanchanpalle,3245912.4953996544,3916891.505496644
NALGONDA,MUNUGODE,Cholledu,3245219.285115807,3897083.0737555055
NALGONDA,NALGONDA,Kakula Kondaram,3245757.73215561,3913987.191648232
NALGONDA,NALGONDA,Khazi Ramaram,3246689.0188430483,3929893.33652147
NALGONDA,MUNUGODE,Gudapur,3246521.1943620956,3906802.5179738766
NALGONDA,MADUGULAPALLY,Pamulapadu,3246530.0904044085,3951567.776917115
NALGONDA,GATTUPPAL,Gattuppal,3245664.355331114,3886156.9883545944
NALGONDA,MUNUGODE,Kalvakuntla,3246289.624341523,3893663.237275127
NALGONDA,THIPPARTHY,Pajjur,3246833.6850371547,3934653.073769279
NALGONDA,NAKREKAL,Mandalapuram,3249292.1030045776,3944821.4008567138
NALGONDA,MUNUGODE,Munugode,3247047.2301714104,3902638.6102412264
NALGONDA,MUNUGODE,Kachalapoor,3250358.8422830184,3900929.6860833038
NALGONDA,MUNUGODE,Singaram,3250648.4675091687,3904155.1757076015
NALGONDA,MUNUGODE,Kompally,3249799.7463614526,3894672.3786004055
NALGONDA,KETHEPALLY,Cherkupally,3250515.904238073,3947910.4942840966
NALGONDA,KETHEPALLY,Thungathurthy,3250411.154423408,3951259.1656214143
NALGONDA,KETHEPALLY,Koppole,3251969.146833644,3953479.235663291
NALGONDA,MUNUGODE,Kalvalapally,3250281.420383254,3909038.5102111273
NALGONDA,NALGONDA,Anneparthy,3252008.683733705,3917274.800832623
NALGONDA,NAKREKAL,Thettekunta,3253358.8471741616,3934126.64379447
NALGONDA,NAKREKAL,Mangalpally,3251506.3938086242,3936737.144230654
NALGONDA,KATTANGUR,Bollepally,3252242.7899544835,3931413.0845834804
NALGONDA,MUNUGODE,Pulipalupula,3251889.685552657,3906979.987772374
NALGONDA,NAKREKAL,Chandupatla,3252202.9526579976,3941634.3227607217
NALGONDA,NALGONDA,Dandempalli,3252386.94164963,3924833.8987898147
NALGONDA,MUNUGODE,Rathpally,3253570.1160670593,3905113.8593061226
NALGONDA,MUNUGODE,Palivela,3253221.9087059684,3897671.1387413726
NALGONDA,NALGONDA,Appaji Peta,3250835.3380873185,3913413.431527016
NALGONDA,MUNUGODE,Vookondi,3252809.876421409,3902851.068860744
NALGONDA,KETHEPALLY,Korlapahad,3256105.149735119,3945084.388235376
NALGONDA,KATTANGUR,Ismailpally,3256726.088803973,3921968.1958911587
NALGONDA,KATTANGUR,Dugunevally,3256406.6544846846,3925014.2240956896
NALGONDA,NARKETPALLY,Choudampally,3258261.9814825635,3911849.8194869985
NALGONDA,NARKETPALLY,Chervugattu,3258304.955314084,3918031.0314066345
NALGONDA,KETHEPALLY,Ippalaguda,3259123.8091357294,3944996.972505155
NALGONDA,NARKETPALLY,Pothinenipally,3262265.2716582566,3919026.536465097
NALGONDA,CHITYAL,Sunkenepally,3268002.017218388,3893841.5111554107
NALGONDA,NARKETPALLY,Auravani,3254228.9986766367,3912621.6338327895
NALGONDA,KATTANGUR,Munukuntla,3260537.840750237,3928147.438628468
NALGONDA,KETHEPALLY,Gudiwada,3261361.089558947,3945557.2691954714
NALGONDA,NARKETPALLY,Narketpally (CT),3260326.718723985,3914077.8800553717
NALGONDA,NAKREKAL,Kadaparthy,3261691.8271070933,3937137.4064722615
NALGONDA,KATTANGUR,Chervuannaram,3261849.434728858,3932689.528966781
NALGONDA,CHITYAL,Wattimarthy,3262842.486739829,3911333.869962165
NALGONDA,NARKETPALLY,Mada Yadavelli,3262474.962002262,3916428.085854614
NALGONDA,PEDDA ADESHERLAPALLY,Azmapur,3194551.1057096985,3904355.611708911
NALGONDA,PEDDA ADESHERLAPALLY,Nambapur,3197068.0272804797,3918734.683260957
NALGONDA,CHANDAMPETA,Polepally-Gannerpalli,3196987.4943173463,3883511.5451311143
NALGONDA,NEREDUGOMMU,Neredugommu,3196481.7391298357,3892973.9500382524
NALGONDA,PEDDAVOORA,Vutlapally,3198123.937358214,3912902.0869018603
NALGONDA,GUNDLAPALLY,Kamepally,3198124.5068731382,3876630.9560764623
NALGONDA,TIRUMALAGIRI SAGAR,Thimmaipalem,3197697.2359604044,3938114.634577865
NALGONDA,KONDAMALLEPALLY,Yepur,3207768.1502800016,3888661.052786606
NALGONDA,DAMARCHERLA,Wadapalli,3205609.8121183966,3963645.373615734
NALGONDA,DEVARAKONDA,Devarakonda (M),3205108.905124945,3886476.8264452224
NALGONDA,PEDDA ADESHERLAPALLY,Peda Adisharla Palli,3205345.6589347776,3902526.3385445434
NALGONDA,TIRUMALAGIRI SAGAR,Rajavaram,3205586.3486674977,3937565.330085751
NALGONDA,KONDAMALLEPALLY,Chinna Adiserlapally,3207306.5900824633,3895371.426651611
NALGONDA,PEDDAVOORA,Thungathurthy,3206405.9034030577,3919936.2998345173
NALGONDA,GURRAMPODE,Thenepally,3222763.719792189,3901537.7633598465
NALGONDA,NALGONDA,Suraram,3249878.0085915998,3932373.7425122
NALGONDA,NALGONDA,Chandampalli,3250616.1701557543,3928132.0318960138
NALGONDA,GATTUPPAL,Velmakanne,3248226.8127792836,3889992.1309105735
NALGONDA,CHITYAL,Chityal (M),3265294.782344606,3908414.4057406043
NALGONDA,NAKREKAL,Vallabhapuram,3264860.815834301,3945973.324915372
NALGONDA,SHALIGOURARAM,N.G.Kothapelly,3273219.688243657,3930108.160070771
NALGONDA,DEVARAKONDA,Gottimukkala,3209991.452345454,3876081.4322022717
NALGONDA,ANUMULA (HALIYA),Narayanapoor,3223934.044303416,3923048.493258506
NALGONDA,ANUMULA (HALIYA),Ambatpally,3225101.6184625407,3926276.872615913
NALGONDA,TRIPURARAM,Annaram,3224973.1962308697,3937671.5761427786
NALGONDA,TRIPURARAM,Narlekantigudem,3225981.28163977,3945300.888089369
NALGONDA,MIRYALAGUDA,Nandipahad (Part),3224984.549254151,3950815.7382777156
NALGONDA,NAMPALLY,Hydlapuram,3225779.159448061,3879431.70411406
NALGONDA,NAMPALLY,Mahamadapuram,3225301.753991663,3896452.0879441025
NALGONDA,NAMPALLY,T.P.Gouraram,3224643.901118037,3882277.15522285
NALGONDA,THIPPARTHY,Nalgonda (M),3242856.143851631,3927631.1998056085
NALGONDA,MADUGULAPALLY,Kalvalapalem,3241778.7041886407,3952729.330992318
NALGONDA,THIPPARTHY,G.kondaram,3243877.773641047,3935413.379187579
NALGONDA,NAKREKAL,Nellibanda,3259070.5488694394,3937750.226411367
NALGONDA,KATTANGUR,Kalimera,3258513.822777728,3927307.5086249444
NALGONDA,VEMULAPALLY,Annapureddy Guda,3227551.8016248574,3951130.9249888547
NALGONDA,GURRAMPODE,Chamled,3226593.1291557727,3905485.0723295743
NALGONDA,VEMULAPALLY,Mundlapadu,3229118.450367461,3953958.9697252857
NALGONDA,MARRIGUDA,Kondur,3232113.931377994,3876617.784193032
NALGONDA,VEMULAPALLY,Buggabaviguda,3232300.7186270948,3947266.273739022
NALGONDA,CHINTAPALLI,Takkalapally,3231596.1037303642,3870983.9746613903
NALGONDA,KANAGAL,China Madaram,3231545.6572741563,3927905.9119473347
NALGONDA,KANAGAL,Irugantipally,3233194.727812398,3929368.014201713
NALGONDA,KANAGAL,Narsimhapuram,3233219.348080444,3923087.8767040707
NALGONDA,KATTANGUR,Ramachandrapuram,3254649.307105666,3933738.9565773224
NALGONDA,MUNUGODE,Kothularam,3254578.5234101485,3894335.4483299763
NALGONDA,KETHEPALLY,Bandapalem,3252868.0608609957,3944288.6326687546
NALGONDA,KATTANGUR,Pittampally,3253806.4987288825,3922025.5157633005
NALGONDA,KATTANGUR,Mallaram,3254467.232356884,3930833.9544510776
NALGONDA,MUNUGODE,Ipparthy,3255353.167683082,3897461.779520316
NALGONDA,KETHEPALLY,Uppalapahad,3254355.199822148,3952047.8597145574
NALGONDA,SHALIGOURARAM,Vallala,3265014.2676036223,3934517.214613884
NALGONDA,NARKETPALLY,Thirumalagiri,3265754.7589085354,3917484.627473463
NALGONDA,NARKETPALLY,Thondalvai,3265644.346234267,3920837.15293408
NALGONDA,NAKREKAL,Thatikal,3254681.97248178,3936315.903075224
NALGONDA,NARKETPALLY,Yellareddyguda,3255423.149264106,3917531.772892541
NALGONDA,CHITYAL,Tallavellamla,3254992.6009891634,3901505.0446794764
NALGONDA,KATTANGUR,Kattangur,3255256.1575762304,3928215.156573113
NALGONDA,CHITYAL,Elikatte,3255966.095235918,3905996.0180399828
NALGONDA,NARKETPALLY,Brahmana Vellemla,3255532.384192777,3909971.753127036
NALGONDA,NAKREKAL,Palem,3263268.5420782277,3942086.868429946
NALGONDA,KATTANGUR,Parada,3262775.0342094544,3924354.0323322536
NALGONDA,CHITYAL,Peddakaparthy,3263633.683110296,3902927.3755989056
NALGONDA,SHALIGOURARAM,Uppalancha,3275785.0562055027,3928094.084139918
NALGONDA,NARKETPALLY,Ammanabolu,3274954.966703397,3923902.6755273943
NALGONDA,NAKREKAL,Ogode,3265467.0708042933,3943537.7800101326
NALGONDA,CHITYAL,Vanipakala,3265064.553751539,3912090.0989431324
NALGONDA,KATTANGUR,Pandenapally,3265752.419804628,3929682.6286645913
NALGONDA,SHALIGOURARAM,Perkakondaram,3265025.5310229613,3939211.471339521
NALGONDA,NARKETPALLY,Chippalapalli,3267852.8486922546,3921095.5601149173
NALGONDA,NARKETPALLY,Sabbidigudem,3268445.3740675705,3923341.7805284946
NALGONDA,CHITYAL,Gundrampally,3264644.1067581805,3894245.6042480567
NALGONDA,SHALIGOURARAM,Adluru,3267931.5937597686,3935776.689328034
NALGONDA,SHALIGOURARAM,Thakkellapahad,3269734.65217873,3928133.1633474063
NALGONDA,SHALIGOURARAM,Itukulapahad,3268537.9215043383,3945244.036107743
NALGONDA,SHALIGOURARAM,Utkur,3269304.928738685,3938512.5640885564
NALGONDA,NARKETPALLY,Nakkalapally,3269825.3392392523,3924683.440264212
NALGONDA,SHALIGOURARAM,Akaram,3268535.7818401116,3931418.1371595357
NALGONDA,NAMPALLY,B.Gouraram,3228517.1996757593,3887654.2553624283
NALGONDA,MADUGULAPALLY,Narsimhulguda,3228409.9187497227,3944785.497655796
NALGONDA,NALGONDA,Ammaguda,3249997.2970263353,3923586.703873076
NALGONDA,SHALIGOURARAM,Vaddipamula,3270853.322838612,3930730.2966773314
NALGONDA,SHALIGOURARAM,Madharam (kalan),3269285.056450279,3941835.939223255
NALGONDA,NARKETPALLY,Akkinepalli,3270342.20988196,3920214.228368253
NALGONDA,SHALIGOURARAM,Shalilingotam,3272780.4170792424,3936031.290406552
NALGONDA,SHALIGOURARAM,Bhairavunibanda,3272293.283351042,3927331.1065721666
NALGONDA,SHALIGOURARAM,Vangamarthy,3272540.309725055,3944268.906105181
NALGONDA,SHALIGOURARAM,Chithaluru,3273794.809970512,3940380.349199027
NALGONDA,SHALIGOURARAM,Manimadde,3276152.921635328,3930761.49950481
NALGONDA,KETHEPALLY,Bheemaram,3248318.1223534425,3954965.799313176
NALGONDA,ANUMULA (HALIYA),Mukkamala,3221439.8192586307,3916050.0682135024
NALGONDA,DEVARAKONDA,Kommepally,3201588.3044157336,3876640.8948842515
NALGONDA,SHALIGOURARAM,PathaKondaram,3266735.204111284,3937728.36452105
NALGONDA,KETHEPALLY,Bopparam,3262868.463352942,3947701.205339887
YADADRI BHUVANAGIRI,RAMANNAPET,Suraram,3277408.5890512406,3918991.051133914
YADADRI BHUVANAGIRI,RAMANNAPET,Kunkudu Pamula,3274072.6513925963,3920487.9713174384
YADADRI BHUVANAGIRI,RAMANNAPET,B.Thurka Palle,3276708.8140492863,3920263.570143486
NALGONDA,NAKREKAL,Marrur,3250300.991755063,3940410.832333184
NALGONDA,NAKREKAL,Gorenkalapally,3248134.583448019,3939280.222832688
NALGONDA,DAMARCHERLA,Thallaveerappaguda,3205736.5284651183,3958524.555613796
NALGONDA,NAMPALLY,Nampally,3225268.2210217244,3891017.5659328904
NALGONDA,NAMPALLY,Chittampahad,3226493.306861962,3888237.2588858525
WANAPARTHY,YEDULA,Rekulapally,3160271.2443799875,3808402.378292938
WANAPARTHY,YEDULA,Muthireddypally,3160556.473378192,3814476.3407546543
WANAPARTHY,YEDULA,Turkadinne,3161918.9620429287,3812670.686703108
WANAPARTHY,YEDULA,Machupally,3164041.530624026,3810391.2429059003
WANAPARTHY,YEDULA,Singaipally,3162611.212466564,3808112.3010103256
WANAPARTHY,PANGAL,Sakhapur,3156976.973541033,3807847.3568865177
WANAPARTHY,CHINNAMBAVI,Bekkam,3133802.4660029,3799810.3691514847
WANAPARTHY,CHINNAMBAVI,Solipuram,3124597.3949658424,3811414.279737922
WANAPARTHY,MADANAPUR,Nelividi,3173731.280646454,3775794.035843128
WANAPARTHY,MADANAPUR,Govindahalli,3173216.437341357,3779891.515881972
WANAPARTHY,SRIRANGAPUR,Nagarala,3152169.874725523,3795751.0709706456
WANAPARTHY,PANGAL,Chikkepalle,3153840.2867694027,3808058.27256126
WANAPARTHY,PANGAL,Davajipalle,3162362.915121918,3799011.7315940135
WANAPARTHY,PANGAL,Gopalpur,3161844.344588457,3801385.233996434
WANAPARTHY,CHINNAMBAVI,Vellatur,3126136.543557848,3807336.6578570115
WANAPARTHY,CHINNAMBAVI,Kalloor,3126446.4850386907,3813014.6768821413
WANAPARTHY,CHINNAMBAVI,Chinnamarur,3127824.669000079,3804952.5907280724
WANAPARTHY,CHINNAMBAVI,Velgonda,3139423.4895759616,3797836.507239718
WANAPARTHY,WEEPANAGANDLA,Sampatraopalle,3140541.2956185522,3808662.06458338
WANAPARTHY,WEEPANAGANDLA,Gopaldinne,3145074.518465668,3796473.3540180507
WANAPARTHY,WEEPANAGANDLA,Toomkunta,3142958.4344394878,3807696.331854409
WANAPARTHY,SRIRANGAPUR,Nagasanipalle,3146490.4076009486,3793182.5378497057
WANAPARTHY,PANGAL,Pangal,3157769.0376836313,3801734.473855806
WANAPARTHY,PANGAL,Madhavaraopalle,3158468.653659231,3805211.1556856204
WANAPARTHY,PEDDAMANDADI,Chinnamandadi,3180773.5158748543,3793117.055924392
WANAPARTHY,KOTHAKOTA,Apparala,3163330.899500507,3777739.587272025
WANAPARTHY,WANAPARTHY,Dattaipalle,3162738.0354611576,3795590.7970922603
WANAPARTHY,ATMAKOOR,Guntipalle,3163649.0759684234,3770313.832890853
WANAPARTHY,WANAPARTHY,Kistagiri,3163173.3101321654,3789789.209629603
WANAPARTHY,PEDDAMANDADI,Balijapalle,3179654.7897665147,3798139.25138142
WANAPARTHY,GHANPOOR,Solipur,3184634.2222833857,3792657.070059431
WANAPARTHY,WANAPARTHY,Venkatapur,3179392.8657236276,3801708.0121962163
WANAPARTHY,CHINNAMBAVI,Gaddabaswapuram,3133436.1802817215,3795802.9733071662
WANAPARTHY,CHINNAMBAVI,Lakshmipalle,3135698.8792319363,3808071.085865996
WANAPARTHY,SRIRANGAPUR,Thatipamula,3156675.6500051683,3791446.0518142884
WANAPARTHY,MADANAPUR,Dwarakanagar,3178773.3817012063,3775662.5661390657
WANAPARTHY,REVALLY,Thalpunur,3173839.2090084394,3813360.6379296877
WANAPARTHY,PEDDAMANDADI,Peddamandadi,3176624.8516208665,3792082.337782343
WANAPARTHY,REVALLY,Kesampeta,3171130.053219484,3810027.234600602
WANAPARTHY,MADANAPUR,Kothapalle,3172819.379519469,3773575.664603205
WANAPARTHY,MADANAPUR,Dantanoor,3173000.6462216885,3778418.132786212
WANAPARTHY,AMARCHINTHA,Amarchinta (M),3170899.770126728,3764852.8533899193
WANAPARTHY,PEBBAIR,Yaparla,3135186.1709327213,3794224.630923973
WANAPARTHY,CHINNAMBAVI,Dagada,3135182.354564304,3805095.8314947677
WANAPARTHY,CHINNAMBAVI,Chellepahad,3129409.644184776,3813750.616332562
WANAPARTHY,CHINNAMBAVI,Ayyavaripalle,3128813.983127989,3811036.1661249073
WANAPARTHY,CHINNAMBAVI,Peddamarur,3131346.751284367,3804475.7238865234
WANAPARTHY,CHINNAMBAVI,Koppunur,3131768.1112185777,3808791.9455283713
WANAPARTHY,CHINNAMBAVI,Miyapuram,3137029.2573495316,3797940.1195261125
WANAPARTHY,CHINNAMBAVI,Ammaipalle,3138836.3682829607,3801754.953912211
WANAPARTHY,CHINNAMBAVI,Dagadapalle,3138494.0196398557,3804800.9520715605
WANAPARTHY,PEDDAMANDADI,Manigilla,3175364.124647585,3788216.7125059436
WANAPARTHY,SRIRANGAPUR,Srirangapur,3150860.6217794637,3792064.846026114
WANAPARTHY,PANGAL,Thellarallapalle,3151042.114162486,3808341.284640029
WANAPARTHY,PEBBAIR,Rangapur,3150461.9361851774,3783795.810557623
WANAPARTHY,PEBBAIR,Kanchiraopalle,3157374.0705801467,3787111.5209667822
WANAPARTHY,ATMAKOOR,Thippadampalle,3161920.4892135733,3775604.693853003
WANAPARTHY,WANAPARTHY,Mentapalle,3162199.4692295482,3785784.8010285
WANAPARTHY,MADANAPUR,Shankarampeta,3175393.7817078326,3779039.765215533
WANAPARTHY,MADANAPUR,Duppalle,3175180.924710773,3772783.675230122
WANAPARTHY,KOTHAKOTA,Nirven,3175493.377599502,3785187.552110511
WANAPARTHY,KOTHAKOTA,Palem,3175857.9431005134,3782903.553815398
WANAPARTHY,AMARCHINTHA,Nagalkadumur,3175576.186128568,3759631.560093639
WANAPARTHY,CHINNAMBAVI,Lingasanipalle,3125514.2393943532,3809971.99808878
WANAPARTHY,PEDDAMANDADI,Veltoor,3182100.643214286,3782972.884663299
WANAPARTHY,PEDDAMANDADI,Gatlakhanapur,3183491.250392876,3787731.129254571
WANAPARTHY,GHANPOOR,Gharkasa,3189998.639108013,3793322.7954403716
WANAPARTHY,KOTHAKOTA,Natavalli,3158389.0928904484,3783872.673601612
WANAPARTHY,ATMAKOOR,Devarapalle,3162494.1489335946,3773453.524484829
WANAPARTHY,ATMAKOOR,Jurial,3163801.7517790343,3768247.1436604303
WANAPARTHY,PEDDAMANDADI,Veeraipalle,3182617.681539165,3795210.519102114
WANAPARTHY,YEDULA,Yedutla,3169068.990203746,3805948.130309573
WANAPARTHY,WANAPARTHY,Wanaparthy (M),3168557.328606696,3795189.7148351963
WANAPARTHY,MADANAPUR,Karvena,3173000.330089851,3771372.644312653
WANAPARTHY,REVALLY,Shanaipalle,3172942.322868162,3818511.7565467674
WANAPARTHY,GHANPOOR,Ghanpur,3192247.0855067675,3793748.8103132537
WANAPARTHY,PEBBAIR,Burdipadu,3140979.4845147342,3787614.6886735973
WANAPARTHY,PEBBAIR,Gummadam,3138917.6575332936,3793468.3364297105
WANAPARTHY,PEBBAIR,Thippaipalle,3139971.520478719,3790308.851941227
WANAPARTHY,PEBBAIR,Erladinne,3141760.4194415505,3786094.4126294986
WANAPARTHY,ATMAKOOR,Medepalle,3165768.3051653644,3772584.770223302
WANAPARTHY,WANAPARTHY,Khasimnagar,3165459.047704174,3800722.0878360486
WANAPARTHY,KOTHAKOTA,Boothpur,3165718.877055711,3780481.784166548
WANAPARTHY,PANGAL,Remaddula,3164999.344216444,3805258.4590492933
WANAPARTHY,KOTHAKOTA,Cherlapalle,3165809.9636825267,3778015.3388150535
WANAPARTHY,GHANPOOR,Upparapalle,3186096.015238373,3790633.465794798
WANAPARTHY,PEBBAIR,Sugur,3144927.667630131,3787300.8886840963
WANAPARTHY,PEBBAIR,Janumpalle,3147700.16216506,3784849.5054875338
WANAPARTHY,WEEPANAGANDLA,Govardhangiri,3142489.103417896,3794918.767013343
WANAPARTHY,PEBBAIR,Penchikalpadu,3143282.138784726,3785037.388450181
WANAPARTHY,PEBBAIR,Ayyavaripalle,3143681.3301675203,3791778.4716197276
WANAPARTHY,WEEPANAGANDLA,Veepangandla,3142521.1941339606,3801308.6755767697
WANAPARTHY,PEBBAIR,Rameshwarapuram,3143457.423525453,3789185.63855549
WANAPARTHY,PEBBAIR,Munagamanudinne,3145373.946976242,3783922.791423262
WANAPARTHY,GOPALPET,Munnanur,3169153.4629928167,3801036.547782625
WANAPARTHY,AMARCHINTHA,Nandimalla,3169029.101534148,3760579.1511834767
WANAPARTHY,WANAPARTHY,Appaipalle,3169615.8973996323,3799359.379966287
WANAPARTHY,AMARCHINTHA,Kistampalle,3169465.742759407,3757752.6980442717
WANAPARTHY,REVALLY,Bandaraipakula,3167021.197311511,3818854.7870204584
WANAPARTHY,GHANPOOR,Mamidimada,3189241.4825290577,3799732.5283034085
WANAPARTHY,WEEPANAGANDLA,Korlakunta,3148351.9945622776,3811082.1920580324
WANAPARTHY,SRIRANGAPUR,Venkatapur (S),3148032.302218135,3790743.680689233
WANAPARTHY,WEEPANAGANDLA,Bollaram,3147357.240489055,3809104.285026013
WANAPARTHY,WEEPANAGANDLA,Kalvarala,3147297.2707868144,3801677.453035469
WANAPARTHY,SRIRANGAPUR,Janampeta,3148612.132366157,3788742.695717958
WANAPARTHY,WEEPANAGANDLA,Pulgarcherla,3148627.4061671696,3797592.280752761
WANAPARTHY,PANGAL,Busireddipalle,3152030.575483213,3799842.6615858385
WANAPARTHY,PANGAL,Kethepalle,3152023.2065844773,3804004.367485937
WANAPARTHY,PEBBAIR,Bunyadpur,3151605.0237564985,3788290.2036073273
WANAPARTHY,PANGAL,Jammapur,3154204.0616196347,3800842.0950133656
WANAPARTHY,PANGAL,Rayanipalle,3154342.809446601,3797725.684397046
WANAPARTHY,SRIRANGAPUR,Kamballapur,3153556.009170728,3791784.1110471403
WANAPARTHY,PEBBAIR,Ramapur,3154287.682401528,3782680.4778993255
WANAPARTHY,PEBBAIR,Pebbair (M),3153740.4367241235,3786729.108951376
WANAPARTHY,PANGAL,Vengalaipalle,3154939.6609904245,3801413.1144145215
WANAPARTHY,GHANPOOR,Anpahad,3194208.1725514308,3795694.763416235
WANAPARTHY,WANAPARTHY,Peddagudem,3165571.865587913,3789388.182137237
WANAPARTHY,PANGAL,Nizamabad,3154795.2270854693,3805312.54690477
WANAPARTHY,PANGAL,Bandapalle,3156158.768356448,3800917.240772715
WANAPARTHY,PANGAL,Mahammadapur,3155915.598166549,3796907.4829258276
WANAPARTHY,PEBBAIR,Shakhapur (Y),3156203.5728188762,3781597.199628062
WANAPARTHY,PANGAL,Chintakunta,3157667.863833617,3795409.6284960043
WANAPARTHY,PANGAL,Dondaipalle,3159966.4732895833,3797182.5571018206
WANAPARTHY,PANGAL,Annaram,3159976.234705337,3799277.2171294745
WANAPARTHY,WANAPARTHY,Natchahalli,3160323.8329416206,3788599.5532617355
WANAPARTHY,WANAPARTHY,Chandapur,3160505.204847507,3794676.826779514
WANAPARTHY,WANAPARTHY,Savaigudem,3160773.4829481007,3791279.2827689676
WANAPARTHY,KOTHAKOTA,Miraspalle,3160742.353159999,3782314.748782474
WANAPARTHY,KOTHAKOTA,Pamapur,3158356.8572994093,3780745.7947973623
WANAPARTHY,KOTHAKOTA,Nancharammapet,3160810.1556539224,3784469.7209672863
WANAPARTHY,PANGAL,Kistapur,3161981.7186530386,3803525.165061241
WANAPARTHY,PEDDAMANDADI,Pamireddipalle,3180532.053376234,3796634.0989564136
WANAPARTHY,WANAPARTHY,Anjangiri,3164529.224509693,3797914.905720222
WANAPARTHY,WANAPARTHY,Kadukuntla,3164417.4763598386,3785598.2039509937
WANAPARTHY,KOTHAKOTA,Satyahalli,3168056.7821476865,3780382.8126701526
WANAPARTHY,KOTHAKOTA,Amadabakula,3168476.5128641357,3782081.790252676
WANAPARTHY,YEDULA,Cheerakapally,3168005.389685828,3813168.3985235314
WANAPARTHY,MADANAPUR,Ramanpadu,3169432.5924490537,3773841.385551408
WANAPARTHY,WANAPARTHY,Rajapeta,3169130.8642904568,3788919.201933392
WANAPARTHY,KOTHAKOTA,Sankireddipalle,3168889.483975298,3785270.226190626
WANAPARTHY,KOTHAKOTA,Waddawata,3169452.51269014,3778700.2952075303
WANAPARTHY,MADANAPUR,Gopanpeta,3170605.062632559,3772275.418922686
WANAPARTHY,PEDDAMANDADI,Maddigatla,3180589.2368395426,3787258.013758518
WANAPARTHY,KOTHAKOTA,Mummallapalle,3164900.798664247,3782442.8089813553
WANAPARTHY,ATMAKOOR,Mulamalla,3166788.002198018,3763241.4605946406
WANAPARTHY,GOPALPET,Yedula,3165079.9775772514,3814374.7415254405
WANAPARTHY,MADANAPUR,Ajjakollu,3167165.41262171,3774918.3183147605
WANAPARTHY,KOTHAKOTA,Rayanpet,3167096.791797268,3785453.087391103
WANAPARTHY,REVALLY,Konkalapalle,3167952.292477544,3817109.134498287
WANAPARTHY,GOPALPET,Jain Thirumalapur,3167738.743321582,3801992.1021215073
WANAPARTHY,ATMAKOOR,Atmakur (M),3167157.7421919983,3766940.425343124
WANAPARTHY,AMARCHINTHA,Singampeta,3168302.227647317,3765387.934667166
WANAPARTHY,ATMAKOOR,Balakistapur,3167318.71147977,3770587.7497791285
WANAPARTHY,GOPALPET,Polkepahad,3176535.351967389,3808060.1259055273
WANAPARTHY,ATMAKOOR,Motlampalle,3162299.248894293,3771224.3563948213
WANAPARTHY,MADANAPUR,Thirumalaipalle,3170903.475252654,3776006.171046225
WANAPARTHY,AMARCHINTHA,Erladinne,3170840.6004857197,3755820.7473493787
WANAPARTHY,REVALLY,Revally,3170599.7358524026,3815815.46802018
WANAPARTHY,REVALLY,Nagapur,3170276.5066238944,3819885.547961625
WANAPARTHY,YEDULA,Chennaram,3168306.292628014,3810799.9722973243
WANAPARTHY,MADANAPUR,Madanapur,3172807.656274789,3775765.286396749
WANAPARTHY,ATMAKOOR,Pinnamcherla,3171291.775600385,3769271.587474111
WANAPARTHY,AMARCHINTHA,Mastipur,3171713.277156483,3762293.894549993
WANAPARTHY,AMARCHINTHA,Chinthareddipalle,3172491.9657716546,3754217.747690633
WANAPARTHY,KOTHAKOTA,Kanaipalle,3172364.9512086636,3784813.979632358
WANAPARTHY,GOPALPET,Chakalpalle,3172352.1951453076,3808177.7572868033
WANAPARTHY,KOTHAKOTA,Kothakota (M),3171974.847048916,3781644.6363442214
WANAPARTHY,WANAPARTHY,Achutapur,3173330.6145980125,3793208.027852968
WANAPARTHY,AMARCHINTHA,Mittanandimalla,3173595.0256344276,3756272.3782450375
WANAPARTHY,AMARCHINTHA,Chandraghad,3172653.1080008517,3758702.6959602847
WANAPARTHY,PEDDAMANDADI,Jagathpalle,3172537.095413201,3789624.928214464
WANAPARTHY,AMARCHINTHA,Dharmapur,3173148.276144233,3760828.828855469
WANAPARTHY,AMARCHINTHA,Pamireddipalle,3173906.945152768,3765147.8574123187
WANAPARTHY,WANAPARTHY,Chityala,3173810.3170686457,3795912.4452083088
WANAPARTHY,AMARCHINTHA,Kankanvanipalle,3175625.0514745363,3764470.1206554966
WANAPARTHY,GOPALPET,Chennur,3174682.1895908103,3801335.2551728925
WANAPARTHY,MADANAPUR,Narsingapur,3175218.0044572228,3776293.4643162093
WANAPARTHY,KOTHAKOTA,Ramnathpur,3175447.7366915927,3780785.8435558625
WANAPARTHY,MADANAPUR,Konnur,3177207.698078976,3777006.2483743276
WANAPARTHY,WANAPARTHY,Chimanguntapalle,3175857.1412072666,3799293.5906702336
WANAPARTHY,KOTHAKOTA,Pathajangamaipalle,3178259.195644177,3779195.177355231
WANAPARTHY,KOTHAKOTA,Kanimetta,3178058.4815698937,3782239.1213613786
WANAPARTHY,GOPALPET,Buddharam,3177708.3472543047,3804221.7024071435
WANAPARTHY,PEDDAMANDADI,Alwal,3180114.6394971516,3790763.545948172
WANAPARTHY,PEDDAMANDADI,Jangamaipalle,3182843.2329028593,3799134.77629827
WANAPARTHY,MADANAPUR,Amravathinagar,3179095.03086871,3777714.430686025
WANAPARTHY,GOPALPET,Gopalpeta,3173279.0690207984,3804572.204057088
WANAPARTHY,WANAPARTHY,Jakkampalle (UI),3178458.940448826,3802346.9761881945
WANAPARTHY,GHANPOOR,Suraipalle,3186709.9998643547,3788859.2727427585
WANAPARTHY,GHANPOOR,Shapur,3188529.1389404135,3795891.909018604
WANAPARTHY,GHANPOOR,Manajipet,3187720.7017967496,3793519.245947752
WANAPARTHY,GHANPOOR,Malkapur,3191186.125822469,3790159.396687972
WANAPARTHY,GHANPOOR,Parwathapur,3190857.3761367826,3797618.6455978076
WANAPARTHY,GHANPOOR,Venkatampalle,3194925.6182241943,3793060.7528827954
WANAPARTHY,GHANPOOR,Appareddipalle,3193971.874102338,3798413.3257187475
WANAPARTHY,GHANPOOR,Salkalapur,3193870.006914033,3800583.0199745535
WANAPARTHY,GHANPOOR,Malkimianpalle,3195103.322552227,3797112.0432060454
WANAPARTHY,GHANPOOR,Anthaipalle,3197190.2164141424,3789997.8782867235
WANAPARTHY,GHANPOOR,Agaram,3195524.4746979913,3791407.5954348864
WANAPARTHY,GHANPOOR,Almaipalle,3196165.0526155727,3797172.8710128395
WANAPARTHY,GHANPOOR,Kamaluddinpur,3196849.164251113,3791727.936368412
WANAPARTHY,GHANPOOR,Thirumalaipalle,3197017.7177463192,3794832.97374776
WANAPARTHY,PANGAL,Mallaipalle,3159094.5941127427,3793273.95624132
WANAPARTHY,WEEPANAGANDLA,Sanginepalle,3145544.807214048,3805837.5696374318
WANAPARTHY,WEEPANAGANDLA,Vallabhapur,3148768.742834934,3805972.8393659955
WANAPARTHY,SRIRANGAPUR,Gumpanpalle,3148640.8854073402,3793738.4397209412
WANAPARTHY,PEBBAIR,Pathapalle,3145603.551867965,3790690.277887884
WANAPARTHY,KOTHAKOTA,Ramakrishnapur,3161277.351184091,3779445.320680507
MAHABUBABAD,BAYYARAM,Kachanapalle,3303710.25420662,4020817.990001168
MAHABUBABAD,GARLA,Pocharam,3293231.884503096,4021855.199021969
MAHABUBABAD,BAYYARAM,Irsulapuram,3303070.7412168407,4014600.950875436
MAHABUBABAD,BAYYARAM,Kothapeta,3300312.3018035865,4016670.2395173027
MAHABUBABAD,GARLA,Chandragiri,3294566.1337488424,4014012.7212291667
MAHABUBABAD,BAYYARAM,Gandhampalle,3298229.425199845,4013780.2987908716
MAHABUBABAD,GARLA,Garla,3292297.004756028,4015738.1176913143
MAHABUBABAD,BAYYARAM,Dharmapuram,3299692.8516025566,4019016.8802111233
MAHABUBABAD,BAYYARAM,Jagathraopet,3313923.8180005425,4016381.6656630184
MAHABUBABAD,GARLA,Buddharam,3288383.7068080474,4015300.03755525
MAHABUBABAD,GARLA,Pulluru,3288607.501440283,4019253.9910504646
MAHABUBABAD,GARLA,Rampuram,3292317.3885670803,4012893.931862485
MAHABUBABAD,GARLA,Gopalapuram,3292466.8420359297,4018407.110095067
MAHABUBABAD,GARLA,Mulkanoor,3295448.352145716,4011796.907408145
MAHABUBABAD,GARLA,Maddi Vancha,3294464.6645278176,4010718.97341517
MAHABUBABAD,BAYYARAM,Singaram,3296675.745825308,4013423.7847516914
MAHABUBABAD,BAYYARAM,Uppalapadu,3304237.0368936793,4007225.1195083577
MAHABUBABAD,BAYYARAM,Lingagiri,3305359.226770352,4016962.0926854154
MAHABUBABAD,BAYYARAM,Bayyaram,3302862.425724369,4010967.6202088115
MAHABUBABAD,BAYYARAM,Gowraram,3308467.808747534,4009582.1663288674
MAHABUBABAD,BAYYARAM,Ramachandra Puram,3309392.5717989425,4013544.5105503914
MAHABUBABAD,BAYYARAM,Kambalapalle,3309669.521607367,4020785.292039685
MAHABUBABAD,BAYYARAM,Gurimella,3314140.8521946534,4007216.290340859
MAHABUBABAD,BAYYARAM,Kommavaram,3314094.9059776827,4022494.313971075
MAHABUBABAD,BAYYARAM,Motlathimma Puram,3314100.368393721,4011577.2370884125
MAHABUBABAD,BAYYARAM,Venkatapuram,3317388.7428560713,4022490.9265322615
MAHABUBABAD,MARIPEDA,Purushothamaigudem,3282577.9447154487,3994707.4396078037
MAHABUBABAD,MAHABUBABAD,Mahabubabad (M),3301959.116664572,4001493.8411529385
MAHABUBABAD,NELLIKUDUR,Nellikudur,3302526.5127993235,3974154.1780789657
MAHABUBABAD,PEDDAVANGARA,Authapur,3303565.4999563945,3955375.9364186917
MAHABUBABAD,GANGARAM,Madaguda,3327318.293037935,4017629.150980868
MAHABUBABAD,KOTHAGUDA,Doravarivempalle,3338766.31435238,4017333.126046936
MAHABUBABAD,KOTHAGUDA,Kothagudem,3338594.634291507,4005869.505099593
MAHABUBABAD,GUDUR,Gundenga,3324356.628582543,3989116.5434015603
MAHABUBABAD,KOTHAGUDA,Govindapur,3342728.6217817958,4007745.8293279624
MAHABUBABAD,KOTHAGUDA,Karnegandi,3343010.55140039,4017569.668385363
MAHABUBABAD,KOTHAGUDA,Jangavaniguda,3347808.501781686,4010117.5466180677
MAHABUBABAD,KOTHAGUDA,Sadireddipalle,3347352.092989662,4004205.819765683
MAHABUBABAD,GUDUR,Adivarampet,3332613.1734031504,3999638.024314222
MAHABUBABAD,GUDUR,Chinnayellapur,3333133.8323926725,4000589.0887924065
NALGONDA,NAKREKAL,NAKREKAL (M),3256565.429538083,3938709.265463191
MAHABUBABAD,GUDUR,Gudur,3326129.1771729244,3998054.4062312115
MAHABUBABAD,KESAMUDRAM,Mahamoodpatnam,3312951.2014984326,3983546.0698852153
MAHABUBABAD,THORRUR,Gopalagiri,3298581.7029643543,3964983.3760248153
MAHABUBABAD,GUDUR,Macherla,3323531.869193657,4000055.446695686
MAHABUBABAD,GUDUR,Apparajpalle,3316108.9569746926,3998938.5385924564
MAHABUBABAD,GUDUR,Damaravancha,3320219.2957079727,3998069.3485592604
MAHABUBABAD,KESAMUDRAM,Korukondapalle,3315281.804367965,3983252.908604938
MAHABUBABAD,MARIPEDA,Burhanpur,3276353.7412145133,3983376.2618169165
MAHABUBABAD,MARIPEDA,Gundepudi,3276108.253513133,3985573.5072607845
MAHABUBABAD,MARIPEDA,Thanamcherla,3277094.515881995,3979378.4871482183
MAHABUBABAD,DORNAKAL,Mulkalapalle,3278221.2883259235,4006922.90305508
MAHABUBABAD,MARIPEDA,Tallaookal,3279295.1518773697,3981266.7701112046
MAHABUBABAD,MARIPEDA,Galivarigudem,3280290.787608749,3992757.1784691694
MAHABUBABAD,SEEROLE,Mannegudem,3279456.7809974607,4004653.6653468264
MAHABUBABAD,DORNAKAL,Ravigudem,3280810.1364299497,4006537.636640783
MAHABUBABAD,MARIPEDA,Abbaipalem,3281239.6338726217,3991184.2604785785
MAHABUBABAD,MARIPEDA,Giripuram,3280619.656892407,3983994.3517656573
MAHABUBABAD,MARIPEDA,Maripeda (M),3280554.32281962,3987407.1027357653
MAHABUBABAD,DORNAKAL,Vennaram,3281706.404109493,4012088.2803081493
MAHABUBABAD,DORNAKAL,Gurralakunta,3283451.596227965,4013480.8434106293
MAHABUBABAD,MARIPEDA,Ullepalle,3286252.346564658,3991432.3942981972
MAHABUBABAD,MARIPEDA,Erjerla,3287519.7576841605,3994647.871617112
MAHABUBABAD,DORNAKAL,Chilkodu,3286939.9475782784,4009360.6453913497
MAHABUBABAD,DANTHALPALLE,Vemulapalle,3287052.908488112,3970726.2194453953
MAHABUBABAD,SEEROLE,Upparagudem,3287779.42495447,4004319.95698619
MAHABUBABAD,CHINNAGUDUR,Chinnagudur,3294175.540100126,3987568.806323451
MAHABUBABAD,DANTHALPALLE,Danthalapalle,3295032.287372192,3972533.2994097723
MAHABUBABAD,KESAMUDRAM,Upparapalle,3315631.9835500442,3991272.3400027435
MAHABUBABAD,GUDUR,Bhupathipet,3330706.148814025,3998007.9127660007
MAHABUBABAD,KOTHAGUDA,Rangappagudem,3345270.336242962,4010960.337525649
MAHABUBABAD,KURAVI,Kancherlagudem,3295921.6735149114,4004690.400143243
MAHABUBABAD,KOTHAGUDA,Murraigudem,3342719.3453535363,4004017.1522423415
MAHABUBABAD,KOTHAGUDA,Irukulakunta,3326601.6838874123,4018145.7315506237
MAHABUBABAD,MAHABUBABAD,Laxmipur,3298839.568937026,3986622.978733639
MAHABUBABAD,MAHABUBABAD,Jangligonda,3298765.8394001257,3989275.5310106315
MAHABUBABAD,THORRUR,Venkatapur,3299587.6083792816,3962932.5480800616
MAHABUBABAD,KOTHAGUDA,Pogallapalle,3342852.5819282467,4005960.5231023114
MAHABUBABAD,DORNAKAL,Ammapalem,3282664.253383522,4015832.2458555135
MAHABUBABAD,DORNAKAL,Kannegundla,3281096.5304240505,4009368.5906829736
MAHABUBABAD,MARIPEDA,Neelkurthy,3283698.2421424123,3981207.777751288
MAHABUBABAD,SEEROLE,Seerole,3281242.0580420666,4000918.8688953477
MAHABUBABAD,MARIPEDA,Anepuram,3283841.969689692,3983763.533550834
MAHABUBABAD,MARIPEDA,Beecharajpalle,3284087.1910586488,3992272.327266078
MAHABUBABAD,DORNAKAL,Burgupahad,3285081.0023027146,4009781.9155740985
MAHABUBABAD,MARIPEDA,Rampuram,3283686.4250489236,3976812.522466077
MAHABUBABAD,DORNAKAL,Perumandla-Sankesa,3284460.2361638555,4006234.9796035415
MAHABUBABAD,MARIPEDA,Dharmaram,3284678.551081925,3996118.278201998
MAHABUBABAD,DORNAKAL,Uyyalawada,3284949.3821236067,4012759.8647659626
MAHABUBABAD,MARIPEDA,Chillamcherla,3285172.8932946906,3979175.187200242
MAHABUBABAD,MARIPEDA,Veeraram,3285561.1129184077,3988143.5265352414
MAHABUBABAD,DORNAKAL,Dornakal (M),3286112.7589666806,4015823.679477235
MAHABUBABAD,GUDUR,Ayodhyapur,3324818.489299485,3994945.024748696
MAHABUBABAD,SEEROLE,Kampelli,3284754.8068740205,4002449.3284934564
MAHABUBABAD,NARSIMHULAPET,Vanthadupula,3288182.7945718016,3978100.886225742
MAHABUBABAD,SEEROLE,Thallasankeesesa,3288699.025198685,4002376.3318314813
MAHABUBABAD,NARSIMHULAPET,Peddanagaram,3288549.8405725146,3981661.0494430205
MAHABUBABAD,DANTHALPALLE,Kummarikuntla,3289668.1650129673,3970855.5282506086
MAHABUBABAD,SEEROLE,Chinthapally,3288251.9190188413,3998906.6220962857
MAHABUBABAD,DANTHALPALLE,Reponi,3288295.018981572,3973358.481392831
MAHABUBABAD,MARIPEDA,Yellampet,3288572.51436009,3985637.713893004
MAHABUBABAD,CHINNAGUDUR,Veesampalle,3289225.1284942445,3988902.114100171
MAHABUBABAD,DORNAKAL,Gollacherla,3289779.0476081436,4011663.6276010945
MAHABUBABAD,DANTHALPALLE,Datla,3288828.3664376866,3975857.9714241372
MAHABUBABAD,KURAVI,Madugulagudem,3290866.875830256,4001430.2992791366
MAHABUBABAD,KURAVI,Sudanpalle,3290130.256955759,3994375.5371208587
MAHABUBABAD,THORRUR,Karkal,3292234.0721000945,3962447.5603119
MAHABUBABAD,CHINNAGUDUR,Uggampalle,3292149.0896983966,3986172.920130295
MAHABUBABAD,DANTHALPALLE,Gunnepalle,3291960.6710145995,3972806.823339227
MAHABUBABAD,DANTHALPALLE,Peddamupparam,3290625.8257610104,3966545.316492617
MAHABUBABAD,DANTHALPALLE,Agapet,3292321.3440130264,3969801.739099371
MAHABUBABAD,KURAVI,Thattupalle,3293738.9991351455,3992720.5723873167
MAHABUBABAD,KURAVI,Balapala,3291395.154478949,4007510.0284540383
MAHABUBABAD,CHINNAGUDUR,Jayyaram,3291042.8294690815,3991076.766822797
MAHABUBABAD,KURAVI,Nallela,3292228.884699147,4004111.764393886
MAHABUBABAD,NARSIMHULAPET,Mungimadugu,3292587.0980011793,3982944.374513407
MAHABUBABAD,KURAVI,Ayyagaripalle,3292728.8223151304,3999652.9831114123
MAHABUBABAD,DANTHALPALLE,Ramavaram,3293753.13908327,3968333.2293328578
MAHABUBABAD,PEDDAVANGARA,Bommakal,3293822.174156024,3959757.7227415806
MAHABUBABAD,KURAVI,Thirumalapur,3293930.5280545587,4003126.344561445
MAHABUBABAD,PEDDAVANGARA,Pocharam,3294254.7384353857,3956826.2564073615
MAHABUBABAD,PEDDAVANGARA,Waddekothapalle,3294672.2784736906,3954789.813943495
MAHABUBABAD,NARSIMHULAPET,Narsimhulapet,3293405.369250379,3977840.4609184475
MAHABUBABAD,KURAVI,Rajole,3295219.4591437606,4007260.7534157396
MAHABUBABAD,NARSIMHULAPET,Kausalyadevipalle,3295562.523151615,3983798.804424512
MAHABUBABAD,MAHABUBABAD,Madhavpuram,3295384.8519232348,3996739.0238060793
MAHABUBABAD,DANTHALPALLE,Bodlada,3296922.196477209,3973780.211942249
MAHABUBABAD,PEDDAVANGARA,Koripalle,3296732.978010215,3952833.1881008265
MAHABUBABAD,PEDDAVANGARA,Chityal,3296619.690463525,3959544.792145554
MAHABUBABAD,THORRUR,Cherlapalem,3296888.6885722256,3966805.949747322
MAHABUBABAD,NARSIMHULAPET,Jayapuram,3296726.456615856,3979863.1989647592
MAHABUBABAD,THORRUR,Haripriyal,3295454.680343207,3962811.227740338
MAHABUBABAD,KURAVI,Kuravi,3296025.862578004,4000488.821097116
MAHABUBABAD,CHINNAGUDUR,Gundamrajupalle,3296719.9524415834,3986350.8625172344
MAHABUBABAD,THORRUR,Matedu,3297575.9727425543,3969984.2918581176
MAHABUBABAD,NARSIMHULAPET,Kommulavancha,3297311.1079391693,3977184.328187777
MAHABUBABAD,KURAVI,Narayanapur,3297373.5845906376,4005296.581961309
MAHABUBABAD,DANTHALPALLE,Kalvapalle,3293155.4873661757,3966675.6733520036
MAHABUBABAD,NARSIMHULAPET,Akkirala,3295526.790843793,3981353.6925905435
MAHABUBABAD,THORRUR,Bonthupalli,3295851.7098879027,3969423.066395096
MAHABUBABAD,NARSIMHULAPET,Bojjannapet,3297876.355129766,3983219.1107429825
MAHABUBABAD,KURAVI,Mogilicherla,3297862.178102291,4003074.3210811736
MAHABUBABAD,THORRUR,Chikataipalem,3295502.991929714,3965427.471559755
MAHABUBABAD,THORRUR,Polepalle,3299336.5417846576,3970426.9375720466
MAHABUBABAD,THORRUR,Madipalle,3301925.601181058,3969866.228124848
MAHABUBABAD,MAHABUBABAD,Ammangal,3302306.784479443,3991016.453921987
MAHABUBABAD,NELLIKUDUR,Sriramgiri,3303024.4636020088,3982275.2546824766
MAHABUBABAD,MAHABUBABAD,Khambhalpalle,3310358.17149342,4007179.10750847
MAHABUBABAD,THORRUR,Somaram,3311175.8445612807,3968580.452711429
MAHABUBABAD,MAHABUBABAD,V.S.Lakshmipur,3311424.769890898,4000327.820280166
MAHABUBABAD,GUDUR,Rajanpalle,3319612.1282391753,3992976.8572287923
MAHABUBABAD,KURAVI,Gundrathimadugu,3298033.3646640815,4007786.7286603465
MAHABUBABAD,NELLIKUDUR,Bhrammanakothapalle,3299006.410614801,3973442.229178233
MAHABUBABAD,THORRUR,Fathepur,3299468.5226321984,3967528.5295752618
MAHABUBABAD,MAHABUBABAD,Shingaram,3299777.777775554,3983980.321234456
MAHABUBABAD,PEDDAVANGARA,Peddavangara,3298489.4546261486,3955736.135938051
MAHABUBABAD,MAHABUBABAD,Mallial,3299519.116646989,3996120.975366354
MAHABUBABAD,NELLIKUDUR,Madanathurthy,3300027.8102459735,3977834.5568281463
MAHABUBABAD,NELLIKUDUR,Munigalaveedu,3299975.564890808,3981338.4833392007
MAHABUBABAD,MAHABUBABAD,Parvathagiri,3300242.9087430267,3992439.9733019485
MAHABUBABAD,PEDDAVANGARA,Chinnavangara,3300264.7025264236,3958909.0162701462
MAHABUBABAD,PEDDAVANGARA,Gantlakunta,3300487.5492945523,3950987.456393857
MAHABUBABAD,NELLIKUDUR,Narsimhulagudem,3301326.74133561,3986404.6757896664
MAHABUBABAD,THORRUR,Thorrur (M),3301756.998643798,3964588.603109048
MAHABUBABAD,PEDDAVANGARA,Pochanpalle,3301795.665887321,3953062.257111879
MAHABUBABAD,NELLIKUDUR,Ravirala,3302917.4073304813,3979482.358846666
MAHABUBABAD,THORRUR,Velikatte,3303588.508542174,3960779.4715890503
MAHABUBABAD,THORRUR,Chinthalapalle,3304586.574146645,3965027.985044069
MAHABUBABAD,NELLIKUDUR,Aleru,3304431.119322961,3986546.0516108125
MAHABUBABAD,MAHABUBABAD,Jamandlapalle (Part),3305242.199639204,4004929.160128443
MAHABUBABAD,THORRUR,Kantaipalem,3305098.177583197,3968551.169628547
MAHABUBABAD,NELLIKUDUR,Kachikal,3305534.8528242838,3972446.0400608755
MAHABUBABAD,NELLIKUDUR,Ramanjapuram,3307101.1201261394,3971589.6153190136
MAHABUBABAD,THORRUR,Nancharimadur,3305405.0074517876,3957933.4441034924
MAHABUBABAD,NELLIKUDUR,Nainala,3304815.1239081444,3977042.776856014
MAHABUBABAD,NELLIKUDUR,Vavilala,3304954.730438477,3989076.173202412
MAHABUBABAD,NELLIKUDUR,Rajulakothapalli,3306623.756172486,3980098.4826561483
MAHABUBABAD,THORRUR,Ammapur,3307201.00488764,3965325.510624372
MAHABUBABAD,THORRUR,Khanapur,3308086.45627775,3967145.036708436
MAHABUBABAD,MAHABUBABAD,Nadiwada,3307862.303871067,4004638.012169067
MAHABUBABAD,INUGURTHY,Chinnamupparam,3306717.372008333,3983693.79410884
MAHABUBABAD,KESAMUDRAM,Tallapoosapalle,3306818.74012591,3991538.2442356003
MAHABUBABAD,MAHABUBABAD,Edulapusapalle (Part),3307332.614524119,4000386.286434517
MAHABUBABAD,INUGURTHY,Chinnanagaram,3308934.070888646,3976548.5957193514
MAHABUBABAD,KESAMUDRAM,Annaram,3307435.925922076,3994590.9946593577
MAHABUBABAD,THORRUR,Gurthur,3308623.857263388,3968862.7369113527
MAHABUBABAD,KESAMUDRAM,Rangapuram,3309840.346508728,3992767.3059709454
MAHABUBABAD,NELLIKUDUR,Yerrabelligudem,3309043.85592663,3972592.9025336737
MAHABUBABAD,KESAMUDRAM,Beriwada,3311511.459436792,3994346.1441939087
MAHABUBABAD,THORRUR,Zamisthanpur,3312084.5573693747,3969881.253629929
MAHABUBABAD,MAHABUBABAD,Reddial,3311659.970856609,4003952.644689407
MAHABUBABAD,INUGURTHY,Mecharajupally,3312392.9844868453,3972846.04331126
MAHABUBABAD,KESAMUDRAM,Penugonda,3313037.9318371406,3997115.504820179
MAHABUBABAD,INUGURTHY,Inugurthy,3312029.622626803,3978510.109322555
MAHABUBABAD,KESAMUDRAM,Dhadnnasari,3313019.804313913,3991904.243084669
MAHABUBABAD,KESAMUDRAM,Kesamudram,3313931.833747645,3987560.6888203877
MAHABUBABAD,GUDUR,Kolhapuram,3314536.0747703835,4001504.818741364
MAHABUBABAD,INUGURTHY,Komatipally,3310479.644876032,3983358.115243532
MAHABUBABAD,GUDUR,Boddugonda,3315025.4879128975,4003451.414269467
MAHABUBABAD,GUDUR,Kongaragidda,3316554.558923943,4005390.6791682243
MAHABUBABAD,GUDUR,Govindapur,3316315.6839891,3997529.941928058
MAHABUBABAD,KESAMUDRAM,Arpanapalle,3317012.1397465086,3994061.975037965
MAHABUBABAD,KESAMUDRAM,Intikanne,3317183.2662521615,3987819.013144387
MAHABUBABAD,GUDUR,Teegalveni,3317268.298823857,3995963.320644575
MAHABUBABAD,GANGARAM,Pandem,3319196.3180312854,4021829.8503274764
MAHABUBABAD,GUDUR,Naikpalle,3319999.951367569,3995239.2298072707
MAHABUBABAD,GUDUR,Matwada,3320360.4044859586,4006406.794801896
MAHABUBABAD,GUDUR,Neelavancha,3321198.3857198325,4009752.3884989903
MAHABUBABAD,GUDUR,Thimmapur,3321703.0635144813,4014686.7411683025
MAHABUBABAD,KESAMUDRAM,Katrapalle,3319103.0305257305,3991170.3804502273
MAHABUBABAD,GUDUR,Bollepalle,3322430.5660869214,3995637.289641347
MAHABUBABAD,GUDUR,Ootla,3324048.4266655943,4004641.6620932897
MAHABUBABAD,GUDUR,Gajulagattu,3323545.4260913664,3992287.8890487575
MAHABUBABAD,KOTHAGUDA,Karlai,3327115.8726728642,4011438.775205541
MAHABUBABAD,GANGARAM,Gangaram,3327962.889841866,4021022.5185394445
MAHABUBABAD,KOTHAGUDA,Thativarivempalle,3329313.8185856533,4006700.986194703
MAHABUBABAD,KOTHAGUDA,Bathulapalle,3331163.1119157732,4010714.316881723
MAHABUBABAD,GANGARAM,Puttabhupathi,3332126.268565,4017337.2725319685
MAHABUBABAD,GUDUR,Seetanagar,3330095.826496361,4000729.3505396424
MAHABUBABAD,GANGARAM,Bhavurdagonda,3333324.2925521447,4022928.124685663
MAHABUBABAD,GANGARAM,Komatlagudem,3334798.1406883383,4023484.9560933025
MAHABUBABAD,KOTHAGUDA,Gunjedu,3334983.7668439643,4004883.5002941214
MAHABUBABAD,GANGARAM,Katrenam,3334917.5274287304,4022501.832722207
MAHABUBABAD,KOTHAGUDA,Polaram,3335102.805664594,4009763.072540952
MAHABUBABAD,GANGARAM,Narsiguda,3335701.4969555135,4023405.649111739
MAHABUBABAD,KOTHAGUDA,Durgaram,3341728.228526057,4011682.3772730897
MAHABUBABAD,KOTHAGUDA,Gundam,3343216.4144902113,4001295.2330765305
MAHABUBABAD,GANGARAM,Kamaram,3344797.9592747134,4020783.1654950846
MAHABUBABAD,KOTHAGUDA,Enchaguda,3345334.255920235,4004084.547157671
MAHABUBABAD,GANGARAM,Dubbagudem,3344855.8958015125,4029759.594304906
MAHABUBABAD,KOTHAGUDA,Yedullapalle,3345694.6037645815,4009470.2099889982
MAHABUBABAD,GANGARAM,Mahadevunigudem,3341846.979472178,4023428.7478538607
MAHABUBABAD,KOTHAGUDA,Kundanpalle,3346496.3214804674,4008103.6653825543
MAHABUBABAD,KOTHAGUDA,Yerravaram,3346351.2171031535,4010227.320213366
MAHABUBABAD,KOTHAGUDA,Thimmapur,3346801.446873782,4000896.966542604
MAHABUBABAD,GANGARAM,Mamadigudem,3346317.2343367576,4028234.0955971144
MAHABUBABAD,KOTHAGUDA,Ootai,3347308.2542601116,4005725.141597741
MAHABUBABAD,GANGARAM,Ponugundla,3351816.960336583,4019936.4709482533
MAHABUBABAD,KOTHAGUDA,Konapur,3353630.9806092577,4001793.03920181
MAHABUBABAD,KOTHAGUDA,Rampur,3347079.1290806592,4010596.123150632
MAHABUBABAD,GANGARAM,Chinthaguda,3336883.4889853788,4023948.699832111
MAHABUBABAD,GUDUR,Ponugodu,3327373.591451526,3994102.748787272
MAHABUBABAD,GANGARAM,ThirumalaGandi,3329772.9946603947,4015607.033900963
MAHABUBABAD,GUDUR,Keshavapatnam,3330047.521846651,3995987.85750548
MAHABUBABAD,KOTHAGUDA,Gopalpur,3330520.815808025,4007630.6522091227
MAHABUBABAD,GANGARAM,Ramavaram,3349090.0740775974,4024773.0318228607
MAHABUBABAD,GANGARAM,Marriguda,3340645.8932697517,4020864.2557214946
MAHABUBABAD,KOTHAGUDA,Musmi,3341180.840332119,4012410.8103428837
MAHABUBABAD,GANGARAM,Jangalapalli,3337996.9492692617,4024559.467815986
MAHABUBABAD,KOTHAGUDA,Routhugudem,3339164.477508006,4007673.488073581
MAHABUBABAD,KOTHAGUDA,Mylaram,3339162.264504753,4005405.7760709985
MAHABUBABAD,KOTHAGUDA,Kothapalle,3339850.4695633785,4006453.691622971
MAHABUBABAD,KOTHAGUDA,Mokallapalle,3341938.7871715142,4004235.294175447
MAHABUBABAD,KOTHAGUDA,Pegadapalle,3341935.216898842,4007470.263243828
MAHABUBABAD,MAHABUBABAD,Vemnoor,3308840.1057566116,3996961.3594335397
MAHABUBABAD,KURAVI,Nerada,3296492.3499576882,3992419.797362147
MAHABUBABAD,KOTHAGUDA,Ankannagudem,3350048.701706134,4006617.794815988
MAHABUBABAD,KURAVI,Kandikonda,3291794.6136778053,3996016.4515798423
MAHABUBABAD,MAHABUBABAD,Mudupugal,3304436.80801502,3994753.785892359
MAHABUBABAD,KESAMUDRAM,Kalwala,3309721.5158350677,3988454.947798058
MAHABUBABAD,KOTHAGUDA,Kishtapur,3333677.20883922,4006553.039329916
MAHABUBABAD,KOTHAGUDA,Bakkachintalapadu,3334036.8680608603,4008940.725909749
MAHABUBABAD,KOTHAGUDA,Upparagudem,3335101.541123004,4006501.062349703
MAHABUBABAD,KOTHAGUDA,Eshwaragudem,3333365.153158793,4012787.2135255877
MAHABUBABAD,KOTHAGUDA,Bothavaniguda,3337385.072742447,4015042.0146559877
MAHABUBABAD,KOTHAGUDA,Jangalapally,3336497.011851275,4003599.3827126734
MAHABUBABAD,KOTHAGUDA,Gundrapalle,3340564.326637803,4013606.0672603585
MAHABUBABAD,KOTHAGUDA,Manchanapally,3342871.9890255895,4012661.84765438
MAHABUBABAD,KOTHAGUDA,Vajjavanigudem,3343488.674690068,4008164.629281236
MAHABUBABAD,KOTHAGUDA,Rudravaram,3343994.963844835,4010462.343637794
MAHABUBABAD,KOTHAGUDA,Neelampalle,3344928.4399609026,4008376.3165106038
MAHABUBABAD,GANGARAM,Urbak,3334298.4919784036,4018859.6339624133
SURYAPET,CHINTHALAPALEM (MALLAREDDY),Vajinepalle,3215711.5262543615,4005639.7474816386
SURYAPET,GARIDEPALLI,Ponugode,3229957.0317534963,3972558.698919766
SURYAPET,ATHMAKUR (S),Dacharam,3260924.3718839535,3969990.630944781
SURYAPET,NUTHANAKAL,Peddanemali,3276658.0544863855,3975723.958601262
SURYAPET,THUNGATURTHY,Keshava Poor,3277078.4121394353,3957555.50104509
SURYAPET,PALAKEEDU,Mahankaligudem,3205784.5882592527,3968640.40919943
SURYAPET,PALAKEEDU,Ravipahad,3206214.292173869,3971185.1353270523
SURYAPET,GARIDEPALLI,Kutubshapur,3234845.786920676,3972777.0267688767
SURYAPET,CHILKUR,Chilkur,3233991.6077853455,3990590.1194338286
SURYAPET,KODAD,Dorakunta,3235663.3995202086,4000891.965513618
SURYAPET,NADIGUDEM,Brindavanapuram,3250525.9089162573,3985510.1543797255
SURYAPET,NADIGUDEM,Vallapuram,3251277.313485265,3992477.8478579572
SURYAPET,CHINTHALAPALEM (MALLAREDDY),Reballe,3200966.5078628263,3995948.219937459
SURYAPET,CHINTHALAPALEM (MALLAREDDY),Chintriyala,3201259.3008496845,3991989.6099748113
SURYAPET,GARIDEPALLI,Kalvapalli,3227234.2843318726,3981861.3063916196
SURYAPET,SURYAPET,K T annaram (Part),3252090.945599359,3956081.4692269783
SURYAPET,SURYAPET,Kasarabad,3248517.8505991246,3957929.4544819673
SURYAPET,PENPAHAD,Mohammadapur,3245370.923064722,3967421.478378692
SURYAPET,NEREDUCHERLA,Dacharam,3235313.0852325237,3961369.2464433555
SURYAPET,ANANTHAGIRI,Gondriyala,3239019.9090925367,4004401.0763548794
SURYAPET,MOTHEY,Kudali,3268488.2380221025,3980448.005722737
SURYAPET,JAJIREDDYGUDEM,Timmapur,3268805.6887494978,3954248.7658550213
SURYAPET,TIRUMALAGIRI,Mamidyala,3293789.460994249,3951886.596032296
SURYAPET,CHINTHALAPALEM (MALLAREDDY),Adlur,3205215.461077854,3997577.425367826
SURYAPET,MATTAMPALLY,Gundlapalli,3206782.8884954727,3986600.8029591604
SURYAPET,CHINTHALAPALEM (MALLAREDDY),Thammaram,3205145.934425181,3994786.651068214
SURYAPET,PALAKEEDU,Gundeboinagudem,3209557.876180992,3976102.378435819
SURYAPET,PALAKEEDU,Shunyapahad,3209502.2274387036,3966266.075476254
SURYAPET,MATTAMPALLY,Raghunathapalem,3207836.878477529,3990269.647676885
SURYAPET,CHINTHALAPALEM (MALLAREDDY),Donda Padu,3217966.026557283,4003156.6280496344
SURYAPET,HUZURNAGAR,Yepala Singaram,3222669.8227499197,3991323.2482800097
SURYAPET,ANANTHAGIRI,Chanupally,3251042.386325037,3995336.189571372
SURYAPET,ATHMAKUR (S),T.Penpahad,3262251.287098301,3972359.360690182
SURYAPET,MOTHEY,Nereduvai,3264994.0924226386,3988351.2858087183
SURYAPET,NUTHANAKAL,Machanapally,3273706.7352756076,3977130.713121076
SURYAPET,NUTHANAKAL,Chilpakunta,3276971.0117747732,3965505.755188321
SURYAPET,NUTHANAKAL,Yerrapahad,3278244.097560586,3970494.4188791183
SURYAPET,NAGARAM,D.Kothapally,3278629.6372435302,3947688.8669065135
SURYAPET,NUTHANAKAL,G.Singaram,3273363.3110482288,3964739.519015897
SURYAPET,TIRUMALAGIRI,Gundepuri,3287287.5620500227,3950468.356953295
SURYAPET,CHINTHALAPALEM (MALLAREDDY),Vellatur,3208732.233186183,4000560.288841392
SURYAPET,PALAKEEDU,Gundlapahad,3212174.126083583,3974904.9420713424
SURYAPET,PALAKEEDU,Komatikunta,3212631.5751460535,3969421.7560039745
SURYAPET,CHINTHALAPALEM (MALLAREDDY),Nemalipuri,3211515.251716753,4003947.2013538727
SURYAPET,HUZURNAGAR,Amravaram,3220893.223358248,3980445.5950640584
SURYAPET,MOTHEY,Sirikonda,3259275.2467952133,3975849.2688055313
SURYAPET,MUNAGALA,Nelamarri,3243225.3547670073,3973618.2495238283
SURYAPET,PALAKEEDU,Musivoddu Singaram,3219196.648531355,3966250.2368686767
SURYAPET,ANANTHAGIRI,Khanapuram,3241390.163003146,3997520.1690257015
SURYAPET,MOTHEY,Mothey,3256493.0785474055,3978925.084030782
SURYAPET,ATHMAKUR (S),Narayanagudem,3264440.8766941507,3973529.002438698
SURYAPET,MOTHEY,Burkacherla,3262873.323557973,3979513.7789916405
SURYAPET,NAGARAM,Mamidipally,3286718.4514422296,3946866.526295969
SURYAPET,GARIDEPALLI,Sarvaram,3226034.954647772,3977866.043875568
SURYAPET,GARIDEPALLI,Garidepalli,3225243.244924341,3972694.7350930474
SURYAPET,MATTAMPALLY,Mattampalli,3214408.3043935066,3986355.9936596383
SURYAPET,CHIVEMLA,Gunjaloor,3247582.0495365,3974010.711454632
SURYAPET,NUTHANAKAL,Bikkumalla,3276392.2736084866,3977598.1681047874
SURYAPET,NUTHANAKAL,Dirshanapally,3277475.369452151,3973718.951593546
SURYAPET,MUNAGALA,Ganapavaram,3241148.0540480986,3981111.906061263
SURYAPET,HUZURNAGAR,Macharam,3232067.4443022674,3985329.3026195457
SURYAPET,CHINTHALAPALEM (MALLAREDDY),Chinthalapalem,3211517.990958566,3997314.6857363116
SURYAPET,MATTAMPALLY,Mattapalli,3208467.359299263,3979676.3977428055
SURYAPET,MELLACHERVU,Yepalamadhavaram,3213533.030280545,3992960.8593346216
SURYAPET,PALAKEEDU,Janapahad,3209760.230424694,3970869.9733677935
SURYAPET,MATTAMPALLY,Chennaipalem,3214843.3732363167,3977104.439868734
SURYAPET,MATTAMPALLY,Pedaveedu,3210863.6164823645,3983137.4047736744
SURYAPET,PALAKEEDU,Abangapuram,3214671.589030111,3974559.773603013
SURYAPET,CHINTHALAPALEM (MALLAREDDY),Gudimalkapuram,3214427.041840561,4001278.338839326
SURYAPET,MELLACHERVU,Revoor,3220313.2065714896,3999163.8051583623
SURYAPET,MUNAGALA,Madhavaram,3248186.191176493,3977123.6486275527
SURYAPET,SURYAPET,Imampet,3247999.300967897,3963166.2041016086
SURYAPET,MUNAGALA,Kalakova,3248211.72036479,3982141.870734387
SURYAPET,JAJIREDDYGUDEM,Kodoor,3273605.847382632,3960081.133334843
SURYAPET,PALAKEEDU,Bothalapalem,3215079.047346822,3971993.4387754533
SURYAPET,MATTAMPALLY,Alipuram,3216663.23860547,3981165.643856485
SURYAPET,PALAKEEDU,Yellapuram,3216973.2011288297,3965986.169683984
SURYAPET,MATTAMPALLY,Yatavakilla,3217415.595745753,3977697.151455035
SURYAPET,PALAKEEDU,Palakeedu,3216130.9549827576,3969471.4100439437
SURYAPET,MATTAMPALLY,Choutapalli,3217993.5314012584,3986712.496850572
SURYAPET,GARIDEPALLI,Kalmalachervu,3218973.3693288146,3973081.253877647
SURYAPET,NEREDUCHERLA,Dirsenacherla (Part),3222418.433796971,3968200.8686052314
SURYAPET,HUZURNAGAR,Lakkavaram,3222740.734061302,3984278.7305599293
SURYAPET,NEREDUCHERLA,Chillepalli (Part),3224005.770345201,3964251.77653451
SURYAPET,MELLACHERVU,Kandibanda,3223812.7632190334,3994338.2329409937
SURYAPET,HUZURNAGAR,Lingagiri,3224256.8748896904,3981146.512172669
SURYAPET,SURYAPET,Circlepet,3246065.4239678136,3958783.2300210013
SURYAPET,NEREDUCHERLA,Kalvaldinne,3226773.9409154323,3963677.769151069
SURYAPET,NEREDUCHERLA,Bodaladinne,3226102.806139246,3962781.285236581
SURYAPET,CHILKUR,Kondapuram,3236994.3451865423,3986971.93125544
SURYAPET,MUNAGALA,Kokkireni,3237208.722196333,3977538.6457682373
SURYAPET,PENPAHAD,Macharam,3240611.6658061976,3968253.848369107
SURYAPET,PENPAHAD,Penpahad,3242186.950083094,3966610.805830105
SURYAPET,PENPAHAD,Cheedella,3240504.5427504363,3977020.138654121
SURYAPET,CHIVEMLA,Suryapet (M),3254524.9964727755,3963292.944012606
SURYAPET,KODAD,Yerravaram,3227195.925907309,3992588.91716968
SURYAPET,KODAD,Kuchipudi,3227382.2120432304,3999913.691103269
SURYAPET,NEREDUCHERLA,Janaladinne,3228860.577841821,3967506.9968290734
SURYAPET,NEREDUCHERLA,Nereducharla (M),3226537.867043206,3966709.778474611
SURYAPET,NEREDUCHERLA,Penchikaldinne,3228976.3245767443,3964402.0693298415
SURYAPET,HUZURNAGAR,Huzurnagar (M),3226099.6521723475,3987037.1885665013
SURYAPET,CHILKUR,Paleannaram,3229650.0610078336,3990585.276182185
SURYAPET,KODAD,Togarrai,3230218.8768674317,3994751.6401414075
SURYAPET,KODAD,Redlakunta,3230912.2441424658,4003163.22643952
SURYAPET,NEREDUCHERLA,Fatepur,3231545.879611456,3967727.855256709
SURYAPET,NEREDUCHERLA,Yellaram,3233426.3247224237,3960631.094447884
SURYAPET,KODAD,Kapugallu,3231317.067109542,3999354.3490216117
SURYAPET,KODAD,Gudibanda,3233114.9273117916,3996187.894010377
SURYAPET,NEREDUCHERLA,Medaram,3233710.7689026776,3966013.658140348
SURYAPET,NEREDUCHERLA,Kallur,3232367.623614373,3963899.929611146
SURYAPET,GARIDEPALLI,Velidanda,3233795.1042644833,3975757.706838258
SURYAPET,GARIDEPALLI,Gaddipalli,3234782.470326312,3970312.7479293095
SURYAPET,KODAD,Chimiryala,3235113.5038407426,4003751.6735858736
SURYAPET,PENPAHAD,Lingala,3235981.651399929,3967009.8585651717
SURYAPET,PENPAHAD,Dupahad,3238164.6674345233,3969712.899591506
SURYAPET,PENPAHAD,Potlapahad,3239135.2459052433,3963770.8609030093
SURYAPET,CHIVEMLA,Ailapur,3260187.100642481,3961523.7405870208
SURYAPET,ATHMAKUR (S),Gollaguda,3260955.8996085785,3968750.5941397278
SURYAPET,CHILKUR,Bethavolu,3235824.515866911,3982252.8319280306
SURYAPET,KODAD,Kodad (M),3238352.8726087986,3996340.174619274
SURYAPET,MUNAGALA,Akupamula,3240095.593281719,3989417.425894365
SURYAPET,ANANTHAGIRI,Lakmavaram,3242095.8738549524,4003041.6278088675
SURYAPET,PENPAHAD,Dosapahad,3241147.5522378027,3959191.079293661
SURYAPET,PENPAHAD,Gajulamalkapuram,3240432.78500668,3972372.321119312
SURYAPET,NADIGUDEM,Eklaskhan Peta,3243867.430370153,3988637.8314355705
SURYAPET,NADIGUDEM,Tellebelly,3243651.1647322164,3990676.168819569
SURYAPET,MUNAGALA,Tadvai,3244384.672318024,3978780.5303137307
SURYAPET,MELLACHERVU,Mellacheruvu,3218445.8857001415,3992343.7306271964
SURYAPET,GARIDEPALLI,Ganugubanda,3221435.987453057,3976479.2709493884
SURYAPET,GARIDEPALLI,Talla Malkapur,3230460.7809574297,3977713.1677938327
SURYAPET,NEREDUCHERLA,Somaram,3230034.0952633903,3961446.8149137446
SURYAPET,GARIDEPALLI,Rayangudem,3230125.228492746,3980063.444427911
SURYAPET,HUZURNAGAR,Burugadda,3229873.752401945,3984252.260519848
SURYAPET,MUNAGALA,Barakathgudem,3241576.281950961,3985385.2540759393
SURYAPET,PENPAHAD,Anantharam,3241813.076467956,3962669.060364612
SURYAPET,ATHMAKUR (S),Shettigudem,3267404.411498239,3978259.354683491
SURYAPET,SURYAPET,Solipet,3266160.736189233,3948498.647106396
SURYAPET,SURYAPET,Ramachandra Puram,3265830.8688762863,3950826.7218823237
SURYAPET,MOTHEY,Urlugonda,3265419.5796581153,3984600.657642933
SURYAPET,ANANTHAGIRI,Singavaram,3243889.809218441,3993016.831680732
SURYAPET,ANANTHAGIRI,Yasanthapuram,3245309.337975107,3994369.092229816
SURYAPET,MUNAGALA,Munagala,3244615.214573501,3983286.873991276
SURYAPET,MUNAGALA,Syed Muzavarpeta,3246136.941361833,3979165.2037748597
SURYAPET,PENPAHAD,Singareddy Palem,3245116.740345625,3964719.009484223
SURYAPET,NADIGUDEM,Ramapuram,3245412.1650483855,3987040.839715903
SURYAPET,ANANTHAGIRI,Ananthagiri,3243650.1977842976,3998387.4226052347
SURYAPET,NADIGUDEM,Rathnavaram,3246427.507433006,3991018.6602568426
SURYAPET,PENPAHAD,Bhakthalapuram,3245412.1775673786,3972358.54645552
SURYAPET,PENPAHAD,Dharmapuram,3246420.727495473,3969910.764002187
SURYAPET,NADIGUDEM,Nadigudem,3247955.3635594435,3985646.4182132008
SURYAPET,THUNGATURTHY,Sangam,3277248.373139014,3961849.631505443
SURYAPET,ANANTHAGIRI,Palaram,3248055.973002137,3996825.5238385503
SURYAPET,CHIVEMLA,Thirumalagiri,3249127.669939878,3972238.0196804577
SURYAPET,NADIGUDEM,Chakirala,3248646.9490458495,3989257.9491733396
SURYAPET,ANANTHAGIRI,Tripuraram,3248486.3843206177,3993383.091966583
SURYAPET,CHIVEMLA,Gumpula,3249841.5043061916,3970818.107263454
SURYAPET,CHIVEMLA,Vallabhapuram,3250650.557087514,3968283.5084424363
SURYAPET,SURYAPET,Kesaram (Part),3250050.978318414,3961012.860014821
SURYAPET,SURYAPET,Thallakhammampahad,3246333.225825381,3961191.1671209675
SURYAPET,MOTHEY,Namaram,3251813.283539887,3974488.492037312
SURYAPET,NADIGUDEM,Siripuram,3252461.943967463,3989490.246765211
SURYAPET,SURYAPET,Suryapet (M),3254791.61723298,3958462.7242547222
SURYAPET,MUNAGALA,Repala,3251778.4842015915,3980023.185398888
SURYAPET,CHIVEMLA,Chivemla,3254345.039715093,3967069.155951514
SURYAPET,SURYAPET,Ramaram,3264419.5179525763,3952732.453142027
SURYAPET,ATHMAKUR (S),Athmakur,3263565.6608918584,3967938.2904323447
SURYAPET,MOTHEY,Raghavapuram,3254728.0233552237,3976426.475629787
SURYAPET,NADIGUDEM,Karivirala,3254046.675612882,3984775.6016908237
SURYAPET,NADIGUDEM,Kagitha Ramachandrapuram,3255468.6780543737,3987715.7875871086
SURYAPET,SURYAPET,Tekumatla,3256469.984598205,3952359.5499274395
SURYAPET,CHIVEMLA,Gayamvarigudem,3259224.120493876,3964110.928066018
SURYAPET,CHIVEMLA,Vattikhammam Pahad,3257947.7493913462,3967657.974476145
SURYAPET,MOTHEY,Hussenabad,3258657.8993399283,3980618.184088473
SURYAPET,MOTHEY,Thummalapalli,3257100.3401442133,3983549.1935986266
SURYAPET,ATHMAKUR (S),Enubamula,3261598.3673072066,3964850.0546956337
SURYAPET,SURYAPET,Yendlapally,3260977.1836608513,3951540.8881974635
SURYAPET,MOTHEY,Annariguda,3262581.325738866,3987855.655480815
SURYAPET,NAGARAM,Panigiri,3284619.131835764,3945631.619749604
SURYAPET,SURYAPET,Yerkaram,3264843.060078186,3955496.3374332995
SURYAPET,MOTHEY,Raavipahad,3265213.256028686,3977014.502117571
SURYAPET,ATHMAKUR (S),Kotapahad,3264896.1239363984,3974969.661528331
SURYAPET,ATHMAKUR (S),Nemmikal,3264472.3517803787,3963530.9522563787
SURYAPET,MOTHEY,Sarvaram,3266231.029148714,3980622.624186905
SURYAPET,ATHMAKUR (S),Gattikal,3267605.09857416,3963441.8905521804
SURYAPET,ATHMAKUR (S),Istallapuram,3268261.5882107564,3967747.316667289
SURYAPET,ATHMAKUR (S),Bopparam,3269098.905704655,3976457.4766864977
SURYAPET,JAJIREDDYGUDEM,Uyyalavada,3269418.6672019437,3948044.9100913126
SURYAPET,ANANTHAGIRI,Tiru Annaram,3243436.707971682,4003039.802553805
SURYAPET,MOTHEY,Gopalapuram,3259811.531586982,3982859.493002267
SURYAPET,ATHMAKUR (S),Kandagatla,3268706.525957212,3959723.7852125866
SURYAPET,ATHMAKUR (S),Aipoor,3268926.671330802,3972675.7404209953
SURYAPET,JAJIREDDYGUDEM,Kunchamarthy,3270195.948402727,3950800.9493270097
SURYAPET,ATHMAKUR (S),Mukkudu Devulapalli,3269629.91178175,3969011.5312418453
SURYAPET,ATHMAKUR (S),Kothagudem,3270118.9109025,3979036.292942321
SURYAPET,ATHMAKUR (S),Patharlapahad,3269990.613286168,3965640.3933968917
SURYAPET,ATHMAKUR (S),Midtanpalli,3271353.4988343315,3977172.196586766
SURYAPET,NUTHANAKAL,Tallasingaram,3271342.0453572683,3962662.0957553857
SURYAPET,JAJIREDDYGUDEM,Kasarlapahad,3274893.819755527,3952911.973718598
SURYAPET,JAJIREDDYGUDEM,Kommala,3273477.9510648143,3956611.5325714764
SURYAPET,JAJIREDDYGUDEM,Jajireddygudem,3273922.7277742927,3948360.3343166676
SURYAPET,NUTHANAKAL,Venkepally,3275363.8738321536,3962695.5250966563
SURYAPET,NUTHANAKAL,Noothankal,3274596.0926976553,3968573.7404608633
SURYAPET,NUTHANAKAL,Miryala,3275358.9280975135,3972117.918984045
SURYAPET,JAJIREDDYGUDEM,Bollampally,3277152.0481193364,3951783.986621592
SURYAPET,THUNGATURTHY,Velugupally,3278481.0393549255,3954167.5997938532
SURYAPET,JAJIREDDYGUDEM,Parsaipally,3278627.739816206,3949777.383340104
SURYAPET,MADDIRALA,Chinanemali,3279940.9296113118,3974303.3655615267
SURYAPET,KODAD,Ganapavaram,3226948.7893593963,3996058.7793774633
SURYAPET,PALAKEEDU,Sajjapuram,3213672.7806783337,3967167.700844941
SURYAPET,PALAKEEDU,Guduguntlapalem,3218693.7638902618,3968921.15401556
SURYAPET,MATTAMPALLY,Vardapuram,3213876.077342843,3979293.4451076193
SURYAPET,MADDIRALA,Chandupatla,3280526.2156887385,3970683.6245906963
SURYAPET,THUNGATURTHY,Annaram,3279791.9816247835,3959291.418380312
SURYAPET,MADDIRALA,Mamindlamadava,3281180.0735378903,3976861.4912011013
SURYAPET,MADDIRALA,Polumalla,3280131.9326908975,3968044.6107744835
SURYAPET,NAGARAM,Nagaram,3281540.3918460966,3947472.271487552
SURYAPET,NAGARAM,Laxmapoor,3281563.6090029157,3950948.365134055
SURYAPET,MADDIRALA,Gorentla,3280897.6206486546,3964411.4106651423
SURYAPET,NAGARAM,Pasunoor,3281793.629764804,3953457.656712537
SURYAPET,NAGARAM,Vardaman Kota,3280179.237851421,3942753.4403659077
SURYAPET,THUNGATURTHY,Karvirala,3282637.4364631483,3961558.387187455
SURYAPET,MADDIRALA,Ramachandrapuram,3284401.0811327286,3963640.0735048205
SURYAPET,THUNGATURTHY,Ganugu Banda,3284117.356311533,3959880.9830769845
SURYAPET,THUNGATURTHY,Thungathurthy,3283298.9833857333,3956142.1107158903
SURYAPET,NAGARAM,Pastala,3284519.7941449066,3951198.962046357
SURYAPET,NAGARAM,Chennapur,3284252.426706223,3948703.15287167
SURYAPET,TIRUMALAGIRI,Siddisamudram,3289194.768046335,3951794.8192108264
SURYAPET,MADDIRALA,Reddygudem,3284387.5160464416,3965983.026115931
SURYAPET,MADDIRALA,Maddirala,3284219.3771670205,3969227.787181317
SURYAPET,NAGARAM,Etoor,3285696.066919334,3941837.879241561
SURYAPET,MADDIRALA,Gummadavelli,3286669.1258137743,3963243.32140443
SURYAPET,THUNGATURTHY,Banda Ramaram,3286872.2758467924,3953104.9878440057
SURYAPET,THUNGATURTHY,Vempaty,3287042.3615331175,3958195.447150859
SURYAPET,TIRUMALAGIRI,Bandlapally,3288653.260247389,3948422.5280212895
SURYAPET,THUNGATURTHY,Manapur,3290375.4307590113,3963298.442353829
SURYAPET,TIRUMALAGIRI,Velichala,3291100.5063339607,3949669.162765362
SURYAPET,THUNGATURTHY,Ravulapally,3290489.662880482,3960613.9357305504
SURYAPET,TIRUMALAGIRI,Jalalpur,3290790.027196497,3953931.796396503
SURYAPET,TIRUMALAGIRI,Thirumalagiri (M),3289590.502081915,3940783.476109374
SURYAPET,TIRUMALAGIRI,Tatipamula,3292028.978682515,3935692.9538345006
SURYAPET,TIRUMALAGIRI,Tonda,3292136.473506953,3944272.0696826326
SURYAPET,THUNGATURTHY,Gottiparthy,3291694.4998070337,3957117.955273381
SURYAPET,SURYAPET,Balemla,3262737.1421341565,3958836.837067504
SURYAPET,JAJIREDDYGUDEM,Kesaram,3274723.330323844,3945326.235116067
SURYAPET,MADDIRALA,Kukkadam,3287830.233022777,3965390.387098778
SURYAPET,MADDIRALA,Kuntlapally,3286900.3964559813,3967798.723608693
SURYAPET,MADDIRALA,Mukundapur,3283109.118548409,3972911.987869491
SURYAPET,MADDIRALA,G.Kothapalli,3284534.1631371137,3974133.439975688
SURYAPET,JAJIREDDYGUDEM,Adivemla,3271461.778221944,3953728.9041842557
SURYAPET,JAJIREDDYGUDEM,Velpucherla,3273143.0909283897,3953628.8884118837
SURYAPET,SURYAPET,Pinnaipalem,3260001.591285371,3954889.4885203927
SURYAPET,SURYAPET,B.Venkatrampuram,3259249.81454339,3952805.406793401
SURYAPET,SURYAPET,B.Dhacharam,3257518.019148619,3953413.4911162956
SURYAPET,SURYAPET,Ramannaguda,3260413.277110891,3956282.8411334115
SURYAPET,PENPAHAD,Anajipur,3243949.9146098266,3960677.7979912283
SURYAPET,PENPAHAD,Rajpeta,3244293.5922350655,3958102.901382582
SURYAPET,CHIVEMLA,Undrugonda,3248252.3562109815,3966915.2460088837
SURYAPET,CHIVEMLA,Thuljaraopet,3248377.7189054014,3969118.4274445255
SURYAPET,CHIVEMLA,Chandupatla,3255712.5549584553,3972369.372878842
SURYAPET,CHIVEMLA,Thimmapur,3252568.3456382267,3969847.4228403354
SURYAPET,MOTHEY,Vibhalapuram,3260575.8762851367,3986097.271299271
SURYAPET,MOTHEY,Singarenipalli,3261754.3867940214,3983255.114026951
SURYAPET,MOTHEY,Mamillagudem,3258234.170803652,3985288.5174378008
SURYAPET,PENPAHAD,Annaram,3236989.7160540614,3962807.322437122
SURYAPET,PENPAHAD,Nagulapahad,3238257.5977729172,3959730.504955637
SURYAPET,ATHMAKUR (S),Nasimpet,3265655.734080904,3970151.81339258
SURYAPET,NUTHANAKAL,Yadavelly,3272470.821624009,3967285.5904111564
WARANGAL,DUGGONDI,Muddunoor,3353082.119017837,3980312.0802236474
MAHABUBABAD,GUDUR,RF,3321017.3697815025,4006139.5417323397
WARANGAL,DUGGONDI,Polaram,3355366.2690706803,3978736.8487823466
WARANGAL,WARDHANNAPET,Ellanda,3324786.6218987973,3957323.54391423
WARANGAL,WARDHANNAPET,Katrial,3326444.536193369,3959119.1688590166
WARANGAL,PARVATGIRI,Gopanapalle,3327024.1481467905,3965106.3417567615
WARANGAL,PARVATGIRI,Chinta Nekkonda,3324205.640601654,3974844.970322043
WARANGAL,CHENNARAOPET,Thimmarainipahad,3331303.3621784486,3988327.6143429712
WARANGAL,CHENNARAOPET,Jhalli,3330275.0250469134,3985436.1903069043
WARANGAL,NEKKONDA,Deekshakunta,3331194.8420471544,3979616.435238197
WARANGAL,GEESUGONDA,Bodduchintalapalle,3346816.918126115,3966956.7356754835
WARANGAL,DUGGONDI,Mahammadapur,3347017.76971217,3983332.9703307226
WARANGAL,SANGAM,Nallabelle,3335133.0373716755,3976210.134405893
WARANGAL,SANGAM,Elgur Rangampet,3333572.252508061,3973432.9293546965
WARANGAL,DUGGONDI,Madhira Mandapalle,3340423.8262079936,3979074.4506422374
WARANGAL,WARDHANNAPET,Chennaram,3331946.7795303795,3961274.315225637
WARANGAL,NEKKONDA,Chinnakorpole,3322023.160327075,3985618.0555331623
WARANGAL,NALLABELLY,Asaravelli,3351835.5445156675,3996646.8170001647
WARANGAL,NALLABELLY,Rangapuram,3356857.401643451,3983941.3917323067
WARANGAL,NALLABELLY,Rampur,3351789.6366129,3992474.4265863164
WARANGAL,RAYAPARTHY,Perikavedu,3315647.324256814,3964407.0042997673
WARANGAL,WARDHANNAPET,Ramavaram,3316107.1595503404,3949704.727513304
WARANGAL,CHENNARAOPET,Ameenabad,3331029.205584707,3982410.894840566
WARANGAL,NEKKONDA,Mudigonda,3332561.7141146776,3976698.089499975
WARANGAL,NARSAMPET,Madannapet,3342735.889895577,3987724.3173208116
WARANGAL,NARSAMPET,Muthojipet (Part),3343912.7333444683,3990926.0921169356
WARANGAL,GEESUGONDA,Anantharam,3344451.940959239,3973893.940482268
WARANGAL,NARSAMPET,Ramavaram,3342030.4084032443,3983760.6458648066
WARANGAL,NALLABELLY,Nandigama,3354872.2800419903,3981646.6905724667
WARANGAL,PARVATGIRI,Parvathagiri,3320792.0906464076,3972040.549325657
WARANGAL,NEKKONDA,Appalaraopet,3321805.4402645994,3980779.329172386
WARANGAL,GEESUGONDA,Shayampet (Haveli),3338476.4317594105,3967459.9341258346
WARANGAL,NARSAMPET,Narsampet (M),3338809.470129917,3989263.094331243
WARANGAL,NARSAMPET,Kammepalle,3345725.4880850026,3985352.8513122676
WARANGAL,GEESUGONDA,Manugonda,3346098.3192097503,3970262.235054133
WARANGAL,GEESUGONDA,Ramachandrapur,3346486.811565204,3975348.375857847
WARANGAL,DUGGONDI,Reballe,3347638.8370199273,3978287.667379184
WARANGAL,NARSAMPET,Itikalpalle,3346777.7021597032,3991297.554582552
WARANGAL,DUGGONDI,Venkatapur,3346981.060239359,3980604.144617047
WARANGAL,NALLABELLY,Muchimpula,3354512.3812833033,3984794.0481715063
WARANGAL,NALLABELLY,Ramatheertham,3355502.646211631,3987017.8372565727
WARANGAL,CHENNARAOPET,Lingapur,3336849.832918557,3979435.297298155
WARANGAL,KHANAPUR,Budharaopet,3335215.4080714104,3995878.949921347
WARANGAL,KHANAPUR,Thungabandam,3335525.4891068013,3989772.303597704
WARANGAL,KHANAPUR,Matuveeraram,3332384.146282587,3990054.592557486
WARANGAL,NALLABELLY,Arshanpalle,3357017.363224797,3986663.026497483
WARANGAL,WARDHANNAPET,Divitipalle,3319292.214086459,3947577.775475869
WARANGAL,NARSAMPET,Bhanjipet,3346722.278092423,3987431.960659321
WARANGAL,RAYAPARTHY,Pothireddipalle,3307501.838298263,3954063.236194341
WARANGAL,RAYAPARTHY,Sannur,3308238.4593393076,3961837.727501285
WARANGAL,RAYAPARTHY,Katrapalle,3309163.969384478,3952048.607843584
WARANGAL,RAYAPARTHY,Muripirala,3309211.3449304267,3957246.9204958216
WARANGAL,RAYAPARTHY,Burahanpalle,3310882.7562126876,3952194.073153782
WARANGAL,RAYAPARTHY,Jagannadhapalle,3311262.8459328343,3961959.7195366686
WARANGAL,RAYAPARTHY,Mylaram,3312046.891050726,3958869.3288385374
WARANGAL,RAYAPARTHY,Kondapur (PR),3312904.3937621173,3966418.8332749973
WARANGAL,RAYAPARTHY,Ookal (PR),3311183.690562597,3964857.6644045287
WARANGAL,RAYAPARTHY,Kolanpalle,3312260.6999423965,3948321.6195590645
WARANGAL,RAYAPARTHY,Gattikal,3313524.9337599627,3962520.36501451
WARANGAL,PARVATGIRI,Burugamadla,3314586.0689155953,3973632.081722238
WARANGAL,RAYAPARTHY,Konduru,3313525.347772871,3952916.0075194626
WARANGAL,PARVATGIRI,Annaram Sharif,3314554.558221143,3968614.8723269966
WARANGAL,RAYAPARTHY,Keshavapur,3314900.7190877814,3948097.487519208
WARANGAL,RAYAPARTHY,Gannaram,3317061.1642546705,3952206.4038541755
WARANGAL,NEKKONDA,Gotlakonda,3316129.2771079172,3975586.4973312193
WARANGAL,RAYAPARTHY,Rayaparthy,3315432.80210253,3958180.501954802
WARANGAL,NEKKONDA,Topanpalle,3317572.607625829,3980368.222549277
WARANGAL,RAYAPARTHY,Thirmalayapalle,3316849.043787953,3954980.810756748
WARANGAL,PARVATGIRI,Kalleda,3317136.4499350297,3971804.0082313106
WARANGAL,PARVATGIRI,Ravoor,3317848.8774253298,3968820.553925597
WARANGAL,NEKKONDA,Venkatapur,3319511.2911116653,3980641.0117844897
WARANGAL,RAYAPARTHY,Kothur,3318841.400181507,3965279.8244365472
WARANGAL,NEKKONDA,Peddakorpole,3319982.988673914,3984540.6608552
WARANGAL,NEKKONDA,Redlawada,3318852.875299442,3976967.443357873
WARANGAL,WARDHANNAPET,Lyabarthy,3319689.2866370426,3961221.227033783
WARANGAL,PARVATGIRI,Rollakal,3321049.8685565344,3966536.9228676995
WARANGAL,WARDHANNAPET,Kothapalle,3320995.543275431,3959328.5193784675
WARANGAL,WARDHANNAPET,Dammannapet,3320120.1761951502,3949961.558501401
WARANGAL,NEKKONDA,Nagaram,3320646.2770824344,3988066.223460232
WARANGAL,GEESUGONDA,Ookal,3340631.5926345545,3969404.2036417024
WARANGAL,NARSAMPET,Maheshwaram,3339521.661531745,3985681.750989224
WARANGAL,DUGGONDI,Chalaparthi,3342759.301179585,3981321.817684506
WARANGAL,NEKKONDA,Bollikonda,3315728.3585296767,3979913.616818286
WARANGAL,NEKKONDA,Alamkhanipet,3317970.3552624616,3983244.4469038867
WARANGAL,NEKKONDA,Pathipaka,3323466.124733628,3977770.6767439633
WARANGAL,WARDHANNAPET,Bandauthapur,3323776.567663751,3950571.881299348
WARANGAL,WARDHANNAPET,Wardhannapet (M),3320976.4962781686,3954723.118084673
WARANGAL,PARVATGIRI,Vadlakonda,3323916.6768430984,3966583.9871868338
WARANGAL,NEKKONDA,Gundrepalle,3324168.2260597893,3981075.1204314264
WARANGAL,WARDHANNAPET,Nallabelle,3324049.179922568,3962592.5736031476
WARANGAL,NEKKONDA,Suripalli,3324407.9931989573,3984980.02057167
WARANGAL,NEKKONDA,Nekkonda,3324939.3392621186,3979061.4169938993
WARANGAL,PARVATGIRI,Choutapalle,3325335.4612277704,3970551.709897576
WARANGAL,CHENNARAOPET,Lingagiri,3326891.0348947174,3983788.7156881066
WARANGAL,PARVATGIRI,Konkapaka,3327650.907640646,3968335.0708155977
WARANGAL,NEKKONDA,Panikera,3327820.9912226712,3981239.2245524107
WARANGAL,NEKKONDA,Chandrugonda,3328829.200598057,3977114.363162601
WARANGAL,KHANAPUR,Dharmaraopet,3331640.89107665,3993566.419584726
WARANGAL,SANGAM,Ramachandrapur,3331366.1299107564,3964528.8488716483
WARANGAL,WARDHANNAPET,Upprapalle,3327894.605938307,3961406.779750049
WARANGAL,SANGAM,Thimmapur,3332086.4072848586,3971852.0591731644
WARANGAL,KHANAPUR,Rangapur,3333317.8545761816,3990017.9535277938
WARANGAL,SANGAM,Gavicherla,3332993.661319287,3966411.39926774
WARANGAL,KHANAPUR,Kothur,3334027.8776842784,3991344.4293058347
WARANGAL,KHANAPUR,Mangalavaripet,3333765.788570682,3997410.1448896057
WARANGAL,CHENNARAOPET,Chennaraopet,3333891.4222064386,3985863.4127112064
WARANGAL,CHENNARAOPET,Upparapalle,3334307.400777092,3979094.9651760315
WARANGAL,SANGAM,Sangam,3334299.503518289,3969558.240317457
WARANGAL,KHANAPUR,Ragampet,3335618.9202914205,3991719.859791968
WARANGAL,SANGAM,Kapulakanaparthy,3335093.855344845,3963231.0192211443
WARANGAL,CHENNARAOPET,Konapuram,3335409.4067112296,3981968.535316399
WARANGAL,KHANAPUR,Ainepalle,3334904.237522163,3993516.6721184286
WARANGAL,SANGAM,Katrepalle (Haveli),3335857.77105707,3966426.0836350215
WARANGAL,CHENNARAOPET,Akkalchedu,3335983.805769857,3985091.140125842
WARANGAL,CHENNARAOPET,Yellaigudem,3328430.202366609,3987730.434262846
WARANGAL,PARVATGIRI,Enugal,3328236.7121413965,3973166.1606922513
WARANGAL,SANGAM,Lohitha,3329270.215015982,3963601.261928365
WARANGAL,CHENNARAOPET,Papaiahpeta,3329023.859750195,3991177.679253295
WARANGAL,NALLABELLY,Rudragudem,3351135.1288589085,3988046.870753317
WARANGAL,NALLABELLY,Nallabelly,3351145.033410949,3985945.111632487
WARANGAL,NALLABELLY,Medapalle,3350016.5330413315,3993804.870534327
WARANGAL,DUGGONDI,Keshwapur,3352398.475800493,3975700.508814256
WARANGAL,NALLABELLY,Nagrajpalle,3352438.6096198587,3990607.6055829315
WARANGAL,NALLABELLY,Lenkalpalle,3352659.0373489596,3983408.101021817
WARANGAL,NALLABELLY,Shanigaram,3353502.117137169,3988110.0172160366
WARANGAL,KHANAPUR,Khanapur,3338244.12022367,3993890.449201544
WARANGAL,DUGGONDI,Adavi Rangapur,3339342.725540807,3977860.747231977
WARANGAL,SANGAM,Pallaruguda,3339868.6414062153,3972314.016110233
WARANGAL,NARSAMPET,Magdhumpur,3336339.612620495,3987279.5621532868
WARANGAL,SANGAM,Narlavai,3337457.222546631,3976763.7164726583
WARANGAL,SANGAM,Venkatapur (Haveli),3337932.496930472,3964275.3192391954
WARANGAL,SANGAM,Chintalapalle,3337578.653114582,3971045.2373673944
WARANGAL,NARSAMPET,Gurijala,3338425.359786474,3981945.708605038
WARANGAL,GEESUGONDA,Vanchangiri,3340721.9731265176,3965735.660259049
WARANGAL,NARSAMPET,Laknepalle,3340985.73347857,3982082.5618812437
WARANGAL,DUGGONDI,Mandapalle,3341498.853764313,3979082.3559066392
WARANGAL,KHANAPUR,Pocharam,3338853.7275101077,3997711.3423818774
WARANGAL,GEESUGONDA,Vishwanathapur,3341607.1198426457,3974939.7984117544
WARANGAL,GEESUGONDA,Machapur,3342555.139156561,3971688.9577138987
WARANGAL,DUGGONDI,Togarrai,3343488.8032386675,3979157.630773029
WARANGAL,NARSAMPET,Rajupet,3341945.3383912,3992207.4749466833
WARANGAL,GEESUGONDA,Kommala,3343007.9014185243,3976357.0095803426
WARANGAL,DUGGONDI,Rekampalle,3344331.859362849,3980843.530637017
WARANGAL,DUGGONDI,Timmampet,3344187.210602915,3983525.9163756035
WARANGAL,DUGGONDI,Nachinapalle,3344797.537627274,3977638.0257310946
WARANGAL,GEESUGONDA,Geesugonda,3343897.853746219,3968512.722984017
WARANGAL,KHANAPUR,Pakhalashoknagar,3344558.9866980617,3995481.269624007
WARANGAL,DUGGONDI,Ponakal,3347141.3578139315,3976926.6824320806
WARANGAL,KHANAPUR,Dabeerpet,3347751.8784716004,3996453.79665872
WARANGAL,GEESUGONDA,Elkurthy (Haveli),3347370.373395571,3973475.799543946
WARANGAL,NALLABELLY,Narakkapet,3348681.2220700076,3988307.887971083
WARANGAL,NALLABELLY,Gundlapahad,3349823.1129091033,3990402.483019853
WARANGAL,DUGGONDI,Laxmipur,3350111.3514783652,3975453.9504784415
WARANGAL,NALLABELLY,Govindapur,3354569.571639827,3993129.1452596965
WARANGAL,NALLABELLY,Relakunta,3356594.5527975434,3981646.713605865
WARANGAL,NALLABELLY,Kannaraopet,3355548.492762997,3989986.2499609827
WARANGAL,NALLABELLY,Kondapur,3356291.356781951,3996760.345365014
WARANGAL,NARSAMPET,Madhira,3342456.7081857347,3985420.685325143
WARANGAL,KHANAPUR,Jalubandam,3341806.0825383356,3995788.2278490635
WARANGAL,DUGGONDI,Mallampalle,3349787.9851751225,3983109.2898884625
WARANGAL,DUGGONDI,Duggondi,3350221.122185936,3979025.914952911
WARANGAL,SANGAM,Theegarajupalle,3330131.941743563,3970069.2887973306
WARANGAL,SANGAM,Shapur,3329927.6223325115,3966912.5953394827
WARANGAL,SANGAM,Mondrai,3338313.559915481,3974769.2900281684
WARANGAL,SANGAM,Mummadivaram,3335796.980507767,3974301.0905581643
WARANGAL,PARVATGIRI,Somaram,3322568.613273815,3969771.5007620566
BHADRADRI KOTHAGUDEM,BURGAMPAHAD,Sarapaka (CT),3314115.7904070015,4090465.3939509406
BHADRADRI KOTHAGUDEM,DAMMAPETA,Nagupalli,3271730.496967418,4094655.0108435065
BHADRADRI KOTHAGUDEM,MULAKALAPALLI,Jaganadhapuram,3284187.8332822584,4091071.991381142
BHADRADRI KOTHAGUDEM,ASHWARAOPET,Gummadivalli,3286483.4919285383,4121150.205443494
BHADRADRI KOTHAGUDEM,SUJATHANAGAR,Raghavapuram,3288067.79235266,4060754.5004149736
BHADRADRI KOTHAGUDEM,DAMMAPETA,Gunnepalli,3263800.0749846757,4098410.610939031
BHADRADRI KOTHAGUDEM,DAMMAPETA,Ganeshpadu,3263878.983406461,4095090.5197430677
BHADRADRI KOTHAGUDEM,PALVONCHA,Gangadeviguppa,3303422.3877665354,4089161.320265639
BHADRADRI KOTHAGUDEM,MULAKALAPALLI,Timmampeta,3300416.84151093,4096448.152076016
BHADRADRI KOTHAGUDEM,PALVONCHA,Sangam,3303763.2257822165,4085916.2915290105
BHADRADRI KOTHAGUDEM,BURGAMPAHAD,Sompalli,3305006.9093474476,4087048.42657329
BHADRADRI KOTHAGUDEM,DUMMAGUDEM,Adaviramavaram,3327468.9637202253,4104272.3109927005
BHADRADRI KOTHAGUDEM,DUMMAGUDEM,Nadikudi,3327171.807853837,4093603.391482493
BHADRADRI KOTHAGUDEM,CHERLA,Pusuguppa Patch-II,3371004.325898078,4088427.7799100485
BHADRADRI KOTHAGUDEM,CHERLA,Pusuguppa(G),3370681.1344461865,4087338.910954407
BHADRADRI KOTHAGUDEM,CHERLA,Pusuguppa Patch-I,3372319.8172913245,4087776.3200522503
BHADRADRI KOTHAGUDEM,PALVONCHA,Suraram,3308175.5154901906,4074086.886283449
BHADRADRI KOTHAGUDEM,ASWAPURAM,Amerdha,3330720.834011142,4089011.082560721
BHADRADRI KOTHAGUDEM,DUMMAGUDEM,Anjubaka,3332216.827395291,4096044.2945019915
BHADRADRI KOTHAGUDEM,ALLAPALLI,Ramanujagudem,3335041.456439722,4046982.2326519303
BHADRADRI KOTHAGUDEM,DUMMAGUDEM,Suravaram,3338003.128523616,4094748.6173096886
BHADRADRI KOTHAGUDEM,DAMMAPETA,Lachapuram,3273780.8156510615,4109296.916492027
BHADRADRI KOTHAGUDEM,CHERLA,Kurnapalli (G),3353585.846498826,4098257.024838251
BHADRADRI KOTHAGUDEM,CHERLA,Bodanalli (Z),3350182.077448953,4097564.835470788
BHADRADRI KOTHAGUDEM,CHERLA,Bodanalli (G),3350836.50579358,4098682.745748774
BHADRADRI KOTHAGUDEM,CHERLA,Uyyalamadugu (Z),3361886.549086462,4092427.158098426
BHADRADRI KOTHAGUDEM,MULAKALAPALLI,Annaram,3297528.8361018156,4077206.6351534277
BHADRADRI KOTHAGUDEM,CHERLA,Tippapuram,3360891.9735151855,4093971.6361560225
BHADRADRI KOTHAGUDEM,CHERLA,Chalamala,3358726.1116652037,4090628.180694698
BHADRADRI KOTHAGUDEM,DUMMAGUDEM,Kothuru,3332290.9691928783,4102550.201811405
BHADRADRI KOTHAGUDEM,CHERLA,Bathinapalli,3357962.0054687387,4096836.094912151
BHADRADRI KOTHAGUDEM,DUMMAGUDEM,Maraigudem,3323722.2870146004,4108172.8780039735
BHADRADRI KOTHAGUDEM,DUMMAGUDEM,Cherupalli,3320951.1747540627,4107497.3517653644
BHADRADRI KOTHAGUDEM,DUMMAGUDEM,Koyanarsapuram,3322266.519510668,4107707.089849085
BHADRADRI KOTHAGUDEM,DUMMAGUDEM,Kommanapalli,3322683.6170612574,4112509.140175883
BHADRADRI KOTHAGUDEM,PINAPAKA,Singireddypalli,3361300.684840208,4068888.9618957583
BHADRADRI KOTHAGUDEM,PINAPAKA,Janampeta,3357355.7422423256,4070313.326622563
BHADRADRI KOTHAGUDEM,PALVONCHA,Sarekallu,3314542.9799876297,4072446.9576860303
BHADRADRI KOTHAGUDEM,DUMMAGUDEM,Bandarugudem,3320802.7615098036,4095747.0272442703
BHADRADRI KOTHAGUDEM,DUMMAGUDEM,Turubaka,3320369.5907918983,4093623.664415564
BHADRADRI KOTHAGUDEM,DUMMAGUDEM,Z Maredubaka,3323147.0745245796,4094740.693667201
BHADRADRI KOTHAGUDEM,DUMMAGUDEM,Danthenam,3323523.1433092514,4091155.274246002
BHADRADRI KOTHAGUDEM,DUMMAGUDEM,Narsapuram,3322183.339644981,4092380.8186029466
BHADRADRI KOTHAGUDEM,JULURUPADU,Gundepudi,3281902.9953163466,4055089.749395399
BHADRADRI KOTHAGUDEM,ASHWARAOPET,Tirumalakunta,3286202.8375720955,4110024.308895174
BHADRADRI KOTHAGUDEM,CHANDRUGONDA,Tippanapally,3283900.548263453,4067271.739551925
BHADRADRI KOTHAGUDEM,CHANDRUGONDA,Ganugapadu,3283348.7979842178,4062037.510736483
BHADRADRI KOTHAGUDEM,JULURUPADU,Julurupad,3282435.4574789535,4052807.250374068
BHADRADRI KOTHAGUDEM,CHANDRUGONDA,Chandrugonda,3280809.134114136,4067408.4660997116
BHADRADRI KOTHAGUDEM,CHANDRUGONDA,Sethaigudem,3281037.3485332066,4071535.611076908
BHADRADRI KOTHAGUDEM,DAMMAPETA,Ankampalem,3281465.854548347,4099398.4759106035
BHADRADRI KOTHAGUDEM,ANNAPUREDDYPALLI,Teljerla,3281632.9660764765,4079759.2226291145
BHADRADRI KOTHAGUDEM,ASHWARAOPET,Asupaka,3278885.6367423316,4116907.0781748523
BHADRADRI KOTHAGUDEM,JULURUPADU,Nallabandabodu,3280708.622525761,4057748.1147221946
BHADRADRI KOTHAGUDEM,ASHWARAOPET,Khammampadu,3281975.719076034,4119757.9254949437
BHADRADRI KOTHAGUDEM,DAMMAPETA,Mallaram,3268155.62792378,4104311.768567895
BHADRADRI KOTHAGUDEM,DAMMAPETA,Mustibanda,3266026.7645669854,4102505.6177311004
BHADRADRI KOTHAGUDEM,MULAKALAPALLI,Mulakalapally,3295085.4253001055,4089952.9115283033
BHADRADRI KOTHAGUDEM,YELLANDU,Chellasamudram,3300336.7084414084,4026363.6229838934
BHADRADRI KOTHAGUDEM,DAMMAPETA,Mandalapalli,3264616.206821008,4105809.8753105057
BHADRADRI KOTHAGUDEM,DAMMAPETA,Nacharam,3265531.3500221795,4092335.2751896908
BHADRADRI KOTHAGUDEM,GUNDALA,Muthapuram,3337585.230529038,4039905.650047338
BHADRADRI KOTHAGUDEM,ASWAPURAM,Pamulapalli,3338113.5855947793,4090042.589460503
BHADRADRI KOTHAGUDEM,GUNDALA,Gundala,3335698.6754238675,4033583.648431121
BHADRADRI KOTHAGUDEM,DUMMAGUDEM,Parnasala,3339583.4028488677,4093432.3600617396
BHADRADRI KOTHAGUDEM,DUMMAGUDEM,Seethanagaram,3340405.099158772,4095559.3225537087
BHADRADRI KOTHAGUDEM,ASHWARAOPET,Anantharam,3278988.6191043532,4125848.0514526647
BHADRADRI KOTHAGUDEM,CHERLA,Mamidigudem (G),3343831.444654098,4091655.6219060635
BHADRADRI KOTHAGUDEM,ANNAPUREDDYPALLI,Annadevam,3280174.1332680103,4085550.3566716015
BHADRADRI KOTHAGUDEM,ASHWARAOPET,Kavadigundla,3281542.644726984,4135560.3647523685
BHADRADRI KOTHAGUDEM,LAKSHMIDEVIPALLY,Laxmidevipally (CT),3300517.4013561076,4066169.108161025
BHADRADRI KOTHAGUDEM,CHANDRUGONDA,Tungaram,3286491.236960395,4063173.616147212
BHADRADRI KOTHAGUDEM,JULURUPADU,Machinenipeta,3287446.3606186905,4057923.4658944253
BHADRADRI KOTHAGUDEM,JULURUPADU,Padamatinarsapuraam,3286464.0671419273,4055478.8145503253
BHADRADRI KOTHAGUDEM,DUMMAGUDEM,Powlaru peta,3324395.6593063516,4101640.5248868605
BHADRADRI KOTHAGUDEM,PALVONCHA,Dantelaboru,3302321.2504636287,4086873.1779590533
BHADRADRI KOTHAGUDEM,BURGAMPAHAD,Pinapaka (PM),3305744.0067145196,4083349.0946234916
BHADRADRI KOTHAGUDEM,TEKULAPALLE,Bethampudi,3304179.5180930034,4048770.637174052
BHADRADRI KOTHAGUDEM,MANUGUR,Tirumalapuram,3346920.4477437595,4085699.475361971
BHADRADRI KOTHAGUDEM,DUMMAGUDEM,Narayanapuram,3341056.617715768,4093769.2980400175
BHADRADRI KOTHAGUDEM,PINAPAKA,Sunnamvarigudem,3355473.6487581055,4068303.0925528933
BHADRADRI KOTHAGUDEM,MULAKALAPALLI,Kistaram (UI),3294217.048482947,4076081.5975003503
BHADRADRI KOTHAGUDEM,ANNAPUREDDYPALLI,Annapureddypally,3279179.9487551334,4082486.8589103813
BHADRADRI KOTHAGUDEM,DAMMAPETA,Patwarigudem,3277030.9788094517,4103018.845540285
BHADRADRI KOTHAGUDEM,CHANDRUGONDA,Gurramgudem,3278049.124967116,4065482.3069687565
BHADRADRI KOTHAGUDEM,SUJATHANAGAR,Sujathanagar,3292365.118692447,4061072.454152691
BHADRADRI KOTHAGUDEM,YELLANDU,Yellandu (M),3298498.4645762,4039734.6753671127
BHADRADRI KOTHAGUDEM,PALVONCHA,Repallevada,3303429.025897851,4082807.17035799
BHADRADRI KOTHAGUDEM,DAMMAPETA,Jaggaram,3278269.3080400107,4095583.3729834864
BHADRADRI KOTHAGUDEM,ANNAPUREDDYPALLI,Abbugudem,3278893.9601570116,4074933.595439684
BHADRADRI KOTHAGUDEM,ANNAPUREDDYPALLI,Narsapuram,3277700.995176884,4077247.392945764
BHADRADRI KOTHAGUDEM,KOTHAGUDEM,Kothagudem (M),3298145.706013553,4065546.8761454253
BHADRADRI KOTHAGUDEM,TEKULAPALLE,Gangaram,3308594.3700764966,4057341.375129783
BHADRADRI KOTHAGUDEM,MULAKALAPALLI,Madharam,3294429.766809855,4084630.1341913994
BHADRADRI KOTHAGUDEM,MULAKALAPALLI,Pusugudem,3297701.8344682725,4082632.379629059
BHADRADRI KOTHAGUDEM,ALLAPALLI,Markodu,3338729.6776744644,4053319.4450283735
BHADRADRI KOTHAGUDEM,MANUGUR,Manuguru (M),3342472.2409937275,4087161.095122999
BHADRADRI KOTHAGUDEM,CHERLA,Upparigudem(G),3359905.538653994,4085197.505301808
BHADRADRI KOTHAGUDEM,PALVONCHA,Karegattu,3319014.6469599577,4069192.6009686436
BHADRADRI KOTHAGUDEM,DUMMAGUDEM,Bojjiguppa,3322474.937256115,4103869.3391881837
BHADRADRI KOTHAGUDEM,DUMMAGUDEM,Chinabandirevu,3338669.3054708163,4096275.6257881094
BHADRADRI KOTHAGUDEM,DUMMAGUDEM,Lingapuram,3339420.4923177087,4100545.80830016
BHADRADRI KOTHAGUDEM,CHERLA,Gommugudem (Z),3349903.1361746,4086249.852630052
BHADRADRI KOTHAGUDEM,PINAPAKA,Pinapaka,3349320.5486843074,4071163.2079525795
BHADRADRI KOTHAGUDEM,ALLAPALLI,Adaviramavaram,3344596.762845434,4046320.7326613553
BHADRADRI KOTHAGUDEM,ASHWARAOPET,Lankaalapalli (D),3270926.4402070562,4122397.2922731647
BHADRADRI KOTHAGUDEM,DAMMAPETA,Amudalapadu,3271984.492577577,4109159.378039093
BHADRADRI KOTHAGUDEM,TEKULAPALLE,Pegallapadu,3296609.165636788,4050654.865666446
BHADRADRI KOTHAGUDEM,PALVONCHA,Koyagutta,3303163.923142293,4084463.7799034147
BHADRADRI KOTHAGUDEM,CHERLA,Subbampeta Pach,3358900.1047411985,4079664.023783859
BHADRADRI KOTHAGUDEM,CHERLA,Uyyalamadugu (G),3361567.456044559,4090631.2038952825
BHADRADRI KOTHAGUDEM,ALLAPALLI,Appaipeta,3331453.21721635,4047726.4398854715
BHADRADRI KOTHAGUDEM,CHERLA,Lingala (G),3350301.4991141716,4088347.7786674765
BHADRADRI KOTHAGUDEM,ASHWARAOPET,Bachuvarigudem,3283542.008696392,4122749.7783030407
BHADRADRI KOTHAGUDEM,ASHWARAOPET,Guntimadugu,3284176.011523394,4117377.6651364295
BHADRADRI KOTHAGUDEM,JULURUPADU,Kakarla,3284924.914008568,4058939.324009169
BHADRADRI KOTHAGUDEM,ASHWARAOPET,Kannaigudem,3279800.14931872,4129886.6157185244
BHADRADRI KOTHAGUDEM,LAKSHMIDEVIPALLY,Karukonda,3299175.8203468584,4058813.9621487777
BHADRADRI KOTHAGUDEM,DAMMAPETA,Akinepalli,3263224.7744154944,4108641.734008956
BHADRADRI KOTHAGUDEM,DAMMAPETA,Vadlagudem,3262535.6943781646,4101321.1392016327
BHADRADRI KOTHAGUDEM,DAMMAPETA,Sayannaraopalem,3266193.243644834,4104058.76523392
BHADRADRI KOTHAGUDEM,DAMMAPETA,Moddulagudem,3266179.665013316,4099443.22731595
BHADRADRI KOTHAGUDEM,DAMMAPETA,Naidupeta,3267071.3163156076,4097397.3787278035
BHADRADRI KOTHAGUDEM,ASHWARAOPET,Achuthapuram,3268116.648153763,4110001.5040718387
BHADRADRI KOTHAGUDEM,ASHWARAOPET,Naramvarigudem,3267901.7222091714,4113551.860790542
BHADRADRI KOTHAGUDEM,ASHWARAOPET,Aswaraopeta,3266901.430032672,4118563.9712777575
BHADRADRI KOTHAGUDEM,ASHWARAOPET,Maddikonda,3270920.135141065,4112663.633554346
BHADRADRI KOTHAGUDEM,PALVONCHA,Thoggudem,3302489.446889261,4080966.2862124206
BHADRADRI KOTHAGUDEM,BURGAMPAHAD,Iravendi,3318415.7886628485,4091112.023465116
BHADRADRI KOTHAGUDEM,DAMMAPETA,Dammapeta,3270297.362419218,4102872.5024774144
BHADRADRI KOTHAGUDEM,ANNAPUREDDYPALLI,Peddareddygudem,3272127.711528065,4073332.770386575
BHADRADRI KOTHAGUDEM,ASHWARAOPET,Ramannagudem,3273392.56244179,4123184.398004879
BHADRADRI KOTHAGUDEM,ASHWARAOPET,Jammigudem,3273359.705753519,4114144.8489952935
BHADRADRI KOTHAGUDEM,ANNAPUREDDYPALLI,Vootupalli,3273132.6675390922,4076901.2481508506
BHADRADRI KOTHAGUDEM,DAMMAPETA,Balarajugudem,3274814.6363901966,4099768.1025773995
BHADRADRI KOTHAGUDEM,DAMMAPETA,Peddagollagudem,3273488.198495323,4106851.038414126
BHADRADRI KOTHAGUDEM,DAMMAPETA,Malkaram,3273225.307013134,4110473.0607145433
BHADRADRI KOTHAGUDEM,ANNAPUREDDYPALLI,Gumpena,3275945.3465041965,4073364.2369973073
BHADRADRI KOTHAGUDEM,CHANDRUGONDA,Maddukuru,3276983.3060868587,4070275.4837480616
BHADRADRI KOTHAGUDEM,ANNAPUREDDYPALLI,Pentlam,3276508.2095827744,4081998.0691653616
BHADRADRI KOTHAGUDEM,ASHWARAOPET,Vendanthapuram,3273994.877894914,4119350.020787342
BHADRADRI KOTHAGUDEM,ANNAPUREDDYPALLI,Namavaram,3276484.8913468695,4079403.5778760216
BHADRADRI KOTHAGUDEM,CHANDRUGONDA,Damarlacherla,3279465.637240015,4070199.376119017
BHADRADRI KOTHAGUDEM,ASHWARAOPET,Narayanapuram,3278234.700568796,4122848.1777483346
BHADRADRI KOTHAGUDEM,CHANDRUGONDA,Pokalagudem,3279029.218425474,4060179.5069024214
BHADRADRI KOTHAGUDEM,CHANDRUGONDA,Raikampadu,3281396.0935501205,4063495.8818048644
BHADRADRI KOTHAGUDEM,MULAKALAPALLI,Kamalapuram,3287599.4526844616,4086084.2890040763
BHADRADRI KOTHAGUDEM,JULURUPADU,Karivarigudem,3289433.016270505,4056554.7701067924
BHADRADRI KOTHAGUDEM,JULURUPADU,Papakollu,3285555.851485937,4050368.8170366287
BHADRADRI KOTHAGUDEM,SUJATHANAGAR,Seethampeta,3289388.493951548,4063042.492468853
BHADRADRI KOTHAGUDEM,MULAKALAPALLI,Chaparalapally,3286397.3394106105,4078031.560684939
BHADRADRI KOTHAGUDEM,ASHWARAOPET,Duradapadu,3286864.879832424,4111493.9545581685
BHADRADRI KOTHAGUDEM,MULAKALAPALLI,Mukamamidi,3290980.3041968127,4086389.047985021
BHADRADRI KOTHAGUDEM,ASHWARAOPET,Nandipadu,3289123.3581022276,4117924.571691509
BHADRADRI KOTHAGUDEM,MULAKALAPALLI,Pogallapally,3290532.23701302,4091947.9200130207
BHADRADRI KOTHAGUDEM,SUJATHANAGAR,Gareebpeta,3292720.6420054254,4065126.9003187534
BHADRADRI KOTHAGUDEM,MULAKALAPALLI,Rachannagudem,3290062.9254557625,4097663.3799601607
BHADRADRI KOTHAGUDEM,CHUNCHUPALLY,Penugadapa,3288857.196677248,4068957.70338283
BHADRADRI KOTHAGUDEM,YELLANDU,Ragaboinagudem,3294821.1953514935,4037968.8658543276
BHADRADRI KOTHAGUDEM,CHUNCHUPALLY,Garimallapadu (CT),3296069.288535199,4067823.797002965
BHADRADRI KOTHAGUDEM,SUJATHANAGAR,Sarvaram,3296509.814723856,4061697.742687971
BHADRADRI KOTHAGUDEM,SUJATHANAGAR,Singabhupalem,3291075.802048765,4050239.560061751
BHADRADRI KOTHAGUDEM,LAKSHMIDEVIPALLY,Chatakonda,3300997.5935700424,4068431.2947963635
BHADRADRI KOTHAGUDEM,DAMMAPETA,Katkoor,3293126.5300681433,4102461.1712108767
BHADRADRI KOTHAGUDEM,LAKSHMIDEVIPALLY,Kunaram,3301665.812721892,4062926.461230524
BHADRADRI KOTHAGUDEM,TEKULAPALLE,Gollapally,3302000.630106407,4058199.675122806
BHADRADRI KOTHAGUDEM,PALVONCHA,Narayanraopeta,3304343.7130540633,4084720.586274336
BHADRADRI KOTHAGUDEM,PALVONCHA,Nagaram,3304463.6400124975,4080809.2959983572
BHADRADRI KOTHAGUDEM,PALVONCHA,Rangapuram,3305679.197419901,4080414.9113702443
BHADRADRI KOTHAGUDEM,BHADRACHALAM,Bhadrachalam (CT),3310544.769419088,4093535.995093056
BHADRADRI KOTHAGUDEM,PALVONCHA,Payakari Yanambilu,3310597.2749480633,4070498.853422612
BHADRADRI KOTHAGUDEM,GUNDALA,Galaba,3331407.3781053326,4031669.9415212735
BHADRADRI KOTHAGUDEM,DUMMAGUDEM,Manguvai,3333004.8997864835,4096022.955782606
BHADRADRI KOTHAGUDEM,BURGAMPAHAD,Uppusaka,3310286.9954611897,4079422.179794611
BHADRADRI KOTHAGUDEM,DUMMAGUDEM,Z.Reguballi,3325546.134106678,4092514.3991096993
BHADRADRI KOTHAGUDEM,ASWAPURAM,Nellipaka,3321976.7515827133,4088126.1488217
BHADRADRI KOTHAGUDEM,DUMMAGUDEM,Ramaraopeta,3325221.35492064,4094338.266775788
BHADRADRI KOTHAGUDEM,DUMMAGUDEM,K.Reguballi,3326252.2646719464,4092316.5186233674
BHADRADRI KOTHAGUDEM,GUNDALA,Settypally,3325662.243959504,4034558.440637915
BHADRADRI KOTHAGUDEM,DUMMAGUDEM,Yerraboru,3329346.362350236,4104258.0254286416
BHADRADRI KOTHAGUDEM,DUMMAGUDEM,K Dummugudem,3328920.6491392744,4094065.662951524
BHADRADRI KOTHAGUDEM,DUMMAGUDEM,Mahadevapuram,3329118.752737837,4097429.0598712466
BHADRADRI KOTHAGUDEM,CHERLA,C.Kathigudem,3353497.4368406003,4081118.369824773
BHADRADRI KOTHAGUDEM,CHERLA,Gommupuliboinapalli (Z),3354991.175065942,4084566.667944366
BHADRADRI KOTHAGUDEM,CHERLA,Keshavapuram (G),3354567.196709642,4087753.7646923633
BHADRADRI KOTHAGUDEM,PINAPAKA,Venkatraopeta,3356614.813159533,4075646.131617543
BHADRADRI KOTHAGUDEM,GUNDALA,Damaratogu,3352083.740957294,4042233.380738547
BHADRADRI KOTHAGUDEM,DUMMAGUDEM,Dabbanuthula,3332246.9318079837,4099672.110672741
BHADRADRI KOTHAGUDEM,DUMMAGUDEM,Ramachandrapuram,3333249.928352878,4098231.568488654
BHADRADRI KOTHAGUDEM,PALVONCHA,Laxmidevipally,3305251.8616412086,4075458.8256624704
BHADRADRI KOTHAGUDEM,PALVONCHA,Somulagudem,3306087.661963184,4077524.41011797
BHADRADRI KOTHAGUDEM,LAKSHMIDEVIPALLY,Regalla,3305346.747319286,4065905.5260596536
BHADRADRI KOTHAGUDEM,PALVONCHA,Palvancha (M),3301865.523180343,4073846.5125393094
BHADRADRI KOTHAGUDEM,YELLANDU,Sudimalla,3303956.423700741,4039259.902214892
BHADRADRI KOTHAGUDEM,BURGAMPAHAD,Morampalli Banjar,3307303.823268378,4086656.7356822756
BHADRADRI KOTHAGUDEM,YELLANDU,Mamidigundala,3306215.113668436,4023782.2587992917
BHADRADRI KOTHAGUDEM,BURGAMPAHAD,Nakiripeta,3308573.0664474783,4083208.245544416
BHADRADRI KOTHAGUDEM,YELLANDU,Rompedu,3306908.4858330507,4030534.602247272
BHADRADRI KOTHAGUDEM,BURGAMPAHAD,Burgampadu,3309957.4249230586,4086921.2445969423
BHADRADRI KOTHAGUDEM,BURGAMPAHAD,Nagineniprolu,3311790.250326249,4088677.951706678
BHADRADRI KOTHAGUDEM,PALVONCHA,Pandurangapuram,3311174.4335040995,4075610.579125653
BHADRADRI KOTHAGUDEM,PALVONCHA,Yanambilu,3312911.044950583,4071288.1394093814
BHADRADRI KOTHAGUDEM,MULAKALAPALLI,Gopalaraopeta (UI),3298683.9851729595,4087770.892806294
BHADRADRI KOTHAGUDEM,MULAKALAPALLI,Kapugangaram (UI),3285989.0834337324,4094082.3930067043
BHADRADRI KOTHAGUDEM,LAKSHMIDEVIPALLY,Gollagudem,3314972.566973602,4066448.2798842867
BHADRADRI KOTHAGUDEM,TEKULAPALLE,Bodu,3311792.896344721,4043332.170097584
BHADRADRI KOTHAGUDEM,LAKSHMIDEVIPALLY,Gattumalla,3311528.181850981,4064140.980824592
BHADRADRI KOTHAGUDEM,BURGAMPAHAD,Krishnasagar,3315659.6885739495,4080072.123237183
BHADRADRI KOTHAGUDEM,DUMMAGUDEM,Kothagudem,3321708.416830607,4095029.5461957627
BHADRADRI KOTHAGUDEM,TEKULAPALLE,Koppurai,3316727.983117441,4051585.1540892734
BHADRADRI KOTHAGUDEM,LAKSHMIDEVIPALLY,Punukuduchelaka,3318598.7319726585,4059818.188922348
BHADRADRI KOTHAGUDEM,DUMMAGUDEM,N.Laxmipuram,3322462.7165812054,4098546.3490911396
BHADRADRI KOTHAGUDEM,DUMMAGUDEM,Whitenagaram,3323022.650822969,4096528.912812162
BHADRADRI KOTHAGUDEM,DUMMAGUDEM,Gangavaram,3323919.2960323077,4100327.2867111545
BHADRADRI KOTHAGUDEM,DUMMAGUDEM,Singavaram,3324299.1953733666,4099050.0959984623
BHADRADRI KOTHAGUDEM,DUMMAGUDEM,Narayanaraopeta,3324107.172495594,4102981.7895407025
BHADRADRI KOTHAGUDEM,ASWAPURAM,Mamillavai,3319818.822798236,4076102.1633485844
BHADRADRI KOTHAGUDEM,DUMMAGUDEM,Lachigudem,3325228.3075023717,4105004.966990016
BHADRADRI KOTHAGUDEM,DUMMAGUDEM,Seetharampuram,3324829.8952218834,4091606.5720481607
BHADRADRI KOTHAGUDEM,PINAPAKA,Gaddampalli,3351788.448809327,4073348.997762498
BHADRADRI KOTHAGUDEM,CHERLA,Dandupeta (G),3351771.0441053854,4085714.539593408
BHADRADRI KOTHAGUDEM,CHERLA,Tegada (Z),3352238.7835471416,4089100.9910341287
BHADRADRI KOTHAGUDEM,CHERLA,Tegada (G),3350646.290791952,4086304.0584193864
BHADRADRI KOTHAGUDEM,ASWAPURAM,Tummalacheruv,3321889.061586129,4083066.879733987
BHADRADRI KOTHAGUDEM,LAKSHMIDEVIPALLY,Bangaruchelaka,3323012.7921855855,4061673.7020529835
BHADRADRI KOTHAGUDEM,ALLAPALLI,Ananthogu,3325662.575457634,4053140.647101843
BHADRADRI KOTHAGUDEM,YELLANDU,Komararam,3316942.738494683,4033876.5628731255
BHADRADRI KOTHAGUDEM,DUMMAGUDEM,Subbaraopeta,3327796.4319282547,4094995.954402912
BHADRADRI KOTHAGUDEM,DUMMAGUDEM,Dharmapuram,3327951.1286124797,4098641.401785584
BHADRADRI KOTHAGUDEM,ASWAPURAM,Chinthiryala,3327066.133153334,4089803.228636236
BHADRADRI KOTHAGUDEM,DUMMAGUDEM,Gangolu,3328272.0987860346,4093105.379455935
BHADRADRI KOTHAGUDEM,DUMMAGUDEM,Arlagudem,3329052.6091533843,4100819.5063360846
BHADRADRI KOTHAGUDEM,DUMMAGUDEM,Burravemula,3329889.188204582,4093019.015303692
BHADRADRI KOTHAGUDEM,DUMMAGUDEM,Achyuthapuram,3329554.0102136126,4095188.4096242255
BHADRADRI KOTHAGUDEM,DUMMAGUDEM,Kannapuram,3330588.5420490177,4093061.1104313172
BHADRADRI KOTHAGUDEM,DUMMAGUDEM,Laxminagaram,3330824.86133096,4094283.041234703
BHADRADRI KOTHAGUDEM,DUMMAGUDEM,Rajupeta,3330854.4960517786,4099048.9054158223
BHADRADRI KOTHAGUDEM,DUMMAGUDEM,Chinna Kamalapuram,3330809.4090145878,4101249.334059886
BHADRADRI KOTHAGUDEM,DUMMAGUDEM,Pedda Kamalapuram,3330367.7054151767,4103133.100863164
BHADRADRI KOTHAGUDEM,DUMMAGUDEM,Katayagudem,3330951.483632499,4096415.738990318
BHADRADRI KOTHAGUDEM,ALLAPALLI,Allapalli,3329367.340534268,4053711.3018234293
BHADRADRI KOTHAGUDEM,DUMMAGUDEM,Dummugudem,3332369.6971924505,4093140.281056804
BHADRADRI KOTHAGUDEM,DUMMAGUDEM,Byragulapadu,3333396.2678758185,4094805.911542516
BHADRADRI KOTHAGUDEM,PALVONCHA,Chandralagudem,3329720.005482172,4063995.705195504
BHADRADRI KOTHAGUDEM,DUMMAGUDEM,Pragallapalli,3333812.399900779,4095402.533154349
BHADRADRI KOTHAGUDEM,DUMMAGUDEM,Jinnelagudem,3333924.307682889,4102062.1736469925
BHADRADRI KOTHAGUDEM,ASWAPURAM,Aswapuram,3330635.646970136,4085500.9969844082
BHADRADRI KOTHAGUDEM,PALVONCHA,Ulvanoor,3328634.7432997804,4068754.6854179474
BHADRADRI KOTHAGUDEM,DUMMAGUDEM,Z Veerabhadrapuram,3334889.991215786,4099154.5218861834
BHADRADRI KOTHAGUDEM,DUMMAGUDEM,Chinthaguppa,3334918.1551959077,4103348.4977903175
BHADRADRI KOTHAGUDEM,ASWAPURAM,Kummarigudem,3334479.438926621,4090836.1649493263
BHADRADRI KOTHAGUDEM,GUNDALA,Mamakannu,3327887.6984224566,4043255.746243246
BHADRADRI KOTHAGUDEM,DUMMAGUDEM,K Veerabhadrapuram,3334849.161860531,4096616.243097671
BHADRADRI KOTHAGUDEM,DUMMAGUDEM,Keshavapatnam,3334665.274710685,4093699.4986315323
BHADRADRI KOTHAGUDEM,MANUGUR,Mallaram,3331205.714176567,4075748.446288496
BHADRADRI KOTHAGUDEM,DUMMAGUDEM,K Jinnelagudem,3335790.056979854,4101570.4663550826
BHADRADRI KOTHAGUDEM,ASWAPURAM,Ammagaripalli,3334835.2878618957,4087475.840588276
BHADRADRI KOTHAGUDEM,ASWAPURAM,Gondigudem,3328869.748081932,4078537.9419493414
BHADRADRI KOTHAGUDEM,DUMMAGUDEM,Chinanallaballi,3336388.454228838,4096734.1081952075
BHADRADRI KOTHAGUDEM,ALLAPALLI,Peddavenkatapuram,3333644.3528449438,4060360.6568871206
BHADRADRI KOTHAGUDEM,DUMMAGUDEM,Kotipalli Padu,3336849.6003219695,4093886.5953318244
BHADRADRI KOTHAGUDEM,DUMMAGUDEM,Pedanallaballi,3336624.8537238124,4097711.0791624445
BHADRADRI KOTHAGUDEM,DUMMAGUDEM,Laxmipuram,3336448.952329106,4099170.9084188277
BHADRADRI KOTHAGUDEM,DUMMAGUDEM,Tailorpeta,3337567.8578295405,4096858.4431793205
BHADRADRI KOTHAGUDEM,DUMMAGUDEM,Sangam,3338017.2628912376,4097832.660893173
BHADRADRI KOTHAGUDEM,DUMMAGUDEM,Paidakulamadugu,3337523.7968101073,4101448.8214506074
BHADRADRI KOTHAGUDEM,DUMMAGUDEM,Gowraram,3338498.522231812,4099141.185279993
BHADRADRI KOTHAGUDEM,DUMMAGUDEM,Sugnanapuram,3337323.8993987245,4103630.7451550434
BHADRADRI KOTHAGUDEM,DUMMAGUDEM,Paidigudem,3339128.906113008,4101853.490449655
BHADRADRI KOTHAGUDEM,DUMMAGUDEM,Govindapuram,3341562.065707006,4096285.9835935384
BHADRADRI KOTHAGUDEM,CHERLA,Rallagudem,3341675.794425471,4093185.398709019
BHADRADRI KOTHAGUDEM,DUMMAGUDEM,Mulakanapalli,3341395.910737885,4100151.350484711
BHADRADRI KOTHAGUDEM,MANUGUR,Samathsingaram (CT),3337290.253476086,4078252.540514756
BHADRADRI KOTHAGUDEM,CHERLA,Gogubaka (Z),3342361.9363375986,4093094.0928896717
BHADRADRI KOTHAGUDEM,GUNDALA,Konavarigudem,3340618.215131572,4032362.6703624614
BHADRADRI KOTHAGUDEM,GUNDALA,Lingagudem,3341132.4555789535,4029669.241920397
BHADRADRI KOTHAGUDEM,CHERLA,Puligundala,3344078.68788973,4101207.4389949506
BHADRADRI KOTHAGUDEM,KARAKAGUDEM,Regalla,3341349.4368103384,4061507.2853569654
BHADRADRI KOTHAGUDEM,CHERLA,Devarapalli,3345114.525314556,4091754.0522350934
BHADRADRI KOTHAGUDEM,CHERLA,Kudunuru (G),3346024.860048369,4090063.593151038
BHADRADRI KOTHAGUDEM,CHERLA,Kudunuru (Z),3347012.288771086,4090331.3597231642
BHADRADRI KOTHAGUDEM,CHERLA,Mummidivaram (Z),3347858.078122462,4088160.357352452
BHADRADRI KOTHAGUDEM,MANUGUR,Ramanujavaram,3344352.28194914,4076262.345029442
BHADRADRI KOTHAGUDEM,CHERLA,Jettigudem,3348532.7381445044,4087767.0057763197
BHADRADRI KOTHAGUDEM,CHERLA,Chinthaguppa,3349137.69362544,4093785.7652902086
BHADRADRI KOTHAGUDEM,GUNDALA,Sayanapalli,3344604.8774755117,4040064.075436056
BHADRADRI KOTHAGUDEM,CHERLA,Lingala (Z),3349129.8329462893,4086890.7851955243
BHADRADRI KOTHAGUDEM,CHERLA,R.Kothagudem (G),3348848.6198920747,4090944.697415854
BHADRADRI KOTHAGUDEM,PINAPAKA,Seetharampuram,3349494.224276949,4076778.8672123924
BHADRADRI KOTHAGUDEM,CHERLA,Peddipalli,3349533.9661824047,4088990.2580736945
BHADRADRI KOTHAGUDEM,GUNDALA,Chinna Venkatapuram,3346565.023158902,4035929.9503864017
BHADRADRI KOTHAGUDEM,PINAPAKA,Bommarajupalli,3349440.043167847,4078753.8378717434
BHADRADRI KOTHAGUDEM,KARAKAGUDEM,Mothe (PM),3348081.976611201,4052205.2891379823
BHADRADRI KOTHAGUDEM,PINAPAKA,Uppaka,3349774.493430851,4075201.763449085
BHADRADRI KOTHAGUDEM,KARAKAGUDEM,Karakagudem,3346316.4140387066,4061473.5566044347
BHADRADRI KOTHAGUDEM,CHERLA,Kaliveru (Z),3351353.1796401427,4090128.243448296
BHADRADRI KOTHAGUDEM,KARAKAGUDEM,Samathmothe,3348555.5087469644,4056403.0927744904
BHADRADRI KOTHAGUDEM,PINAPAKA,Potlapalli,3349136.2987311794,4068422.9229814042
BHADRADRI KOTHAGUDEM,CHERLA,Kothapalli(Z),3351519.2550399774,4083610.4410613286
BHADRADRI KOTHAGUDEM,CHERLA,Jangalapalli (G),3353403.0095643797,4089838.0671226443
BHADRADRI KOTHAGUDEM,KARAKAGUDEM,Anantharam,3352767.095409047,4050793.3803934767
BHADRADRI KOTHAGUDEM,CHERLA,Gompalli(z),3351619.253339142,4082557.1938759275
BHADRADRI KOTHAGUDEM,CHERLA,Mogallapalli (Z),3352383.5956989247,4081835.4805628164
BHADRADRI KOTHAGUDEM,PINAPAKA,Elchireddypalli,3353636.967847133,4075568.6190794646
BHADRADRI KOTHAGUDEM,CHERLA,Lingapuram (Z),3354456.7522482243,4085862.267917876
BHADRADRI KOTHAGUDEM,CHERLA,Chinnamidisileru (G),3354454.49831997,4090041.486525644
BHADRADRI KOTHAGUDEM,PINAPAKA,E.Bayyaram,3353373.735507538,4077558.5368302264
BHADRADRI KOTHAGUDEM,CHERLA,Ramanujapuram (G),3354980.0663685957,4080772.376081532
BHADRADRI KOTHAGUDEM,CHERLA,M.Puliboinapalli (Z),3355528.6972916736,4083154.459891065
BHADRADRI KOTHAGUDEM,CHERLA,Peddamidisileru Chalk-I,3355906.1057044826,4092892.5723104714
BHADRADRI KOTHAGUDEM,KARAKAGUDEM,Chirumalla,3354821.016209487,4064071.3857651553
BHADRADRI KOTHAGUDEM,CHERLA,Cherla (G),3356028.348400337,4085712.3761800444
BHADRADRI KOTHAGUDEM,CHERLA,Ricepeta (G),3355949.545065145,4087518.7776656453
BHADRADRI KOTHAGUDEM,CHERLA,Cheemalapadu,3356612.2111214865,4082501.798718947
BHADRADRI KOTHAGUDEM,CHERLA,Subbampeta (Z),3356060.414051215,4080457.1354436683
BHADRADRI KOTHAGUDEM,CHERLA,Chinthakunta (Z),3356341.648213842,4084391.366309318
BHADRADRI KOTHAGUDEM,CHERLA,Peddamidisileru Chalk-III,3356225.655466472,4090119.6442241077
BHADRADRI KOTHAGUDEM,CHERLA,Peddamidisileru (Z),3357038.692490278,4091700.266243922
BHADRADRI KOTHAGUDEM,CHERLA,Koyyuru (Z),3357354.513374314,4083163.68345174
BHADRADRI KOTHAGUDEM,CHERLA,Kotthuru,3357554.713377184,4084488.93931238
BHADRADRI KOTHAGUDEM,PINAPAKA,Allampalli,3354911.7770473175,4072282.5079489676
BHADRADRI KOTHAGUDEM,CHERLA,Bhumullanka (Z),3357744.972991844,4088774.139801253
BHADRADRI KOTHAGUDEM,CHERLA,Regunta (Z),3358139.5622985684,4083518.7724695257
BHADRADRI KOTHAGUDEM,CHERLA,Gannavaram(Z),3358372.6536605097,4084883.7332508126
BHADRADRI KOTHAGUDEM,CHERLA,Regunta (G),3358320.9736470683,4082360.8212008863
BHADRADRI KOTHAGUDEM,CHERLA,Dosillapalli (G),3359565.291187373,4089265.8900067494
BHADRADRI KOTHAGUDEM,PINAPAKA,Chegarsala,3361120.826110622,4070798.9936881713
BHADRADRI KOTHAGUDEM,PINAPAKA,Sarjathpalli,3359223.3979653157,4073310.4941758113
BHADRADRI KOTHAGUDEM,CHERLA,Cherla (Z),3358702.9521670877,4086909.3916977476
BHADRADRI KOTHAGUDEM,CHERLA,Singasamudram (G),3359721.9925417565,4084034.5539563517
BHADRADRI KOTHAGUDEM,CHERLA,Unjupalli (G),3362940.1389515838,4089737.6229373487
BHADRADRI KOTHAGUDEM,CHERLA,Vaddipeta(Z),3365462.1160768806,4089175.738669882
BHADRADRI KOTHAGUDEM,PINAPAKA,Bheemavaram,3363778.5350586586,4070025.98800724
BHADRADRI KOTHAGUDEM,DUMMAGUDEM,G Maredubaka,3323589.2447718782,4093582.9273831355
BHADRADRI KOTHAGUDEM,DUMMAGUDEM,RF,3322127.103253957,4112106.695049684
BHADRADRI KOTHAGUDEM,DUMMAGUDEM,MULKANPALLE RESERVED FOREST,3340720.834694489,4099933.133115854
BHADRADRI KOTHAGUDEM,BURGAMPAHAD,Tekula,3315299.8336016773,4086843.0091633927
BHADRADRI KOTHAGUDEM,ASWAPURAM,Kesavapuram,3329382.2966357893,4091154.809933182
BHADRADRI KOTHAGUDEM,ALLAPALLI,Olvachalaka,3339493.806360877,4067767.664320049
BHADRADRI KOTHAGUDEM,CHERLA,Kantepalli (G),3347331.204748397,4089073.0268424675
BHADRADRI KOTHAGUDEM,CHERLA,Sarangapani (Z),3347817.323530329,4090925.076984166
BHADRADRI KOTHAGUDEM,CHERLA,Kothagudem (Z),3347891.0998478117,4088941.5931520592
BHADRADRI KOTHAGUDEM,CHERLA,Srinivasapuram (Z),3350110.7960518,4090541.0203209613
BHADRADRI KOTHAGUDEM,CHERLA,Dandupeta (Z),3353032.0150992083,4087380.382266553
BHADRADRI KOTHAGUDEM,CHERLA,Kothapalli(G),3350723.7925157933,4084347.1093230145
BHADRADRI KOTHAGUDEM,CHERLA,Peddamidisileru Chalk-II,3355427.5877670953,4091769.2486110833
BHADRADRI KOTHAGUDEM,CHERLA,Boinapalle,3372107.217084921,4089437.7059545494
MULUGU,VENKATAPURAM,Morrem vanigudem (G),3372094.42940641,4065088.8717939705
MULUGU,VENKATAPURAM,Pujarigudem [Z],3372209.4627423896,4063416.1444451367
MULUGU,VENKATAPURAM,Ippapuram [G],3372982.0506681297,4074421.9140779013
MULUGU,VENKATAPURAM,Ippagudem (Z),3374188.9875796665,4063449.3555698944
MULUGU,VENKATAPURAM,Alubaka [G],3375754.9473969275,4070676.481895498
MULUGU,VENKATAPURAM,Kalipaka [G],3372795.304012272,4075757.392527217
MULUGU,WAZEED,Annavaram (G),3389542.1970625664,4055623.3159100437
MULUGU,WAZEED,Pusur Patch-I,3392244.463022675,4051145.565229485
MULUGU,WAZEED,Pusur Patch-II,3391944.2890546294,4049074.5885829846
MULUGU,WAZEED,Chintoor (G),3398387.8834663997,4045252.0402022544
MULUGU,WAZEED,Arlagudem (Z ),3398474.2126581506,4043658.9800135754
MULUGU,WAZEED,Peruru (Z),3403786.7851672284,4042468.0150351943
MULUGU,VENKATAPURAM,Mukunuru (G),3382086.972513544,4068485.477178565
MULUGU,VENKATAPURAM,Desarajupalle (Z),3382822.240465777,4053227.521139545
MULUGU,WAZEED,Korakal (Z),3400552.1466293554,4041370.583433191
MULUGU,VENKATAPURAM,Ramavaram (Z),3383825.862391515,4054240.956318988
MULUGU,VENKATAPURAM,Sudipaka (G),3384305.113566531,4052084.648914908
MULUGU,VENKATAPURAM,Mahitapauram (G),3384376.4732463215,4055901.229132948
MULUGU,VENKATAPURAM,Rachapalle (G),3384372.0032955576,4059720.0134709
MULUGU,VENKATAPURAM,Barlagudem (Z),3384975.0690787006,4053739.5674327975
MULUGU,VENKATAPURAM,Ramavaram (G),3385066.7851046952,4055290.283785682
MULUGU,WAZEED,Mutharam Chowk,3385412.6134181833,4050768.3528252062
MULUGU,WAZEED,Edjarlapalle (Z),3386022.6313981945,4050115.228719603
MULUGU,WAZEED,Pragallapalle (Z),3386203.7570811748,4052934.660375624
MULUGU,WAZEED,Bollaram [Z],3385323.513554144,4057787.921568265
MULUGU,WAZEED,Peddagollagudem (G),3401767.1882917928,4048321.766998538
MULUGU,WAZEED,Peruru (G),3404121.2878462016,4043431.5282535846
MULUGU,VENKATAPURAM,Chirtapalle (Z),3381620.3899030886,4053827.4229143397
MULUGU,VENKATAPURAM,Marikala (Z),3381655.407679126,4050902.770381587
MULUGU,VENKATAPURAM,Malla puram (G),3382619.64246174,4059527.3283623704
MULUGU,VENKATAPURAM,Mahitapuram (Z),3382763.8532534377,4056157.187706922
MULUGU,VENKATAPURAM,Koyabestagudem (G),3380952.205158848,4060937.581052693
MULUGU,VENKATAPURAM,Nuguru (G),3381871.963240956,4056694.4687871127
MULUGU,WAZEED,Cherukur (G),3401296.191468642,4045468.376674548
MULUGU,WAZEED,Lakshmipuram,3401322.0770054846,4044241.1657269564
MULUGU,WAZEED,Ayyavaripeta (G),3402486.660377354,4042418.662808985
MULUGU,WAZEED,Bhuvanapalle,3402133.255143859,4043641.359821861
MULUGU,WAZEED,Koyaveerapuram (G),3401769.64896374,4050968.7755314433
MULUGU,WAZEED,Mulkanapalle (G),3405373.6532029677,4049661.851404126
MULUGU,WAZEED,Kadekal (Z),3405303.9382489054,4043550.249930199
MULUGU,VENKATAPURAM,Ontichintalagudem [G],3360646.9000384673,4076756.8556141295
MULUGU,VENKATAPURAM,Edhira [G],3363302.7294400707,4075135.501945832
MULUGU,VENKATAPURAM,Suraveedu [Z],3366342.33564286,4072520.310039064
MULUGU,VENKATAPURAM,Suraveedu [G],3367395.014297187,4073954.5452435813
MULUGU,VENKATAPURAM,Kondapuram [Z],3367742.2407051497,4071351.4487464004
MULUGU,VENKATAPURAM,K.Kondapuram [Z],3369217.5852462403,4072651.500202721
MULUGU,VENKATAPURAM,Bodapuram [G],3369041.314597949,4070495.0816747327
MULUGU,VENKATAPURAM,Taniparthy [G],3369148.8545813607,4069181.1058334364
MULUGU,VENKATAPURAM,Ankannagudem (Z),3375394.351253633,4064222.4224700364
MULUGU,VENKATAPURAM,Veerabhadraram (Z),3376414.3434325536,4063312.3381955475
MULUGU,VENKATAPURAM,Alubaka [Z],3374254.910040547,4072308.546072524
MULUGU,VENKATAPURAM,Wadagudem (Z),3377628.007948881,4055538.33678255
MULUGU,VENKATAPURAM,Bandagudem (G),3377753.314541083,4053979.6477401964
MULUGU,VENKATAPURAM,Uppedu (Z),3378609.1828023503,4061087.453562375
MULUGU,VENKATAPURAM,Punem Veerapuram (G),3378132.6382922414,4052817.2779701184
MULUGU,VENKATAPURAM,Palem (Z),3378642.968048693,4062622.5085628815
MULUGU,VENKATAPURAM,Venkatapuram (Z),3377500.119082882,4058124.5943350885
MULUGU,VENKATAPURAM,Wadagudem (G),3379588.0014574733,4056026.64649596
MULUGU,WAZEED,Kongala (G),3394109.092569386,4053876.8089122474
MULUGU,WAZEED,Nagaram (G),3395844.794436309,4050385.8368746797
MULUGU,WAZEED,Dulapuram (G),3396702.9590079426,4050394.5428520394
MULUGU,VENKATAPURAM,Venkatapuram (G),3381060.4958259473,4057509.1115942374
MULUGU,VENKATAPURAM,Uppedu Veerapuram (Z),3380512.488213533,4059024.596379687
MULUGU,VENKATAPURAM,Chirtapalle (G),3380757.4629975976,4054866.9819031735
MULUGU,VENKATAPURAM,Marikala (G),3380931.553116816,4051552.607453043
MULUGU,VENKATAPURAM,Chinnagangaram (G),3382799.23118278,4055003.354871669
MULUGU,VENKATAPURAM,Nuguru (Z),3383321.4921745006,4057806.971466553
MULUGU,VENKATAPURAM,Punem Veerapuram (Z),3383244.904045267,4050295.889838045
MULUGU,WAZEED,Aruguntapalle (Z),3386370.262872223,4054708.132469481
MULUGU,WAZEED,Edjarlapalle (G),3386783.870536136,4050006.2319823797
MULUGU,WAZEED,Bijinepalle,3387191.2243186175,4057084.8404758926
MULUGU,WAZEED,Morumuru (G),3387603.0762823233,4054170.1629103716
MULUGU,WAZEED,Bommanapalle (G),3387942.5892807473,4049931.779315305
MULUGU,WAZEED,Morumuru (Z),3388487.7736238106,4056864.349638147
MULUGU,VENKATAPURAM,Pamunoor,3390104.477718179,4065280.0754248514
MULUGU,WAZEED,Pusur (Z),3390486.081272015,4049421.644944907
MULUGU,WAZEED,Koppusuru,3391076.5423735175,4055619.1190522546
MULUGU,WAZEED,Ghanpuram (Z),3391755.8896395382,4054204.9755557487
MULUGU,WAZEED,Arunachalapuram,3392363.358253583,4055288.798210967
MULUGU,WAZEED,Wazeed (G),3394377.8886690796,4050213.8320076605
MULUGU,WAZEED,Ippagudem (G),3396711.7815169967,4052578.668844358
MULUGU,WAZEED,Gummadidoddi (Z),3397915.0709255678,4051031.1194907627
MULUGU,WAZEED,Cheekupalle (Z),3398311.0322794467,4050277.6162969996
MULUGU,WAZEED,Jangalapalle (G),3398765.1855923943,4052095.942120141
MULUGU,WAZEED,Peddagollagudem (Z),3398934.8853996424,4047717.5957600623
MULUGU,WAZEED,Chintoor (Z),3399410.70779957,4045466.4604453966
MULUGU,WAZEED,Arlagudem (G),3399794.3435836667,4043996.3555993126
MULUGU,WAZEED,Lingaper (Z),3398914.171778663,4042359.2459198753
MULUGU,WAZEED,Cherukur (Z),3400458.221847991,4046060.7424242967
MULUGU,WAZEED,Gummadidoddi (G) Chaka,3400091.0443154327,4051669.5581011344
MULUGU,WAZEED,Krishnapuram (G),3406009.015719574,4042019.6127432636
MULUGU,WAZEED,Chandrupatla (Z),3406615.8569583865,4039950.252684851
MULUGU,WAZEED,Peddagangaram (Z),3406977.4219582337,4041003.197755275
MULUGU,WAZEED,Tekulagudem (Z),3408066.812472691,4041746.311717087
MULUGU,WAZEED,Kadekal (G),3406886.3084781743,4044429.1143221115
MULUGU,WAZEED,Ghattuveerapuram (Z),3405137.067390909,4040475.2495832588
MULUGU,VENKATAPURAM,Bandarugudem,3365099.7523373794,4074164.0197903425
MULUGU,VENKATAPURAM,A.Kathigudem,3371584.2349329293,4066319.7408027705
MULUGU,VENKATAPURAM,Nallaguntapalle [Z],3374280.0959116085,4067261.0189440986
MULUGU,VENKATAPURAM,Chinneda [Z],3374445.545438936,4066075.052239204
MULUGU,VENKATAPURAM,Sarakalanka (Z),3373555.128812154,4062513.7530578026
MULUGU,VENKATAPURAM,Chinneda [G],3374947.1633714945,4065079.783447974
MULUGU,VENKATAPURAM,Narsireddigudem (Z),3375419.504045503,4058978.045322155
MULUGU,VENKATAPURAM,Burugudem (Z),3375291.537436855,4060614.6680822736
MULUGU,VENKATAPURAM,Marrigudem (Z),3377130.7762285178,4056764.1612369376
MULUGU,VENKATAPURAM,Palem (G),3377395.245579082,4060244.116274335
MULUGU,VENKATAPURAM,Barlagattugudem (Z),3377236.3861653246,4062294.999474747
MULUGU,VENKATAPURAM,Sudipaka (Z),3378962.8737650583,4052437.9879831467
MULUGU,VENKATAPURAM,Tadapala (G),3379731.7421415905,4076998.782730785
MULUGU,VENKATAPURAM,Desarajupalle (G),3379907.5963044344,4051964.719361541
MULUGU,VENKATAPURAM,Chalamala (G),3380983.3098191214,4071869.4538909676
MULUGU,VENKATAPURAM,Alligudem (G),3381855.4947050903,4066333.291555891
MULUGU,VENKATAPURAM,Bandarupalle (G),3383635.368123937,4061944.673766347
MULUGU,VENKATAPURAM,Mallapuram (Z),3383225.7398054954,4058679.6299223634
MULUGU,VENKATAPURAM,Barlagudem (G),3384605.604912997,4052905.633702521
MULUGU,VENKATAPURAM,Kothagudem (G),3385958.7633265117,4056710.696157232
MULUGU,VENKATAPURAM,Doli (G),3386572.1172720282,4073248.041659902
MULUGU,VENKATAPURAM,Zella (G),3389471.801225822,4069510.4338121503
MULUGU,WAZEED,Kacharam (G),3390245.333680657,4054311.705318493
MULUGU,WAZEED,Lalpet (G),3389365.6683484223,4049598.7018882353
MULUGU,WAZEED,Dharmavaram,3399027.9826693535,4041006.8980188807
MULUGU,MULUG,Ranabandala (D),3359965.660357361,4011386.788993435
MULUGU,MULUG,Kannaigudem,3363911.3960038275,4005399.0922600715
MULUGU,MULUG,Pegadapalle,3361571.133357749,4007178.079519911
MULUGU,GOVINDARAOPET,Muthapur,3372955.170271569,4018981.7163711414
MULUGU,MULUG,Incherla,3369997.054936355,3996716.3132661553
MULUGU,MANGAPET,Thimmampet,3370893.6073435172,4055132.71188538
MULUGU,MANGAPET,Domeda,3360920.2975685545,4065229.3958968525
MULUGU,MANGAPET,Kathigudem,3366852.9741980657,4068400.9539541285
MULUGU,MANGAPET,Rajupet,3365871.0987964985,4063908.366065724
MULUGU,VENKATAPUR,Adavirangapur,3387482.0136258374,3996906.068709779
MULUGU,VENKATAPUR,Thimmapur,3385029.863162031,3997721.344622291
MULUGU,VENKATAPUR,Ramanathapalle,3380028.1142399753,3999075.6771115437
MULUGU,ETURNAGARAM,Mullakatta,3391562.5464967,4046642.03787771
MULUGU,ETURNAGARAM,Ekkela,3384117.0076718805,4039407.926059875
MULUGU,ETURNAGARAM,Butaram,3385996.565038203,4039430.9517005184
MULUGU,MANGAPET,Chunchupalle,3370972.268878065,4061417.3207166665
MULUGU,MANGAPET,Wadagudem,3368735.7043182617,4064904.384812704
MULUGU,MANGAPET,Brahmanapalle,3365463.2704033614,4066711.466732756
MULUGU,MANGAPET,Akinepalle Mallaram,3365273.16696113,4068168.278175053
MULUGU,MANGAPET,Bandarugudem,3363375.597098905,4067277.8967183605
MULUGU,MANGAPET,Cherupalle,3365166.3902512793,4051901.569181499
MULUGU,MULUG,Abbapuram,3366873.175478303,3985292.088539732
MULUGU,TADVAI(SAMMAKKA SARAKKA),Chowled,3362465.744515906,4036324.8175672446
MULUGU,GOVINDARAOPET,Rampur,3367949.386132701,4016966.5827184594
MULUGU,KANNAIGUDEM,Kannaigudem,3403484.7617423586,4037821.8465607315
MULUGU,KANNAIGUDEM,Gurrevula,3405675.4333513402,4038135.151429968
MULUGU,TADVAI(SAMMAKKA SARAKKA),Kalwapalle,3386345.7510925387,4020891.986372542
MULUGU,TADVAI(SAMMAKKA SARAKKA),Bayyakkapet,3385559.8298856043,4013908.2557119145
MULUGU,ETURNAGARAM,Pedda Venkatapur,3378427.8902976657,4041978.4709963333
MULUGU,MANGAPET,Kamalapuram,3377063.5800612494,4049232.1283620945
MULUGU,GOVINDARAOPET,Rangapur,3375403.2407695344,4013934.213526682
MULUGU,ETURNAGARAM,Chalpaka,3392108.499598233,4039141.601314019
MULUGU,WAZEED,Tekulagudem Chak-II,3408285.344492832,4042721.1915742597
MULUGU,WAZEED,Chinnagollagudem (Z),3404265.718450079,4040052.0164498393
MULUGU,WAZEED,Ayyavaripeta (Z),3401504.996681154,4039993.7169054616
MULUGU,VENKATAPURAM,Ramannagudem [Z],3371000.43247477,4067256.2149832114
MULUGU,VENKATAPURAM,Ippagudem [G],3373589.938054896,4064460.7025748147
MULUGU,VENKATAPURAM,Narsireddigudem (G),3374161.9297522753,4060917.3706455305
MULUGU,WAZEED,Rampuram,3403320.8348783557,4040919.2461595507
MULUGU,WAZEED,Padigapuram (Z),3401782.398831401,4049859.1704744226
MULUGU,VENKATAPUR,Ramanujapuram,3379552.0989517714,3991223.864845134
MULUGU,ETURNAGARAM,Papkapuram,3380708.263165772,4046692.0225382447
MULUGU,TADVAI(SAMMAKKA SARAKKA),Vengalapuram,3379810.8509160066,4019960.578200214
MULUGU,ETURNAGARAM,Ramnager (Koyagudem),3381964.197627384,4048558.710379504
MULUGU,ETURNAGARAM,Shapalle,3381620.8292015577,4038480.8913809443
MULUGU,ETURNAGARAM,Ramannagudem,3382775.1091173515,4046475.205777307
MULUGU,MANGAPET,Lodukagudem,3358435.2055584276,4060546.322697424
MULUGU,MANGAPET,Barlagudem,3356109.7133097495,4054962.7775316644
MULUGU,MANGAPET,Gollagudem,3367295.8848477895,4066249.9860849665
MULUGU,MULUG,Mallampalle,3359746.088891822,3984375.9201394957
MULUGU,MULUG,Ankannagudem,3362323.1550067016,4008722.5337737
MULUGU,TADVAI(SAMMAKKA SARAKKA),Bollepalle (P.L),3351308.611031329,4032015.50301711
MULUGU,TADVAI(SAMMAKKA SARAKKA),Narsapur (P.L),3352545.566873976,4035397.872147266
MULUGU,TADVAI(SAMMAKKA SARAKKA),Lingala,3348335.066307968,4031323.6028039763
MULUGU,TADVAI(SAMMAKKA SARAKKA),Alligudem,3354682.2000446375,4034202.361302273
MULUGU,TADVAI(SAMMAKKA SARAKKA),Rangapuram (P.A),3355425.43652966,4047556.771128284
MULUGU,TADVAI(SAMMAKKA SARAKKA),Veerapuram,3355540.3266071486,4045112.5259335437
MULUGU,TADVAI(SAMMAKKA SARAKKA),Pocha Palle,3355426.3473931877,4030323.8005283764
MULUGU,TADVAI(SAMMAKKA SARAKKA),Bittupalle (P.L),3356622.748320736,4026202.431520953
MULUGU,TADVAI(SAMMAKKA SARAKKA),Kousettivai,3360148.061983245,4040566.9920443683
MULUGU,TADVAI(SAMMAKKA SARAKKA),Beerelli,3358582.821896323,4046706.7967439
MULUGU,TADVAI(SAMMAKKA SARAKKA),Bondal,3359347.181512064,4029850.4003774947
MULUGU,MULUG,Sarvapuram,3357900.9099523644,4007744.5731970123
MULUGU,TADVAI(SAMMAKKA SARAKKA),Kamaram (P.A),3359994.4250258747,4046159.1094832686
MULUGU,TADVAI(SAMMAKKA SARAKKA),Ankampalle,3360395.297132343,4042961.1552911405
MULUGU,MULUG,Kothur,3361373.1551232995,4003859.0812422615
MULUGU,TADVAI(SAMMAKKA SARAKKA),Pambapuram,3363094.020179753,4045047.922897316
MULUGU,MULUG,Ramachandrapuram,3359921.3144412464,3990353.464027989
MULUGU,MULUG,Jaggannapet,3363163.948834205,3993759.867602281
MULUGU,MULUG,Pathepalle,3361684.6109367656,3996706.1141990423
MULUGU,TADVAI(SAMMAKKA SARAKKA),Damervai,3365115.8132432033,4044128.611985617
MULUGU,MANGAPET,Pooredipally,3361561.170120942,4055649.623380206
MULUGU,MULUG,Madanapalle,3365305.5717265424,3993404.5477139438
MULUGU,MULUG,Kasimdevipet,3364453.2427111934,4001108.7621986265
MULUGU,GOVINDARAOPET,Karlapalle,3361877.5266205403,4015237.8696883447
MULUGU,MANGAPET,Ramachandrunipet,3363805.8483639667,4064366.221704977
MULUGU,MANGAPET,Narsimhasagar,3364079.3117602197,4053708.0425531627
MULUGU,GOVINDARAOPET,Laknavaram,3367067.5501799867,4013041.1164273056
MULUGU,TADVAI(SAMMAKKA SARAKKA),Chinthalakatapuram,3351969.525372488,4028756.2480531395
MULUGU,TADVAI(SAMMAKKA SARAKKA),Kothagudem (P.L),3355191.6726099425,4049677.0878193583
MULUGU,TADVAI(SAMMAKKA SARAKKA),Katnarsapuram,3362237.614325345,4043013.022694072
MULUGU,TADVAI(SAMMAKKA SARAKKA),Motlagudem,3366957.6060485165,4043669.0340306815
MULUGU,MULUG,Annampalle (D),3367367.895251539,3999890.1740699927
MULUGU,MULUG,Jakaram,3365894.0906302473,3988730.7429299313
MULUGU,MULUG,Mulug,3368108.2529742015,3994186.8918510554
MULUGU,KANNAIGUDEM,Laximpur,3407081.537292596,4038732.9218093306
MULUGU,KANNAIGUDEM,Devadhumla,3408648.8210314624,4040272.9013744844
MULUGU,KANNAIGUDEM,Rajannapet,3408174.8605201156,4037294.9012632947
MULUGU,KANNAIGUDEM,Bhupathipuram,3409104.970095481,4029294.8840889283
MULUGU,KANNAIGUDEM,Gangaram,3412013.400522049,4036882.4025830897
MULUGU,KANNAIGUDEM,Tupakulagudem,3411634.156167825,4039936.4409033037
MULUGU,GOVINDARAOPET,Machchapur,3371503.130045665,4003626.7679385087
MULUGU,MANGAPET,Komatipalle,3367213.430767674,4049182.3520459966
MULUGU,GOVINDARAOPET,Bussapur,3367746.7289581997,4004371.355911483
MULUGU,MULUG,Bandarupalle,3370291.5734548816,3991844.790170931
MULUGU,GOVINDARAOPET,Pasranagaram,3371303.1832688563,4018236.2077594376
MULUGU,MANGAPET,Mallur,3370626.9983269013,4058591.456681518
MULUGU,MANGAPET,Ramanakkapet,3367571.695017553,4061975.2367526894
MULUGU,MANGAPET,Tondyala Laxmipur,3370124.682764043,4046500.2365149623
MULUGU,MANGAPET,Narsapur (Mangapet),3373950.426830822,4054668.7959647845
MULUGU,MANGAPET,Mangapet (Podmur),3374358.9374346994,4051600.209696106
MULUGU,TADVAI(SAMMAKKA SARAKKA),Kamaram (P.T),3375273.0625897855,4028880.527918157
MULUGU,TADVAI(SAMMAKKA SARAKKA),Gonepalle,3375160.30288342,4023387.482354839
MULUGU,VENKATAPUR,Narasapuram,3373470.4079929497,3987926.4484099196
MULUGU,ETURNAGARAM,Malyala,3387455.2900512503,4032263.4671013523
MULUGU,ETURNAGARAM,Eturnagaram,3385479.2023839406,4046529.3384808516
MULUGU,VENKATAPUR,Palampeta,3375585.609327261,3993184.0199462418
MULUGU,GOVINDARAOPET,Chalwai,3373774.43324217,4007806.571234593
MULUGU,VENKATAPUR,Nallagunta,3378034.0844929954,3996966.156373859
MULUGU,VENKATAPUR,Venkatapur,3376141.3395435265,3999731.5054809786
MULUGU,ETURNAGARAM,Gogubelle,3378960.2581803887,4044449.6725649787
MULUGU,GOVINDARAOPET,Motlagudem,3377080.906001258,4018509.5767456503
MULUGU,VENKATAPUR,Laxmidevipeta,3381869.39920489,3996654.500077275
MULUGU,ETURNAGARAM,Akulavari Ghanpur,3383604.1350759673,4042249.1825485257
MULUGU,TADVAI(SAMMAKKA SARAKKA),Narlapur,3382364.9174209507,4021095.293463095
MULUGU,TADVAI(SAMMAKKA SARAKKA),Medaram (Sammakkajatara),3381962.8303268305,4026770.6517014788
MULUGU,TADVAI(SAMMAKKA SARAKKA),Tadvai,3377057.674095216,4033166.6016822723
MULUGU,ETURNAGARAM,Dodla,3387110.2106234976,4034059.2145432173
MULUGU,ETURNAGARAM,Kondai,3388672.667077051,4032666.666054786
MULUGU,TADVAI(SAMMAKKA SARAKKA),Oorattam,3386508.320299639,4025473.326734468
MULUGU,ETURNAGARAM,Roheer,3387527.9412891706,4044821.451609017
MULUGU,KANNAIGUDEM,Kanthanapalle,3394909.821667844,4040873.6317928513
MULUGU,ETURNAGARAM,Rampur Agrahar,3394839.515220064,4045466.552361444
MULUGU,KANNAIGUDEM,Etur,3396967.5508980914,4039779.7402932537
MULUGU,KANNAIGUDEM,Singaram,3397040.1542905415,4037669.865324362
MULUGU,KANNAIGUDEM,Chinthagudem,3399202.577929098,4036693.594452317
MULUGU,KANNAIGUDEM,Sarvai,3400856.289257812,4033387.2007483123
MULUGU,KANNAIGUDEM,Buttaigudem,3401662.832844921,4037136.046473273
MULUGU,KANNAIGUDEM,Chityala,3402861.2179559255,4033522.013249885
MULUGU,ETURNAGARAM,Chinna Venkatapur,3380885.2386874463,4043290.687657617
MULUGU,ETURNAGARAM,Elishettipalle,3391141.0107846125,4037163.2282436034
MULUGU,ETURNAGARAM,Banajibandam,3391753.17231771,4037374.5328337224
MULUGU,KANNAIGUDEM,Kothuru,3401543.957433571,4035011.198604095
HANUMAKONDA,SHAYAMPET,Katrapalle,3361758.415232923,3980507.7744746315
MULUGU,TADVAI(SAMMAKKA SARAKKA),Medaram (D),3385917.4793192754,4025724.6077335803
MULUGU,TADVAI(SAMMAKKA SARAKKA),Kondaparthi,3372631.7712868084,4027888.0875460156
MULUGU,ETURNAGARAM,Kondred,3388400.616760609,4028666.854332232
MULUGU,ETURNAGARAM,Kothagudem,3381553.3222433943,4027322.46760477
NAGARKURNOOL,TADOOR,Parvathayapalle,3194790.231537743,3819811.849701101
NAGARKURNOOL,PENTLAVELLI,Malleswaram,3133672.318546939,3818621.5918493895
NAGARKURNOOL,PENTLAVELLI,Vemkal,3133514.401459833,3817462.30006528
NAGARKURNOOL,NAGARKURNOOL,Chandayapalle,3182821.976021082,3825557.0736813582
NAGARKURNOOL,PEDDAKOTHAPALLY,Rangayapalle,3155387.270576753,3831176.064881192
NAGARKURNOOL,BALMOOR,Jillellapalle,3161385.0161128547,3846263.120253416
BHADRADRI KOTHAGUDEM,PINAPAKA,Veerapuram,3365958.4311658833,4069823.9979027356
BHADRADRI KOTHAGUDEM,KARAKAGUDEM,Bhattupalli,3348994.6312739085,4062074.490619643
WANAPARTHY,PEBBAIR,Thomalapalle,3156680.9561900124,3784487.0013643056
WANAPARTHY,PEBBAIR,Ramammapeta,3153219.5849583666,3781112.948535366
WANAPARTHY,KOTHAKOTA,Pullareddikunta,3163539.0292739053,3779993.2660550745
NALGONDA,VEMULAPALLY,Chalichimalapalem,3242403.2325828704,3956687.1986480146
KHAMMAM,KUSUMANCHI,Eswaramadharam,3256270.0088423993,3989784.307765472
NALGONDA,VEMULAPALLY,Settipalem,3230404.890361074,3952360.290229555
NAGARKURNOOL,PADARA,Gangupenta,3166539.9639037102,3900747.2487380244
BHADRADRI KOTHAGUDEM,BURGAMPAHAD,Mothe (Pattimalluru),3316390.1696583396,4091443.313527967
BHADRADRI KOTHAGUDEM,GUNDALA,Kachanapally,3321305.278767522,4045505.2865111674
BHADRADRI KOTHAGUDEM,DUMMAGUDEM,Ramachandrunipeta,3321126.28845099,4105175.9888905785
BHADRADRI KOTHAGUDEM,DUMMAGUDEM,Bheemavaram,3323639.610387075,4106081.4607644305
BHADRADRI KOTHAGUDEM,DUMMAGUDEM,Kothapalli,3321571.5483334684,4109688.4546191324
BHADRADRI KOTHAGUDEM,DUMMAGUDEM,Gurralabailu,3324166.295188775,4104546.3668455575
BHADRADRI KOTHAGUDEM,DUMMAGUDEM,Jinnagattu,3323387.8065371355,4109971.992392817
BHADRADRI KOTHAGUDEM,CHERLA,Sarangapani (G),3346752.088001729,4092246.9944706345
WANAPARTHY,ATMAKOOR,Arepalle,3159157.8265991798,3773209.044934609
WANAPARTHY,ATMAKOOR,Kathepalle,3159428.143882031,3775608.3410094697
WANAPARTHY,ATMAKOOR,Thoompalle,3157347.8894896656,3776047.838931702
WANAPARTHY,ATMAKOOR,Veeraraghavapur,3158582.279970641,3777731.657413413
WANAPARTHY,ATMAKOOR,Rechintala,3155497.2350076595,3778675.7602295997
WANAPARTHY,PEDDAMANDADI,Mojerla,3178675.7336370107,3785967.546231909
WANAPARTHY,PEDDAMANDADI,Dodgantlapally,3178133.80062031,3795223.7707054913
WANAPARTHY,PANGAL,Kadirepad,3157870.4946463197,3810649.593431037
NAGARKURNOOL,PEDDAKOTHAPALLY,Gorremadugu,3154818.5509073455,3835046.7078510183
NAGARKURNOOL,BALMOOR,Ramagiri,3163047.4980170163,3851011.0982731604
NAGARKURNOOL,ACHAMPET,Singavaram,3182512.959654747,3866822.244999354
NAGARKURNOOL,NAGARKURNOOL,Laxmapuram,3179586.4935705815,3819398.1203913516
NAGARKURNOOL,NAGARKURNOOL,Vallabhampally,3173101.350164351,3816517.3663675473
NAGARKURNOOL,THIMMAJIPET,Thirumalagiri,3200974.0516541633,3806585.49047872
NAGARKURNOOL,BIJINAPALLY,Dharmapur,3180562.071379702,3807119.0874383966
NALGONDA,GUNDLAPALLY,Yerraram,3194231.5954759377,3877166.5998805203
NALGONDA,PEDDA ADESHERLAPALLY,Vankavalyam Pahad,3197622.210873558,3910390.201539803
NALGONDA,GATTUPPAL,Somrajguda,3242319.8715086067,3884452.2791663213
NALGONDA,GATTUPPAL,Anthampet,3243082.429531436,3881640.9892593697
NALGONDA,GATTUPPAL,Theretpalli,3244020.6562706917,3889752.2791216597
NALGONDA,CHINTAPALLI,Anajipur,3212189.4787196172,3873325.0372532764
NALGONDA,MADUGULAPALLY,Bheemanapally,3243272.31437016,3950826.9925667797
NALGONDA,VEMULAPALLY,Kamepally,3236582.299823333,3958278.9562663664
NALGONDA,KATTANGUR,Thimmapuram,3262053.8519585994,3922643.5747694145
NALGONDA,MUNUGODE,Marriguda,3247650.029027704,3893215.5397461415
NALGONDA,MUNUGODE,Chalimeda,3251202.3004682297,3891022.493966518
NALGONDA,TRIPURARAM,Matoor,3212222.5167505573,3950316.1458394635
NALGONDA,ANUMULA (HALIYA),Venkatadripalem,3223036.1647190223,3917552.0323406253
NALGONDA,THIPPARTHY,Kankanalapally,3243677.3005455765,3931172.3375149677
NALGONDA,THIPPARTHY,Anishetty Duppalapally,3241579.1549707158,3929793.9739002013
NALGONDA,NALGONDA,Velugupalli,3237232.858305196,3926791.9585797056
NALGONDA,NALGONDA,Guttakindi Annaram,3240299.5303008696,3925873.6941077323
SURYAPET,NUTHANAKAL,Lingampally,3272705.9714797284,3975183.6566361613
SURYAPET,NUTHANAKAL,Mediguda,3271931.809146042,3972613.486126249
SURYAPET,ATHMAKUR (S),Venkatapuram,3268348.1896772254,3972111.6493991097
KHAMMAM,NELAKONDAPALLI,Chandapuram,3249535.135880543,4009196.896107716
KHAMMAM,WYRA,Medibanda,3246768.7600386324,4035152.456665769
KHAMMAM,YERRUPALEM,Tripuraram,3218490.874146857,4052610.2299911445
KHAMMAM,YERRUPALEM,Rangagudem,3217986.517520053,4054513.588802082
KHAMMAM,KONIJERLA,Lingagudem,3260296.1561119556,4030490.9376014024
BHADRADRI KOTHAGUDEM,DUMMAGUDEM,Venkataramapuram,3324311.0615042383,4090851.613814817
BHADRADRI KOTHAGUDEM,DUMMAGUDEM,W.Reguballi,3326687.046044974,4092812.589040738
BHADRADRI KOTHAGUDEM,DUMMAGUDEM,Kasinagaram,3335824.148524561,4093858.7984705656
BHADRADRI KOTHAGUDEM,DUMMAGUDEM,S.Kothagudem,3337965.580677324,4093030.8140126946
BHADRADRI KOTHAGUDEM,DUMMAGUDEM,Laxminarasimharaopeta,3338480.3744083354,4093562.966397328
BHADRADRI KOTHAGUDEM,GUNDALA,Padigapuram,3329185.615622533,4028349.673772625
BHADRADRI KOTHAGUDEM,GUNDALA,Rudrapaka,3327394.8177917562,4029545.1579554197
BHADRADRI KOTHAGUDEM,CHUNCHUPALLY,Penuballi,3291979.937542995,4071290.0834916504
BHADRADRI KOTHAGUDEM,MANUGUR,Peddipalli,3343051.5567069277,4081172.631978909
BHADRADRI KOTHAGUDEM,CHERLA,Subbampeta (G),3356814.896879335,4078859.6526521333
BHADRADRI KOTHAGUDEM,CHERLA,Mamidigudem (Z),3342961.7688699574,4092336.482656544
BHADRADRI KOTHAGUDEM,CHUNCHUPALLY,Chunchupalli (CT),3295242.8347693565,4064761.7978766025
MULUGU,VENKATAPUR,Bandlapahad,3387664.4701493136,4000967.3785999003
MULUGU,GOVINDARAOPET,Dammakkapalle,3373654.2993169017,4009250.3470934154
MULUGU,GOVINDARAOPET,Venkatapur,3371966.1602230626,4009356.750772408
MULUGU,MULUG,Potlapur,3360397.7835562653,3999730.6068667853
MAHABUBABAD,KOTHAGUDA,Ippalapagidapur,3352336.317648128,4015137.6744993045
MAHABUBABAD,KOTHAGUDA,Devavaram,3346225.984895495,4012447.599202024
MULUGU,TADVAI(SAMMAKKA SARAKKA),Uppukunta,3368794.235088551,4020373.4071886037
MULUGU,TADVAI(SAMMAKKA SARAKKA),Immadigudem,3370408.635792643,4025357.6063068556
MULUGU,TADVAI(SAMMAKKA SARAKKA),Padigapuram (P.A.),3367667.1982073826,4023928.042011924
MULUGU,TADVAI(SAMMAKKA SARAKKA),Gouraram (P.A),3363010.8036348964,4017837.524163971
MULUGU,TADVAI(SAMMAKKA SARAKKA),Kondaiguda,3349928.306568197,4034112.750877089
MULUGU,TADVAI(SAMMAKKA SARAKKA),Kamisettigudem,3358083.1317498013,4047741.176601417
MULUGU,TADVAI(SAMMAKKA SARAKKA),Venkannagudem,3361621.980547087,4047489.483465396
MULUGU,GOVINDARAOPET,Kannaigudem,3368764.6451127566,4018664.693558626
MULUGU,KANNAIGUDEM,Ilapur,3396797.851905675,4026811.2370600174
MULUGU,KANNAIGUDEM,Muppanapalle,3403779.011294053,4034794.4798879824
MULUGU,KANNAIGUDEM,Malkapally,3404920.456981188,4034430.327861146
MULUGU,KANNAIGUDEM,Gangugudem,3405624.5457370672,4037033.5216844887
MULUGU,KANNAIGUDEM,Padigapuram,3404851.732165524,4036517.40964001
MULUGU,KANNAIGUDEM,Rampur,3406754.602300312,4036711.384907281
MULUGU,TADVAI(SAMMAKKA SARAKKA),Serigaram,3368859.4326275275,4043198.179155099
MULUGU,KANNAIGUDEM,Paredu,3409189.8871786282,4033519.668158303
MULUGU,KANNAIGUDEM,Andhukupalle,3410740.7002934082,4035633.3408914856
MULUGU,KANNAIGUDEM,Marepally,3408191.691605622,4026335.2777923374
MULUGU,TADVAI(SAMMAKKA SARAKKA),Bhupatipuram,3368396.3297099615,4041287.5786271407
MULUGU,TADVAI(SAMMAKKA SARAKKA),Gangaram (P.A),3367390.6279867785,4039583.3637849544
MULUGU,TADVAI(SAMMAKKA SARAKKA),Ramannagudem,3368337.7513851738,4038584.5931654572
MULUGU,TADVAI(SAMMAKKA SARAKKA),Sattaram,3357941.8768786606,4039780.957724622
MULUGU,TADVAI(SAMMAKKA SARAKKA),Annaram,3366077.8722133706,4040940.4131807648
MULUGU,TADVAI(SAMMAKKA SARAKKA),Nimmagudem,3359312.845681405,4044540.8191491845
MULUGU,TADVAI(SAMMAKKA SARAKKA),Rampoor (PA),3362265.7581016463,4040531.5825094813
MULUGU,TADVAI(SAMMAKKA SARAKKA),Kondalanagaram,3367675.586846491,4031714.137291428
MULUGU,ETURNAGARAM,Chinthagudem,3380793.8116572197,4039606.8930178666
MULUGU,TADVAI(SAMMAKKA SARAKKA),Adhervai,3384635.8875173535,4019430.656076488
MULUGU,TADVAI(SAMMAKKA SARAKKA),Takkallagudem,3382909.0252759494,4020026.555497209
MULUGU,TADVAI(SAMMAKKA SARAKKA),Budigevanipahad,3383566.987928032,4021580.5372642297
MAHABUBABAD,GUDUR,Madanapur,3326365.7846372845,3989918.2911588326
MAHABUBABAD,GUDUR,Vengapet,3331604.2162803235,3996678.8894431875
MAHABUBABAD,THORRUR,Kommanapalle,3305482.918365419,3963056.0187677126
MAHABUBABAD,GARLA,Seripuram,3295320.267749628,4018346.0473691323
MAHABUBABAD,GARLA,Kannaigudem,3296757.5701961447,4020736.0705076484
MULUGU,ETURNAGARAM,Teegalvai,3382566.133096533,4040454.6246453663
MULUGU,ETURNAGARAM,Koratpalle,3381313.700654406,4035537.7586745815
MULUGU,ETURNAGARAM,Chinnaboinapalle,3380732.8989485637,4041533.272860415
MULUGU,ETURNAGARAM,Chirragudem,3379272.354460794,4039256.773284185
MULUGU,ETURNAGARAM,Alugubelle,3382392.4259534064,4042640.2962592924
MULUGU,TADVAI(SAMMAKKA SARAKKA),Bodigudem,3374030.338275284,4031020.689579706
MULUGU,TADVAI(SAMMAKKA SARAKKA),Chinnapuram,3373721.4867660324,4032425.6625836673
MULUGU,TADVAI(SAMMAKKA SARAKKA),Banjarellapur,3356485.5249123555,4043278.9361754544
MULUGU,TADVAI(SAMMAKKA SARAKKA),Ashannagudem Yellapur,3357500.31847797,4042476.9494597698
MULUGU,GOVINDARAOPET,Medaram (Pattichalvai),3372766.738876376,4016489.9552436816
MULUGU,TADVAI(SAMMAKKA SARAKKA),Thimmatogu,3357666.299296925,4036189.6444256953
MULUGU,TADVAI(SAMMAKKA SARAKKA),Keshavapoor,3360931.36541133,4039148.3876452837
MULUGU,TADVAI(SAMMAKKA SARAKKA),Somaigudem,3364363.122144494,4032081.435037727
MULUGU,TADVAI(SAMMAKKA SARAKKA),Lavval,3361615.092550966,4027993.4778380548
MULUGU,TADVAI(SAMMAKKA SARAKKA),Laxmipuram (P.A).,3364073.738900999,4025446.649634866
MULUGU,TADVAI(SAMMAKKA SARAKKA),Waddegudem,3358435.653332341,4021036.5388553673
MULUGU,TADVAI(SAMMAKKA SARAKKA),Narsapur (P.A),3363423.566875504,4041343.849540477
MULUGU,TADVAI(SAMMAKKA SARAKKA),Katapuram,3364660.0865653786,4041621.1808119086
MULUGU,TADVAI(SAMMAKKA SARAKKA),Gopaigudem (P.A),3365876.74958621,4036342.7238932787
MULUGU,TADVAI(SAMMAKKA SARAKKA),Maredigudem,3372361.5309304437,4022931.0934931478
MULUGU,TADVAI(SAMMAKKA SARAKKA),Kishtapuram,3370806.0245018546,4038308.6377414647
MULUGU,TADVAI(SAMMAKKA SARAKKA),Padigapuram (P.P),3377869.064369662,4025982.450259863
MULUGU,TADVAI(SAMMAKKA SARAKKA),Elbaka,3379344.0741405953,4023286.3996604504
MULUGU,TADVAI(SAMMAKKA SARAKKA),Nimmakayalanagaram,3373817.2497677063,4025857.1017048894
MULUGU,TADVAI(SAMMAKKA SARAKKA),Jampangavai,3384709.963383284,4023245.7629156495
MULUGU,TADVAI(SAMMAKKA SARAKKA),Durgaram,3386121.316806164,4023379.517454178
MULUGU,TADVAI(SAMMAKKA SARAKKA),Kanneboinapalle,3385183.6881980426,4021472.405978377
MULUGU,TADVAI(SAMMAKKA SARAKKA),Kothur (Pattipangidi),3388355.712060575,4022020.3315862776
MULUGU,ETURNAGARAM,Lingapur,3373471.5818893267,4044561.691057785
MULUGU,ETURNAGARAM,Shivapuram,3379974.0022890572,4043957.621869673
MULUGU,ETURNAGARAM,Medaram,3383219.1613643477,4043889.705575361
MULUGU,ETURNAGARAM,Oddugudem,3386659.2842784813,4041141.060318744
MULUGU,ETURNAGARAM,Manasapally,3387905.1273339787,4043498.9851479847
MULUGU,ETURNAGARAM,Shankarajpalle,3389972.12236696,4043620.4976133066
MULUGU,ETURNAGARAM,Allamvari Ghanpur,3389409.6381140696,4041836.0009274306
MULUGU,ETURNAGARAM,Maredupaka,3392108.7962768823,4041917.2388777426
MULUGU,ETURNAGARAM,Raigudem,3389962.533979184,4039273.4163953974
MULUGU,ETURNAGARAM,Gundenguvai,3387669.6264949935,4036412.5123017184
MAHABUBABAD,GUDUR,Veerampet,3324831.754236355,4006876.5478906767
MAHABUBABAD,KOTHAGUDA,Velbelly,3336673.57283758,4010279.34469178
MAHABUBABAD,GANGARAM,Bhupalapatnam,3323250.012654493,4023870.178364509
MAHABUBABAD,GANGARAM,Kodiselamitta,3322354.9195211986,4018629.5443217144
WANAPARTHY,GOPALPET,Thadparthy (Part),3172493.8036036748,3801116.8734994
HANUMAKONDA,KAMALAPUR,Gudur,3364577.7827119282,3952483.4997069943
HANUMAKONDA,VELAIR,Kannaram,3346993.92790624,3921375.64917755
HANUMAKONDA,BHEEMADEVARAPALLE,Mallaram,3350347.5739500807,3924636.493759525
HANUMAKONDA,VELAIR,Errabelli,3351422.290124154,3932700.8744601132
HANUMAKONDA,BHEEMADEVARAPALLE,Kothakonda,3352334.1860980433,3927279.2435323116
HANUMAKONDA,BHEEMADEVARAPALLE,Mutharam (P.K),3354535.4223455726,3931600.995055177
HANUMAKONDA,BHEEMADEVARAPALLE,Musthafpur,3354204.2721921713,3929166.3659049817
HANUMAKONDA,ELKATHURTHI,Damera,3354353.840397237,3938528.0136445714
HANUMAKONDA,BHEEMADEVARAPALLE,Kothapalle,3355586.210420099,3935894.840362625
HANUMAKONDA,BHEEMADEVARAPALLE,Mulkanoor,3356483.7407181556,3932880.9257449773
HANUMAKONDA,BHEEMADEVARAPALLE,Gatlanarsingapur,3357046.823554761,3927805.8954920336
HANUMAKONDA,BHEEMADEVARAPALLE,Bheemadevarpalli,3358699.3843439277,3932644.1637365245
HANUMAKONDA,ELKATHURTHI,Elkathurthi,3358334.023897187,3941877.9043849604
HANUMAKONDA,BHEEMADEVARAPALLE,Koppur,3359366.0319967954,3935195.9146134686
HANUMAKONDA,ELKATHURTHI,Baopet,3359614.0067374045,3947014.310225644
HANUMAKONDA,ELKATHURTHI,Gopalpur,3360167.7174946647,3938137.629458176
HANUMAKONDA,ELKATHURTHI,Thimmapur,3360647.579351538,3949345.7251883717
HANUMAKONDA,ELKATHURTHI,Keshawapur,3360263.7046577972,3952161.418004476
HANUMAKONDA,BHEEMADEVARAPALLE,Ratnagiri,3361459.1293414244,3933658.641498913
HANUMAKONDA,ELKATHURTHI,Vallabhapur,3361655.394252955,3941415.0341888536
HANUMAKONDA,BHEEMADEVARAPALLE,Vangara,3360963.618664757,3929522.1491484167
HANUMAKONDA,ELKATHURTHI,Suraram,3361945.3853240646,3943325.723429768
HANUMAKONDA,ELKATHURTHI,Jeelgul,3362883.3577013253,3938449.204896159
HANUMAKONDA,KAMALAPUR,Ambala,3362891.350043023,3954820.8084429083
HANUMAKONDA,BHEEMADEVARAPALLE,Manikyapur,3363161.4330604505,3935709.494641457
HANUMAKONDA,ELKATHURTHI,Kothulnaduma,3363581.396301723,3940619.5947724357
HANUMAKONDA,KAMALAPUR,Guniparthi,3364351.260769999,3957703.6034948225
HANUMAKONDA,ELKATHURTHI,Dandepalli,3362949.087801302,3945603.006151701
HANUMAKONDA,KAMALAPUR,Kaniparthi,3363646.894847145,3949374.214376257
HANUMAKONDA,ELKATHURTHI,Penchikalapeta,3364948.9926189105,3938777.4118031743
HANUMAKONDA,KAMALAPUR,Desharajpalle,3365629.5421707206,3947335.7027957872
HANUMAKONDA,KAMALAPUR,Madannapeta,3366297.4259788613,3957603.2538891886
HANUMAKONDA,KAMALAPUR,Nerella,3365541.084470985,3955564.4531954336
HANUMAKONDA,KAMALAPUR,Uppal,3367706.771948771,3946329.456242503
HANUMAKONDA,KAMALAPUR,Kamalapur,3367379.113303888,3950702.271567578
HANUMAKONDA,KAMALAPUR,Sanigaram,3368784.5068421722,3957207.6878841375
HANUMAKONDA,KAMALAPUR,Vangapalle,3369229.750505012,3953789.9444112405
HANUMAKONDA,KAMALAPUR,Marripalligudem,3373893.086700099,3954214.1550164195
HANUMAKONDA,KAMALAPUR,Kannur,3370703.934528179,3948635.586429607
HANUMAKONDA,KAMALAPUR,Bhimpalle,3370800.6542586857,3945682.0661094445
HANUMAKONDA,KAMALAPUR,Gunded,3372404.1054083845,3950414.77754039
HANUMAKONDA,KAMALAPUR,Jujnoor,3372276.6990242344,3956253.483079327
HANUMAKONDA,PARKAL,Laxmipuram,3376190.4483050574,3967766.369343917
HANUMAKONDA,INAVOLE,Vanamala Kanapatrthy,3337843.633564298,3948176.855856501
HANUMAKONDA,SHAYAMPET,Mylaram,3362635.3396806438,3973103.387098309
HANUMAKONDA,NADIKUDA,Kowkonda,3363917.4348064438,3962891.0149639784
HANUMAKONDA,PARKAL,Nagaram,3373198.8696504314,3968451.497547475
HANUMAKONDA,PARKAL,Kamareddipalle,3365556.6794717107,3969646.699296234
HANUMAKONDA,DAMERA,Singarajpalle,3358498.3798359353,3962638.831129803
HANUMAKONDA,HASANPARTHY,Arvapalle,3358767.9604553864,3957458.272621096
HANUMAKONDA,HASANPARTHY,Sudanpalle,3361665.461148717,3956634.7368416237
HANUMAKONDA,VELAIR,Mallikudurla,3343204.1616585325,3932918.0887839003
HANUMAKONDA,DHARMASAGAR,Kyathampalli,3341380.7168226726,3936404.9868969363
HANUMAKONDA,NADIKUDA,Nadikuda,3367304.6134254197,3962038.3160641766
HANUMAKONDA,VELAIR,Peechara,3344957.599981531,3925572.535747171
HANUMAKONDA,DAMERA,Damera,3353786.8911082726,3961896.7457823586
HANUMAKONDA,ATMAKUR,Penchikapet,3354715.248401636,3975144.232140417
HANUMAKONDA,VELAIR,Velair,3348111.031529619,3929451.0407542214
HANUMAKONDA,DHARMASAGAR,Mupparam,3348377.41687421,3936652.027147679
HANUMAKONDA,SHAYAMPET,Koppula,3365714.623092952,3977647.7323181713
BHADRADRI KOTHAGUDEM,CHERLA,CHERLA RF,3364381.1100892546,4084528.9569245684
BHADRADRI KOTHAGUDEM,CHERLA,RESERVED FOREST,3352996.8326359144,4096831.3883501473
BHADRADRI KOTHAGUDEM,CHERLA,RF,3370768.105089852,4089967.7341906023
BHADRADRI KOTHAGUDEM,CHERLA,RF,3372666.5154290646,4089598.9061833853
BHADRADRI KOTHAGUDEM,DUMMAGUDEM,ARLAGUDEM RF,3326333.174871285,4100049.249572855
BHADRADRI KOTHAGUDEM,JULURUPADU,GOBBAGURTI RESERVED FOREST,3272688.355116047,4060409.9678176995
MULUGU,WAZEED,RF,3390462.447655313,4052643.1158399335
MULUGU,VENKATAPURAM,NUGUR RESERVED FOREST,3382639.8802586445,4070763.097384406
MULUGU,ETURNAGARAM,RESERVED FOREST,3402591.400891118,4028044.6293825055
MULUGU,ETURNAGARAM,RESERVED FOREST,3377460.6397111192,4043309.600357297
MULUGU,VENKATAPUR,RESERVED FOREST,3384245.4680347373,4006684.7397355563
MULUGU,ETURNAGARAM,RESERVED FOREST,3393533.9054624857,4029926.3653570157
HANUMAKONDA,HASANPARTHY,Laknavaram (D),3355567.5896246233,3946130.1031902037
HANUMAKONDA,DHARMASAGAR,Narayanagiri,3346363.1343120225,3934285.3069403106
HANUMAKONDA,SHAYAMPET,Gatlakaniparthy,3361502.0976681663,3966380.1721089194
HANUMAKONDA,SHAYAMPET,Vasanthapur,3363287.6094073355,3977959.0459573437
HANUMAKONDA,DHARMASAGAR,Peddapendyal,3339064.7792113195,3938922.5450212066
HANUMAKONDA,HASANPARTHY,Hasanparthy (Part),3355834.092255155,3949963.864686315
HANUMAKONDA,INAVOLE,Garmillapalle,3329822.9447221654,3948563.485749394
HANUMAKONDA,INAVOLE,Panthini,3330451.5647891536,3958689.1076127794
HANUMAKONDA,INAVOLE,Punnole,3332865.158808208,3956891.411850756
HANUMAKONDA,INAVOLE,Inavole,3333319.403204364,3953056.6287256805
HANUMAKONDA,INAVOLE,Venkatapuram,3334122.7991406308,3948769.303095081
HANUMAKONDA,DHARMASAGAR,Dharmapur,3335821.4565869127,3943628.697576919
HANUMAKONDA,INAVOLE,Nandanam,3327437.82536012,3951640.3960021217
HANUMAKONDA,INAVOLE,Kakkiralapalli,3329255.4731240324,3954964.683586931
HANUMAKONDA,ATMAKUR,Agrampahad,3350847.259884936,3968086.672451368
HANUMAKONDA,DHARMASAGAR,Devnoor,3350971.7897517607,3938860.470332422
HANUMAKONDA,DAMERA,Mustyalapalle,3350753.5299323816,3966250.098532688
HANUMAKONDA,ATMAKUR,Choulla Palle,3352340.723161911,3970041.207787668
HANUMAKONDA,DAMERA,Oglapur,3353054.094141916,3964194.6742268014
HANUMAKONDA,ATMAKUR,Kamaram,3352857.1892786417,3972726.7372778235
HANUMAKONDA,HASANPARTHY,Madipalle,3352669.045584122,3943066.988383035
HANUMAKONDA,DHARMASAGAR,Somadevrapalli,3353373.3376646014,3940866.738071439
HANUMAKONDA,DHARMASAGAR,Thatikayala,3339221.341872068,3934591.4844853855
HANUMAKONDA,INAVOLE,Kondaparthy,3338056.790590169,3951616.3307401747
HANUMAKONDA,DHARMASAGAR,Mallakpalli,3337148.95962552,3945716.2644159063
HANUMAKONDA,VELAIR,Gundla Sagar,3342078.3698655074,3930044.881031835
HANUMAKONDA,DHARMASAGAR,Jhanakipur,3343278.395273265,3935182.090674528
HANUMAKONDA,DHARMASAGAR,Elkurthy,3343986.2404457466,3939557.8616985795
HANUMAKONDA,VELAIR,Sodashapalli,3344579.4480585647,3930691.353039959
HANUMAKONDA,DHARMASAGAR,Dharmasagar,3348089.5524104317,3941388.8601714694
HANUMAKONDA,ATMAKUR,Peddapur,3349995.497725968,3971465.4835201306
HANUMAKONDA,HASANPARTHY,Jaigiri,3353641.3641950306,3945552.291451211
HANUMAKONDA,HASANPARTHY,Mutcherla (Part),3354581.0819324316,3954269.875237314
HANUMAKONDA,DAMERA,Oorugonda,3354624.0300484276,3967052.830179809
HANUMAKONDA,HASANPARTHY,Pembarthy,3356871.147197954,3951840.2856657514
HANUMAKONDA,ATMAKUR,Kothagattu,3357404.437653554,3969727.377315702
HANUMAKONDA,HASANPARTHY,Siddhapoor,3356346.9333430277,3958302.050481815
HANUMAKONDA,DAMERA,Ladalla,3356544.7458309312,3962599.411131544
HANUMAKONDA,HASANPARTHY,Ananthasagar,3357053.034827268,3944371.7653264166
HANUMAKONDA,DAMERA,Pasargonda,3357612.0449149255,3965246.0686265775
HANUMAKONDA,SHAYAMPET,Kohtagattu Singaram,3359303.1440890096,3969615.4545062743
HANUMAKONDA,DAMERA,Kogilvai,3359193.70998747,3959775.9001944796
HANUMAKONDA,ATMAKUR,Malakpet,3358935.8149562315,3967267.3250979823
HANUMAKONDA,DAMERA,Venkatapur,3358371.6862227963,3961023.1199671584
HANUMAKONDA,SHAYAMPET,Pattipaka,3359570.4110325505,3975200.850635441
HANUMAKONDA,SHAYAMPET,Shayampet,3359800.401542967,3972338.611962805
HANUMAKONDA,SHAYAMPET,Pragathi Singaram,3361364.2812458486,3977363.1453301692
HANUMAKONDA,DAMERA,Pulkurthi,3360937.8631472164,3963418.335299292
HANUMAKONDA,HASANPARTHY,Nagaram,3358169.901646233,3955126.3498552106
HANUMAKONDA,HASANPARTHY,Mallareddipalle,3361158.335960624,3958874.3203008645
HANUMAKONDA,NADIKUDA,Sarvapur,3363195.7761198487,3964019.8912347527
HANUMAKONDA,SHAYAMPET,Hussainpalle,3362748.9715463924,3975467.7511452767
HANUMAKONDA,PARKAL,Pocharam,3363765.6135062277,3967963.6740505146
HANUMAKONDA,NADIKUDA,Dharmaram,3365271.107696746,3962091.358620032
HANUMAKONDA,NADIKUDA,Kantathmakur,3364302.5416442063,3960066.1069502127
HANUMAKONDA,PARKAL,Vellampalle,3365927.75446332,3965746.788159456
HANUMAKONDA,SHAYAMPET,Pedda Kodepaka,3365138.870237701,3972312.409862668
HANUMAKONDA,SHAYAMPET,Taharapur,3361474.351746352,3969352.29142896
HANUMAKONDA,NADIKUDA,Mustyalpalle,3369121.9120010003,3959246.7677554605
HANUMAKONDA,NADIKUDA,Choutparthi,3369666.242585303,3960976.431329906
HANUMAKONDA,PARKAL,Parkal (M),3368868.462515669,3969319.673237639
HANUMAKONDA,PARKAL,Paidipalle,3371239.298960899,3968780.3249646965
HANUMAKONDA,PARKAL,Mallakpet,3371218.2743705628,3966378.432195691
HANUMAKONDA,NADIKUDA,Rayaparthy,3370132.529509562,3964545.3694426464
HANUMAKONDA,NADIKUDA,Cherlapalle,3371798.6104887817,3959432.933536104
HANUMAKONDA,NADIKUDA,Puligilla,3372120.048506695,3962217.9999430557
HANUMAKONDA,PARKAL,Venkatapur,3374032.4258891027,3965379.8988149976
HANUMAKONDA,NADIKUDA,Narlapur,3373877.882528047,3958864.9910811074
HANUMAKONDA,NADIKUDA,Varikole,3375249.4962218343,3961807.5769239436
HANUMAKONDA,ATMAKUR,Neerukulla,3355376.086746669,3976830.361669181
HANUMAKONDA,ATMAKUR,Athmakur,3355561.363198048,3971757.690176274
HANUMAKONDA,SHAYAMPET,Neredpalle,3359613.0532297427,3978207.1362851546
HANUMAKONDA,ATMAKUR,Brahamanpalle,3356362.522679215,3974476.183449796
HANUMAKONDA,ATMAKUR,Katakshapur,3358409.405413217,3979996.5812612823
HANUMAKONDA,ATMAKUR,House Buzurg,3357565.8949922672,3977890.847303408
HANUMAKONDA,ELKATHURTHI,Veeranarayanapur,3364363.638271296,3942578.4035609346
WANAPARTHY,GOPALPET,Wanaparthy (M),3171962.3342357944,3799005.0367952012
NIRMAL,LOKESHWARAM,Kankapur,3453113.7729553287,3796756.06280473
NIRMAL,LOKESHWARAM,Brahmeshwar,3452529.5581666385,3797834.280566098
MANCHERIAL,KOTAPALLI,Shankarpur,3454446.449918661,3977273.942968763
ADILABAD,JAINATH,Kodekotha,3542601.291970931,3865387.5907036723
KUMURAM BHEEM,SIRPUR (U),Kohinur (Khurd),3490067.995974065,3886496.514641102
BHADRADRI KOTHAGUDEM,CHERLA,Chinnamidisileru (Z),3354935.736616168,4089176.300646669
JAGTIAL,BEERPUR,Mothinagar,3459198.245296576,3897631.744362603
JAGTIAL,BEERPUR,Komanpalle,3460986.5161688244,3897572.520074247
KUMURAM BHEEM,ASIFABAD,Edasgondi,3501059.695070375,3922656.240289276
KUMURAM BHEEM,ASIFABAD,Keslapur,3495914.2016832754,3929626.794173036
KUMURAM BHEEM,REBBENA,Mediguda,3494259.6366299624,3936090.0429314664
KUMURAM BHEEM,ASIFABAD,Kowdianmovad,3491226.454545588,3910771.6865561856
MEDAK,REGODE,Venkatapur (Maktha),3347734.521110815,3777564.441984721
MEDAK,MANOHARABAD,Jeedipally,3320107.3373909034,3840523.7946657003
MEDCHAL_MALKAJGIRI,GHATKESAR,Majarguda,3284888.7488609473,3858444.35424287
MULUGU,WAZEED,Tekulagudem Chak-I,3410510.2701892564,4042529.0904743983
MULUGU,WAZEED,Penugolu (G),3400221.4502986115,4049480.421797529
MULUGU,WAZEED,Aruguntapalle (G),3387803.9115578546,4055512.5210236744
MULUGU,VENKATAPURAM,Veerapuram (Z),3379504.1731194546,4058249.8113910574
MULUGU,ETURNAGARAM,Yellapur,3379874.1448825044,4048608.995113077
MULUGU,TADVAI(SAMMAKKA SARAKKA),Voddegudem (PL),3353351.989311309,4024824.0506592896
YADADRI BHUVANAGIRI,GUNDALA,Kommepalle,3299883.5917073567,3912161.83240765
WANAPARTHY,AMARCHINTHA,Rangapur,3176497.6088164276,3765702.077672648
WANAPARTHY,WANAPARTHY,Ankoor,3177057.0586220217,3798735.675795097
SIDDIPET,CHERIAL,Cherial (Part),3341227.918152912,3894916.3027084805
RANGA REDDY,FAROOQNAGAR,Allisabguda,3247919.063329764,3812790.9120393796
SIDDIPET,DOULTABAD,Appaipally,3334098.0163832167,3850539.3727757502
SIDDIPET,KUKUNOORPALLY,Ramachandrapur,3334329.6514806235,3872186.0025463304
SIDDIPET,DUBBAK,Shivrampur,3365903.77358562,3852985.3879350354
YADADRI BHUVANAGIRI,B.POCHAMPALLY,Khaprai Palle,3282262.4460945185,3875079.714164553
MEDCHAL_MALKAJGIRI,KEESARA,Rampally,3291194.3637591195,3860224.3070846978
JAGTIAL,DHARMAPURI,Dharmapuri (Part),3449975.903680668,3904249.234289928
ADILABAD,GADIGUDA,Punaguda,3522744.0027264245,3884672.0440141195
ADILABAD,BELA,Singapur,3535010.8195805177,3868246.5858244686
ADILABAD,BELA,Ekori,3533835.2519374886,3872077.55237732
MAHABUBABAD,KESAMUDRAM,Narayanpur,3308082.139109984,3986571.3892009594
WANAPARTHY,AMARCHINTHA,Amarchintha (Part),3173254.922945451,3767409.3218060983
BHADRADRI KOTHAGUDEM,DUMMAGUDEM,Pedabandirevu,3340141.7386919577,4096624.0272676367
NIZAMABAD,BHEEMGAL,Bheemgal (Part),3426699.1694679046,3837752.7159189424
BHADRADRI KOTHAGUDEM,PINAPAKA,Duginepalli,3361109.53587599,4067003.4347758726
BHADRADRI KOTHAGUDEM,KARAKAGUDEM,Kalvalanagaram,3349356.456658078,4064750.0107971854
JOGULAMBA GADWAL,DHAROOR,Dharur,3155780.874289911,3755617.6354723354
JOGULAMBA GADWAL,KALOOR THIMMANDODDI,Kondapur,3157692.202860207,3742378.664803323
JOGULAMBA GADWAL,GADWAL,Mulkapally,3155835.757799056,3772834.2303711902
JOGULAMBA GADWAL,IEEJA,Thoomkunta,3134614.0198355466,3758329.0377787035
JOGULAMBA GADWAL,ITIKYALA,Shabad,3134736.928199448,3768119.185678749
JOGULAMBA GADWAL,ITIKYALA,Saterla,3135888.5302118137,3763681.6023112047
JOGULAMBA GADWAL,ALAMPUR,Ryalampadu,3114956.602147717,3803552.8563511744
JOGULAMBA GADWAL,UNDAVELLY,Baswapur,3116207.267640254,3794726.757511749
JOGULAMBA GADWAL,ALAMPUR,Kasipur,3114904.0466829184,3797339.1143330215
JOGULAMBA GADWAL,ALAMPUR,Singavaram,3114474.770318634,3800431.722671194
JOGULAMBA GADWAL,ALAMPUR,Sultanpur,3116272.9489357634,3804684.9107958023
JOGULAMBA GADWAL,ALAMPUR,Jillellapadu,3117559.535257396,3806588.6177229257
JOGULAMBA GADWAL,UNDAVELLY,Bhairapur,3118401.8286524136,3793907.2516693403
JOGULAMBA GADWAL,UNDAVELLY,Mennipadu,3118730.4570302754,3782304.9850024595
JOGULAMBA GADWAL,RAJOLI,Thurpu garlapadu,3118718.4886902524,3772098.644483818
JOGULAMBA GADWAL,ALAMPUR,Bairampalle,3118948.0680340757,3805086.715998625
JOGULAMBA GADWAL,ALAMPUR,Alampur (M),3118543.7539526722,3800154.320201175
JOGULAMBA GADWAL,RAJOLI,Padamati garlapadu,3118775.840295418,3764962.8831552393
JOGULAMBA GADWAL,RAJOLI,Thummilla,3119800.505654299,3761862.4451788766
JOGULAMBA GADWAL,UNDAVELLY,Kalgotla,3120113.39101295,3785406.351238057
JOGULAMBA GADWAL,UNDAVELLY,Pullur,3118983.072591813,3788517.3389628357
JOGULAMBA GADWAL,IEEJA,Venisampur,3121117.664755287,3750133.128282948
JOGULAMBA GADWAL,UNDAVELLY,Bonkur,3121551.08542814,3782975.583049255
JOGULAMBA GADWAL,RAJOLI,Rajoli,3120127.9171237354,3768561.9992650654
JOGULAMBA GADWAL,RAJOLI,Mundladinne,3122236.570737241,3765603.9538558302
JOGULAMBA GADWAL,VADDEPALLY,Budamarsu,3121093.415739198,3773424.8502470492
JOGULAMBA GADWAL,RAJOLI,Pedda dhanwada,3120290.844091552,3752830.688102729
JOGULAMBA GADWAL,ALAMPUR,Bukkapur,3122002.800120405,3802646.615489222
JOGULAMBA GADWAL,MANOPAD,Korvipadu,3120797.4373446936,3780066.6685353722
JOGULAMBA GADWAL,MANOPAD,Chinnapothulapadu,3122888.6416671583,3787328.295044713
JOGULAMBA GADWAL,IEEJA,Kesavapuram,3122582.351724871,3748868.5916843247
JOGULAMBA GADWAL,ALAMPUR,Gundimalla,3121887.82584287,3806223.4157562954
JOGULAMBA GADWAL,MANOPAD,Maddur,3121763.634461241,3776039.8939486737
JOGULAMBA GADWAL,MANOPAD,Gokulapad,3124119.741314404,3782251.076306572
JOGULAMBA GADWAL,RAJOLI,Pedda Thandrapadu,3123076.6335711586,3763370.89457369
JOGULAMBA GADWAL,ALAMPUR,Linganavai,3121466.9960686276,3796318.793927456
JOGULAMBA GADWAL,IEEJA,Kudakanoor,3123865.8650251827,3738237.9174232036
JOGULAMBA GADWAL,RAJOLI,Mandoddi,3122995.365488073,3756751.4002723144
JOGULAMBA GADWAL,UNDAVELLY,Undavelli,3123062.6872326415,3791149.343170096
JOGULAMBA GADWAL,MANOPAD,Peddapothulapadu,3124236.1979966364,3786323.234161059
JOGULAMBA GADWAL,RAJOLI,Pacharla,3122995.570297394,3759804.184961662
JOGULAMBA GADWAL,ALAMPUR,Koneru,3122773.9924931717,3799532.003116491
JOGULAMBA GADWAL,UNDAVELLY,Chinnaamudyala Padu,3124696.915860291,3793840.09455778
JOGULAMBA GADWAL,IEEJA,Chinna Tandrapadu,3124407.396129134,3752068.199903719
JOGULAMBA GADWAL,VADDEPALLY,Konkala,3125090.483249957,3766736.2528435504
JOGULAMBA GADWAL,MANOPAD,Kalkuntla,3123221.5993886343,3777854.614318587
JOGULAMBA GADWAL,MANOPAD,Chinnipadu,3125475.7527348534,3784095.143237854
JOGULAMBA GADWAL,IEEJA,Pullikal,3124080.624271006,3742877.105442602
JOGULAMBA GADWAL,GADWAL,Gurramgadda,3152115.8416339112,3779586.907289325
JOGULAMBA GADWAL,GADWAL,Paramala,3152246.6929633543,3765063.728221383
JOGULAMBA GADWAL,KALOOR THIMMANDODDI,Pagunta,3162687.2744047428,3742548.9303213954
JOGULAMBA GADWAL,UNDAVELLY,Kanchupadu,3126521.4407374226,3792171.7637623586
JOGULAMBA GADWAL,VADDEPALLY,Waddepalle (M),3124777.7861665147,3772333.5361515293
JOGULAMBA GADWAL,MANOPAD,Amaravai,3125859.3692027996,3780009.534901455
JOGULAMBA GADWAL,IEEJA,Sindhanoor,3126792.401927627,3739488.0675488207
JOGULAMBA GADWAL,VADDEPALLY,Tanagala,3126299.4416971654,3760634.625109761
JOGULAMBA GADWAL,ALAMPUR,Bheemavaram,3126857.7078667553,3800206.6214668322
JOGULAMBA GADWAL,ALAMPUR,Utkur,3125395.6715792343,3802704.8579014596
JOGULAMBA GADWAL,IEEJA,Uppal,3127095.6374864085,3755130.506830783
JOGULAMBA GADWAL,UNDAVELLY,Itkyalpadu,3128153.741564122,3787805.3664767086
JOGULAMBA GADWAL,IEEJA,Venkatapur,3128571.7524249805,3761088.648764023
JOGULAMBA GADWAL,VADDEPALLY,Koildinne,3128341.3383961087,3775175.951162479
JOGULAMBA GADWAL,UNDAVELLY,Thakkasila,3128364.2748576934,3791108.945375111
JOGULAMBA GADWAL,GHATTU,Mittadoddi,3136775.1891632574,3745067.76754125
JOGULAMBA GADWAL,GHATTU,Mallampalle,3138490.2710319026,3740374.9149975297
JOGULAMBA GADWAL,GHATTU,Chamankhandoddi,3138170.5024347096,3737186.266236731
JOGULAMBA GADWAL,YERRAVALLI,Dharmavaram,3135755.716398231,3781656.3800474084
JOGULAMBA GADWAL,MALDAKAL,Syasampalle,3141324.392417236,3754046.2018948686
JOGULAMBA GADWAL,KALOOR THIMMANDODDI,Chinthalkunta,3145526.0007934384,3735858.2317640865
JOGULAMBA GADWAL,GADWAL,Gadwal (R),3156755.6384909623,3767777.4970330675
JOGULAMBA GADWAL,YERRAVALLI,Batla Dinne,3134782.609017582,3775490.4900820157
JOGULAMBA GADWAL,IEEJA,Ieeja (M),3131688.712660705,3753257.535798001
JOGULAMBA GADWAL,MANOPAD,Peddaamudyalapadu,3128583.811386414,3778966.2510667513
JOGULAMBA GADWAL,MANOPAD,Chandur,3134910.723641555,3789196.2150925184
JOGULAMBA GADWAL,IEEJA,Eklaspur,3136984.946878155,3749137.044734245
JOGULAMBA GADWAL,GHATTU,Induvasi,3135400.921736541,3737435.0220566033
JOGULAMBA GADWAL,MANOPAD,Manopad,3127936.899488471,3783638.3634246206
JOGULAMBA GADWAL,ALAMPUR,Kyatur,3127874.5676472136,3797624.1907088873
JOGULAMBA GADWAL,IEEJA,Thothinonidoddi,3129412.910802044,3740869.0134186605
JOGULAMBA GADWAL,IEEJA,Medikonda,3126765.812947897,3746528.052237639
JOGULAMBA GADWAL,MANOPAD,Narayanpur,3130887.9522543033,3780162.153951522
JOGULAMBA GADWAL,IEEJA,Yapadinne,3130660.5352081596,3762858.20722762
JOGULAMBA GADWAL,UNDAVELLY,Shalipur,3129199.5777556933,3793696.4203077764
JOGULAMBA GADWAL,VADDEPALLY,Ramapuram,3130506.0115946964,3771439.603426077
JOGULAMBA GADWAL,VADDEPALLY,Julekal,3129112.103827179,3766524.779212391
JOGULAMBA GADWAL,MANOPAD,Chandapur,3131931.3046973464,3782577.5451839855
JOGULAMBA GADWAL,UNDAVELLY,Pragatoor,3131904.4253543452,3792551.8379803943
JOGULAMBA GADWAL,IEEJA,Jadadoddi,3131632.5065466748,3758887.6339540193
JOGULAMBA GADWAL,GHATTU,Boyalagudem,3131640.8322393526,3739097.1006925176
JOGULAMBA GADWAL,MANOPAD,Jallapur,3131544.8734515267,3786697.744336507
JOGULAMBA GADWAL,ITIKYALA,Vavilala,3133522.5975752873,3763674.9822942414
JOGULAMBA GADWAL,IEEJA,Uthanur,3131677.916931877,3747770.180084868
JOGULAMBA GADWAL,YERRAVALLI,Vallur,3131986.164234241,3776766.800167915
JOGULAMBA GADWAL,MANOPAD,Boravelle,3133435.0070401127,3785087.695166775
JOGULAMBA GADWAL,UNDAVELLY,Maramunagala,3132371.4347451236,3790405.7325070133
JOGULAMBA GADWAL,ITIKYALA,Chagapur,3135221.93734611,3772407.6195590673
JOGULAMBA GADWAL,MANOPAD,Pallepadu,3136262.354807151,3787619.591041065
JOGULAMBA GADWAL,GHATTU,Chagadona,3134726.8000453874,3742394.040336681
JOGULAMBA GADWAL,MALDAKAL,Vittalapuram,3136102.9524470167,3759852.006312082
JOGULAMBA GADWAL,YERRAVALLI,Vemula,3137464.0566005106,3776934.6000168836
JOGULAMBA GADWAL,IEEJA,Devabanda,3138180.6404742184,3749283.597366387
JOGULAMBA GADWAL,MALDAKAL,Nagardoddi,3137720.0356031274,3755665.236346059
JOGULAMBA GADWAL,IEEJA,Bingidoddi,3137640.479086777,3752533.7110571614
JOGULAMBA GADWAL,YERRAVALLI,Rajsri Garlapad,3138386.309857071,3785707.5105988043
JOGULAMBA GADWAL,ITIKYALA,Udandapur,3138434.3192055235,3766676.2426907136
JOGULAMBA GADWAL,MALDAKAL,Mallemdoddi,3138974.936537421,3762595.815539504
JOGULAMBA GADWAL,YERRAVALLI,Karpakula,3139832.981994672,3784794.6454995647
JOGULAMBA GADWAL,GHATTU,Balgera,3139735.6073092413,3738724.3119900734
JOGULAMBA GADWAL,GADWAL,Mellacheruvu,3152183.069571303,3770128.6524772355
JOGULAMBA GADWAL,DHAROOR,Alwalpad,3158058.525973512,3749759.889497856
JOGULAMBA GADWAL,GADWAL,Kothapalle,3161805.886864669,3766958.9641572116
JOGULAMBA GADWAL,KALOOR THIMMANDODDI,Eerlabanda,3161078.4476380823,3744613.221561773
JOGULAMBA GADWAL,UNDAVELLY,D.Burdipadu,3121034.6401822185,3793992.389039995
JOGULAMBA GADWAL,ALAMPUR,Chagatur (UI),3122689.8254836155,3813277.1326839407
JOGULAMBA GADWAL,ALAMPUR,Uppalapadu (UI),3122422.3857091493,3809780.9576121904
JOGULAMBA GADWAL,ALAMPUR,Kudavelli (UI),3124508.6757081654,3813712.689794709
JOGULAMBA GADWAL,UNDAVELLY,Khanapur (UI),3126135.217318501,3788531.232716724
JOGULAMBA GADWAL,ALAMPUR,Yapaladevipadu (UI),3129140.753944696,3801899.9663923997
JOGULAMBA GADWAL,MANOPAD,Mangampeta,3137308.5921522174,3787252.7621432585
JOGULAMBA GADWAL,GADWAL,Pudur,3146459.99741773,3768529.962967248
JOGULAMBA GADWAL,GHATTU,Aloor,3150166.8241633726,3745256.707709374
JOGULAMBA GADWAL,KALOOR THIMMANDODDI,Kuchinerla,3149491.805521781,3737706.710650317
JOGULAMBA GADWAL,GADWAL,Kakulavaram,3150659.285768499,3761114.2299293377
JOGULAMBA GADWAL,ITIKYALA,Itikyal,3139833.6157467025,3772222.4156158892
JOGULAMBA GADWAL,YERRAVALLI,Bochuveerapur,3140705.1673487164,3783208.446126827
JOGULAMBA GADWAL,GHATTU,Gorlakhandoddi,3141367.841806917,3744583.9525692067
JOGULAMBA GADWAL,KALOOR THIMMANDODDI,Guvvaldinne,3156941.469265104,3737673.183599763
JOGULAMBA GADWAL,KALOOR THIMMANDODDI,Ganganpally,3157893.001945207,3746026.3488848484
JOGULAMBA GADWAL,GADWAL,Gonpad,3157237.0133171924,3761088.969486227
JOGULAMBA GADWAL,MALDAKAL,Kurthiravalcheruvu,3140373.324455914,3755760.9208414964
JOGULAMBA GADWAL,YERRAVALLI,Putandoddi,3140499.6042832197,3779101.8603374856
JOGULAMBA GADWAL,GHATTU,Thappetlamorsu,3140807.5777087053,3747114.951060536
JOGULAMBA GADWAL,ITIKYALA,Munagala,3140835.5305623175,3775916.0707166838
JOGULAMBA GADWAL,MALDAKAL,Thatikunta,3140951.64730967,3750730.5652482985
JOGULAMBA GADWAL,GADWAL,Atmakur,3159612.530106992,3763576.330689555
JOGULAMBA GADWAL,DHAROOR,Dornala,3159625.9483848875,3752511.5392635716
JOGULAMBA GADWAL,GHATTU,Macherla,3141537.316444407,3740634.1753235743
JOGULAMBA GADWAL,ITIKYALA,Peddadinne,3141296.2327856887,3770489.743345632
JOGULAMBA GADWAL,YERRAVALLI,Sasnool,3142609.5566439023,3780307.941330762
JOGULAMBA GADWAL,MALDAKAL,Chelagarlapadu,3142206.1597991167,3758895.4025262413
JOGULAMBA GADWAL,MALDAKAL,Yelkur,3142028.7194684152,3761741.0895997765
JOGULAMBA GADWAL,ITIKYALA,Gopaldinne,3143784.2485606223,3769524.5901898453
JOGULAMBA GADWAL,GHATTU,Yellamdoddi,3144302.6951954416,3739264.5662431726
JOGULAMBA GADWAL,GHATTU,Aragidda,3144164.165987428,3747532.2679556725
JOGULAMBA GADWAL,MALDAKAL,Yeddulagudem,3144860.2269543963,3757820.182335631
JOGULAMBA GADWAL,MALDAKAL,Maldakal,3143968.662651239,3754522.5175424465
JOGULAMBA GADWAL,ITIKYALA,Mogilravalcheruvu,3145080.7159140958,3772244.415719416
JOGULAMBA GADWAL,GHATTU,Ghattu,3144777.387085685,3742436.280164891
JOGULAMBA GADWAL,YERRAVALLI,Kondair,3144804.721831181,3775354.9043479585
JOGULAMBA GADWAL,DHAROOR,Nettempadu,3165371.2178466455,3746668.2014747644
JOGULAMBA GADWAL,GHATTU,Penchikapadu,3147360.1419501184,3746414.438533538
JOGULAMBA GADWAL,MALDAKAL,Burdipad,3147213.6379116196,3761509.7680673595
JOGULAMBA GADWAL,GHATTU,Rayapuram,3147241.211597756,3741046.713434952
JOGULAMBA GADWAL,MALDAKAL,Maddelabanda,3146457.550028285,3750505.013641606
JOGULAMBA GADWAL,MALDAKAL,Palwai,3146259.1822615624,3764171.2893100623
JOGULAMBA GADWAL,MALDAKAL,Adaviravalcheruvu,3148128.7022863375,3755037.0705462336
JOGULAMBA GADWAL,YERRAVALLI,Thimmapur,3147321.837052095,3779359.0981100793
JOGULAMBA GADWAL,MALDAKAL,Uligepalle,3149620.573163349,3756323.066330573
JOGULAMBA GADWAL,GADWAL,Anantapur,3148901.0374068115,3774535.6090589613
JOGULAMBA GADWAL,DHAROOR,Ryalampad,3150930.732422955,3751388.1683959006
JOGULAMBA GADWAL,GHATTU,Thummalcheruvu,3152392.8253698223,3746625.7217783844
JOGULAMBA GADWAL,MALDAKAL,Bijjawaram,3151156.520064081,3757044.559543344
JOGULAMBA GADWAL,GADWAL,Jilladabanda,3153815.053164119,3760579.511984364
JOGULAMBA GADWAL,KALOOR THIMMANDODDI,Nandinne,3153736.5531353536,3736859.320856268
JOGULAMBA GADWAL,GADWAL,Beerole,3153028.5491694706,3775563.915768802
JOGULAMBA GADWAL,GHATTU,Muslimpalle,3141180.350698244,3736132.9480541903
JOGULAMBA GADWAL,KALOOR THIMMANDODDI,Apkondanhalli,3143458.987912462,3736872.7460961514
JOGULAMBA GADWAL,KALOOR THIMMANDODDI,Isarlapad,3153160.4569076453,3739058.166752
JOGULAMBA GADWAL,GADWAL,Rekulapally,3163102.5407075016,3763481.6153822294
JOGULAMBA GADWAL,DHAROOR,Marlabeedu,3154288.3652710617,3751204.975213022
JOGULAMBA GADWAL,KALOOR THIMMANDODDI,Kaloor Thimmandoddi,3153596.1061617592,3741158.9890391068
JOGULAMBA GADWAL,KALOOR THIMMANDODDI,Ummityal,3154924.539949153,3744809.286253648
JOGULAMBA GADWAL,GADWAL,Sangala,3155545.465870124,3763584.1025553467
JOGULAMBA GADWAL,DHAROOR,Kothulagidda,3155422.9789520786,3749112.197841638
JOGULAMBA GADWAL,GADWAL,Gadwal (M),3156992.236940153,3769152.276129605
JOGULAMBA GADWAL,KALOOR THIMMANDODDI,Erkiched,3159416.178670993,3737918.412747003
JOGULAMBA GADWAL,DHAROOR,Palcherla,3160471.9273505206,3758438.6112199007
JOGULAMBA GADWAL,KALOOR THIMMANDODDI,Pathapalem,3160482.2913454347,3747259.0920160557
JOGULAMBA GADWAL,DHAROOR,Mannapur,3160107.0293524615,3755334.3478300786
JOGULAMBA GADWAL,DHAROOR,Neelahalli,3161355.099981608,3749287.6645610617
JOGULAMBA GADWAL,KALOOR THIMMANDODDI,Venkatapur,3160514.5260592443,3741125.2798382007
JOGULAMBA GADWAL,DHAROOR,Mirzapuram,3163002.3979620347,3748794.752116698
JOGULAMBA GADWAL,DHAROOR,Upperu,3165811.287372066,3753100.4052861347
JOGULAMBA GADWAL,DHAROOR,Garlapadu,3167815.8758041495,3750087.1764959167
JOGULAMBA GADWAL,DHAROOR,Nagardoddi,3167560.537679968,3747836.815155785
JOGULAMBA GADWAL,DHAROOR,Chintharevula,3164670.1954367664,3758726.2033537775
JOGULAMBA GADWAL,GADWAL,Basapur,3151434.23883611,3778584.328140904
JOGULAMBA GADWAL,KALOOR THIMMANDODDI,Musaldoddi,3162473.966085468,3741271.790887486
JOGULAMBA GADWAL,RAJOLI,Nasnoor,3121899.3739919066,3755293.317518724
JOGULAMBA GADWAL,RAJOLI,Chinna dhanwada,3119642.077451818,3756209.1002210057
JOGULAMBA GADWAL,IEEJA,B.Timmapur,3136181.165609638,3748655.5940470616
JOGULAMBA GADWAL,MALDAKAL,Nethivanipalle,3147413.2851485456,3753646.5756839486
JOGULAMBA GADWAL,MALDAKAL,Saddalonipalle,3147002.622789126,3757699.549597462
JOGULAMBA GADWAL,MALDAKAL,D.Amaravai,3147375.7906675944,3759756.31284014
JOGULAMBA GADWAL,VADDEPALLY,Jilledudinne,3127613.740129334,3771634.5766743384
JOGULAMBA GADWAL,MANOPAD,Raimakulakunta,3129036.1330455723,3786049.823303856
JOGULAMBA GADWAL,MANOPAD,Posalpadu (UI),3123745.077577548,3783608.0653136466
JOGULAMBA GADWAL,MANOPAD,A.Burdipad,3125588.2094267933,3777312.4335330892
JOGULAMBA GADWAL,UNDAVELLY,Seripalle,3131083.724821776,3794872.327842676
NARAYANPET,NARAYANPET,Jajapur,3209599.5726538734,3741337.8988719573
NARAYANPET,NARAYANPET,Chinnajatram,3208676.7812430505,3746305.966507241
NARAYANPET,MAKTHAL,Mustipalle,3172536.009840739,3751865.716748644
NARAYANPET,MAKTHAL,Upparapalle,3190033.394959326,3739299.418515546
NARAYANPET,DAMARAGIDDA,Udmalgidda,3223494.717042703,3734399.0446006255
NARAYANPET,MAKTHAL,Golpalle,3186099.018735103,3741936.266497444
NARAYANPET,NARWA,Jakkenapalle,3182356.193869904,3752711.173886447
NARAYANPET,GUNDUMAL,Amlikunta,3231406.2579583433,3760125.3692981326
NARAYANPET,DAMARAGIDDA,Ulligundam,3231864.0339839556,3735834.841369049
NARAYANPET,MADDUR,Pallerla,3230856.991767932,3749018.902859231
NARAYANPET,DAMARAGIDDA,Ashanpalle,3226582.8039213223,3743210.4281767057
NARAYANPET,MAGANOOR,Adivikhanapur,3182140.20133185,3717380.660655367
NARAYANPET,MAKTHAL,Katrevpalle,3182351.247973386,3745779.099878766
NARAYANPET,MAGANOOR,Ujjelli,3193876.6354872086,3730804.1096169003
NARAYANPET,MARIKAL,Ibrahimpatnam,3194714.677452485,3762733.240880971
NARAYANPET,MARIKAL,Peddachinthakunta,3194670.4684417984,3765039.7411458944
NARAYANPET,NARWA,Nagireddipalle,3177788.806498033,3760948.662949314
NARAYANPET,KRISHNA,Gudebellur,3176636.8181769704,3724051.1546013243
NARAYANPET,MAKTHAL,Tekulpalle,3187860.221251389,3742396.5045290943
NARAYANPET,NARWA,Undekode,3187479.148897395,3756440.0909225927
NARAYANPET,KRISHNA,Kusumurthy,3180683.330524154,3713831.005799029
NARAYANPET,NARWA,Seepur,3179378.4013743526,3749827.054524726
NARAYANPET,NARWA,Yellampalle,3175096.267479707,3755669.1559801814
NARAYANPET,MAGANOOR,Oblapur,3180290.854447807,3730768.307879428
NARAYANPET,NARWA,Lakkerdoddi,3180102.556529736,3753494.183456144
NARAYANPET,NARAYANPET,Anthwar,3206973.5839996827,3748279.685883641
NARAYANPET,DAMARAGIDDA,Kandanpalle,3224338.781680412,3738847.469886611
NARAYANPET,UTKOOR,Samanur,3203768.2894103318,3729148.0651939753
NARAYANPET,NARWA,Narva,3183997.3020660393,3754525.5995897036
NARAYANPET,MAGANOOR,Warkoor,3186615.4944976456,3729661.9602213237
NARAYANPET,MAKTHAL,Bhagvanpalle,3172995.3808766706,3745285.5710683274
NARAYANPET,MAKTHAL,Bondalkunta,3190053.1228126744,3745061.913537431
NARAYANPET,MAKTHAL,Kachwar,3189692.665303829,3742597.9430660433
NARAYANPET,DAMARAGIDDA,Chakalavaripalle,3224703.7846016865,3742806.862899427
NARAYANPET,GUNDUMAL,Kommur,3225065.9500813326,3759892.4168774565
NARAYANPET,NARAYANPET,Bhairamkonda,3213360.490679809,3732159.575585104
NARAYANPET,KOSGI,Mushrifa,3237111.6572870435,3751634.951966871
NARAYANPET,KOSGI,Mukthipahad,3238418.1657645768,3754113.5752348034
NARAYANPET,MAGANOOR,Kolpur,3175206.633010878,3734156.107966454
NARAYANPET,MAGANOOR,Mandipalle,3174566.482211349,3735941.5649036136
NARAYANPET,NARWA,Bekkarapalle,3176974.151669671,3757815.8291595657
NARAYANPET,DAMARAGIDDA,Malreddipalle,3227383.2198020224,3737469.6797817037
NARAYANPET,KRISHNA,Mudumal,3174277.2052600766,3728481.367363173
NARAYANPET,MAKTHAL,Kondadoddi,3176121.4071896086,3750442.930974448
NARAYANPET,MAKTHAL,Chityal,3174998.6547020166,3740606.908421724
NARAYANPET,MAKTHAL,Rudrasamudram,3182948.2869917466,3741735.5459459606
NARAYANPET,MAKTHAL,Dasardoddi,3184743.3415702814,3732302.4120166465
NARAYANPET,DAMARAGIDDA,Gadpa,3234740.641060072,3736124.55881468
NARAYANPET,MAKTHAL,Krishnasamudram,3188810.762821976,3749335.894619323
NARAYANPET,MAKTHAL,Pareval,3170392.944803158,3743062.3657604046
NARAYANPET,MAKTHAL,Bhoothpur,3180189.5402889545,3746051.5477855485
NARAYANPET,MAGANOOR,Wadwat,3180925.520461168,3734692.428146766
NARAYANPET,GUNDUMAL,Mudireddipalle,3230153.2414347427,3761731.7267469596
NARAYANPET,GUNDUMAL,Balabadraipalle,3231149.092418077,3755059.9487084993
NARAYANPET,DAMARAGIDDA,Mogalamadka,3230710.3970068013,3740946.1660718196
NARAYANPET,DAMARAGIDDA,Yelsanpalle,3225128.0286097713,3741087.3262779536
NARAYANPET,KRISHNA,Alampalle,3183928.0691877007,3720951.871708166
NARAYANPET,MAKTHAL,Panchalingal,3176066.312493155,3743254.043130211
NARAYANPET,KOSGI,Kosgi (M),3238587.2678868202,3761153.984823508
NARAYANPET,MAGANOOR,Neradgam,3190383.0022797687,3730972.966088966
NARAYANPET,NARAYANPET,Abhangapur,3215700.538962592,3751400.2480542497
NARAYANPET,NARAYANPET,Perapalla,3216102.7653666483,3739408.085671356
NARAYANPET,MAKTHAL,Musalaipalle,3170121.05467961,3745149.1537986347
NARAYANPET,DAMARAGIDDA,Kamsanipalle,3216997.4727219716,3745197.091998913
NARAYANPET,KOTHAPALLE,Nandigam,3218163.653874772,3761025.2292583846
NARAYANPET,MADDUR,Kajipuram,3226359.2327462765,3745074.2666347735
NARAYANPET,MADDUR,Chintaldinne,3227354.982990961,3749808.4686724083
NARAYANPET,NARWA,Kothapalle,3178630.2610892276,3753335.5300088096
NARAYANPET,NARWA,Kalwal,3177708.887628398,3746449.9402110027
NARAYANPET,MAGANOOR,Pegadabanda,3178119.9501994983,3731563.1182013648
NARAYANPET,NARAYANPET,Ayyawaripalle,3207765.2068560133,3751072.0494906385
NARAYANPET,NARWA,Kumarlingampalle,3184588.8212399236,3762558.6806695582
NARAYANPET,MAKTHAL,Panchadevupad,3171440.2925438983,3741036.8765757815
NARAYANPET,MAKTHAL,Paspul,3172270.535889801,3739422.5428968403
NARAYANPET,MAKTHAL,Chinnagopalapur,3173204.2729192525,3743310.1955384566
NARAYANPET,MAKTHAL,Anugonda,3171998.7269781795,3747963.135208955
NARAYANPET,UTKOOR,Nidugurthi,3206526.8051527184,3742375.436620046
NARAYANPET,NARAYANPET,Boinpalle,3208482.5316457194,3747945.194446863
NARAYANPET,NARAYANPET,Appakapalle,3209748.2913419744,3742753.1452613715
NARAYANPET,KRISHNA,Muraharidoddi,3173451.745770053,3725906.374303977
NARAYANPET,MAKTHAL,Satyawar,3175386.9212158327,3746846.837588839
NARAYANPET,MAGANOOR,Punjanur,3174644.476562708,3731803.2577864197
NARAYANPET,MAGANOOR,Gajarandoddi,3174507.707988441,3737676.3354885965
NARAYANPET,KRISHNA,Mudmaldoddi,3177807.85983564,3728708.2669161507
NARAYANPET,KRISHNA,Gurujala,3176520.4194948976,3716529.79963036
NARAYANPET,MAGANOOR,Parmandoddi,3178163.35572513,3735752.5078857206
NARAYANPET,KRISHNA,Thangadigi,3178010.198364629,3714557.907388862
NARAYANPET,KRISHNA,Krishna (Hindupur),3177596.2365950784,3719329.212117296
NARAYANPET,MAKTHAL,Karni,3179445.1510250503,3740237.5111443517
NARAYANPET,NARWA,Yamki,3179717.482253025,3757545.3419904965
NARAYANPET,KRISHNA,Ainapur,3182649.76362986,3713217.8185840705
NARAYANPET,KRISHNA,Kunsi,3181492.0418427107,3722072.8842788953
NARAYANPET,KRISHNA,Shukurlingampalle,3182529.128237994,3710519.9946094775
NARAYANPET,MAGANOOR,Maganoor,3182012.5710849897,3727875.2302729744
NARAYANPET,MAKTHAL,Khanapur,3182442.9387607863,3737851.9377317103
NARAYANPET,MAGANOOR,Gururaolingampalle,3184737.5948190745,3726862.7835971233
NARAYANPET,MAKTHAL,Yernaganpalle,3184454.7793757436,3745520.9154324564
NARAYANPET,NARWA,Lankal,3182826.2973857,3758932.2995705577
NARAYANPET,KRISHNA,Chegunta,3183734.691578831,3716201.3149159807
NARAYANPET,NARWA,Rajapalle,3185321.284541997,3751121.8966896725
NARAYANPET,NARWA,Raikode,3183471.537134519,3749113.9540380775
NARAYANPET,MAGANOOR,Kothapalle,3185065.377001357,3724104.5561355217
NARAYANPET,NARWA,Rampur,3185264.2511625784,3759119.34625489
NARAYANPET,MAKTHAL,Gurlapalle,3186550.5668290015,3732967.5665038396
NARAYANPET,MAGANOOR,Thalankeri,3187088.517030193,3725514.939743191
NARAYANPET,MAGANOOR,Adivisatyavaram,3177905.679779219,3733971.4537791787
NARAYANPET,MAGANOOR,Laxmipuram,3177364.3944545053,3738048.4423136194
NARAYANPET,NARWA,Appampally,3176396.0969244633,3752917.0424012695
NARAYANPET,MAGANOOR,Yabandoddi,3182432.8274560277,3731623.5713825827
NARAYANPET,NARWA,Patherched,3187593.6012464627,3751763.8855175436
NARAYANPET,MAKTHAL,Sangambanda,3188546.8877701657,3733961.3673224053
NARAYANPET,MAKTHAL,Manthangoud,3187509.2912670462,3746718.2706505368
NARAYANPET,MARIKAL,Chittanur,3188006.0597836487,3761222.852827065
NARAYANPET,MAKTHAL,Makthal (M),3186387.314332453,3737160.0385607095
NARAYANPET,NARWA,Jangamreddipalle,3190285.4878375246,3752828.4609654406
NARAYANPET,MARIKAL,Eklaspur,3189990.417617269,3758627.0084582777
NARAYANPET,MAKTHAL,Jowlapur,3191633.87615253,3751218.195713321
NARAYANPET,UTKOOR,Tirumalapur,3192595.0612604,3743917.787305662
NARAYANPET,UTKOOR,Bapur,3205735.474962138,3739665.324506246
NARAYANPET,NARAYANPET,Lingampalle (Kollampalle),3204346.8167761043,3752247.5278535774
NARAYANPET,DHANWADA,Kistapur,3205323.556302382,3757609.6255090386
NARAYANPET,GUNDUMAL,Veeraram,3223774.435303571,3759044.203175703
NARAYANPET,DAMARAGIDDA,Kanukurthy,3229126.5291933455,3734590.6428171843
NARAYANPET,MADDUR,Jadavaraopalle,3230059.3777336706,3752010.972703832
NARAYANPET,GUNDUMAL,Sarangaraopalle,3232527.584135681,3761447.5521071693
NARAYANPET,DAMARAGIDDA,Vithalapur,3232943.25314492,3736776.891159526
NARAYANPET,MAKTHAL,Madhawar,3191661.2134786956,3736162.539199279
NARAYANPET,MARIKAL,Jinnaram,3190944.2515689065,3761575.198469494
NARAYANPET,MAGANOOR,Bhairampalle,3192752.283469595,3727172.0057565267
NARAYANPET,MAKTHAL,Lingampalle,3192410.917412652,3738527.809294493
NARAYANPET,MAKTHAL,Someshwarbanda,3193860.408982391,3734042.439196872
NARAYANPET,MARIKAL,Kanmanoor,3192103.9832795616,3756552.6892617354
NARAYANPET,MAKTHAL,Gudigandla,3193910.623944529,3750873.9808175415
NARAYANPET,UTKOOR,Edavalli,3192918.380705983,3741939.7583873733
NARAYANPET,MAKTHAL,Jaklair,3192521.9640753446,3747381.6842512903
NARAYANPET,DHANWADA,Yamnanpalle,3195087.154029048,3753178.6756603033
NARAYANPET,KOSGI,Thogapur,3242786.020780386,3760021.0821505263
NARAYANPET,DAMARAGIDDA,Desaipalle,3222884.362151457,3743530.231374994
NARAYANPET,KOSGI,Mukthiyarnagar,3234972.8838704037,3761259.9471965614
NARAYANPET,UTKOOR,Mallepalle,3195010.006233142,3736766.3079097
NARAYANPET,UTKOOR,Chinnaporla,3195161.7193680382,3739761.2758430364
NARAYANPET,MARIKAL,Yeligandla,3194909.6319356095,3755006.1270294557
NARAYANPET,MARIKAL,Venkatapur,3198298.428323362,3765066.0167158074
NARAYANPET,UTKOOR,Peddaporla,3197826.346667291,3740298.246924541
NARAYANPET,UTKOOR,Kollur,3198322.1938258787,3735666.9673788114
NARAYANPET,MARIKAL,Pasalpad,3201909.67303917,3763537.6199316652
NARAYANPET,KOTHAPALLE,Peddapur,3221869.9670173386,3760880.3969373703
NARAYANPET,UTKOOR,Nagireddipalle,3196366.2231198256,3734121.270577677
NARAYANPET,UTKOOR,Pulmamidi,3195801.867854359,3745169.895840061
NARAYANPET,DHANWADA,Gunmukla,3196921.7755322307,3750968.564192699
NARAYANPET,DHANWADA,Kamsanpalle,3198415.1405655607,3753086.7226351406
NARAYANPET,MARIKAL,Paspula,3197050.4653138085,3756305.1083925697
NARAYANPET,UTKOOR,Yergatpalle,3198810.428453679,3743663.6295504062
NARAYANPET,MARIKAL,Teelair,3198768.2929393733,3763221.962232416
NARAYANPET,MARIKAL,Marikal,3196742.883552756,3759485.66050061
NARAYANPET,UTKOOR,Bijwar,3198986.178479112,3747316.6546977097
NARAYANPET,MARIKAL,Rakonda,3199703.7889861176,3766495.6881110864
NARAYANPET,NARAYANPET,Bommanpad,3214187.8149598306,3747065.831029114
NARAYANPET,DHANWADA,Mandipalle,3199337.7192058708,3755637.4498816133
NARAYANPET,DHANWADA,Pathapalle,3200820.895176912,3748743.84553078
NARAYANPET,UTKOOR,Samistapur,3200094.0095030777,3733484.955402816
NARAYANPET,MARIKAL,Madwar,3200388.0218553757,3760168.8438607883
NARAYANPET,DHANWADA,Dhanwada,3201169.3635533745,3753091.364776133
NARAYANPET,UTKOOR,Laxmipalle,3203469.619006045,3740913.963559314
NARAYANPET,UTKOOR,Utkoor,3202088.8966501956,3736991.550344914
NARAYANPET,UTKOOR,Aminpur,3203493.9168738886,3731193.615755428
NARAYANPET,UTKOOR,Oblapur,3204104.649302675,3734338.6164872358
NARAYANPET,DAMARAGIDDA,Bapanpalle,3220524.9860843965,3739036.565320967
NARAYANPET,KOTHAPALLE,Mannapur,3221678.026278896,3758650.038743717
NARAYANPET,KOSGI,Mungimalla,3239477.426935428,3755743.8364855186
NARAYANPET,NARAYANPET,Kollampalle,3204770.289543001,3749702.7719158297
NARAYANPET,DHANWADA,Gotur,3204671.8120665713,3762712.290126425
NARAYANPET,UTKOOR,Peddajatram,3203141.3757700664,3745165.5722029177
NARAYANPET,UTKOOR,Thipraspalle,3206572.952148171,3738126.0100838444
NARAYANPET,UTKOOR,Pagidimarri,3207419.338908377,3735092.887689648
NARAYANPET,UTKOOR,Vallampalle,3209489.303421457,3737522.067225263
NARAYANPET,DHANWADA,Kondapur,3210062.4084928567,3759528.8730426147
NARAYANPET,NARAYANPET,Ammireddipalle,3211169.908192256,3745817.33916613
NARAYANPET,NARAYANPET,Thirumalapur,3210511.124955013,3752195.3911214415
NARAYANPET,NARAYANPET,Appireddipalle,3211701.1215627,3744056.3102387097
NARAYANPET,NARAYANPET,Singar,3211451.1253393064,3738931.8165398417
NARAYANPET,NARAYANPET,Jalalpur,3211316.497260597,3730235.7395062568
HANUMAKONDA,KAMALAPUR,VENKATESWARLAPALLY,3374765.2519540414,3957397.871059947
MULUGU,WAZEED,NUGUR RESERVED FOREST,3403110.917091672,4056175.964960887
NARAYANPET,NARAYANPET,Kothapalle,3214303.603376577,3742197.822017852
NARAYANPET,KOSGI,Bijjaram,3236133.491570542,3755588.8915117653
NARAYANPET,KOTHAPALLE,Gokulnagar,3218067.49129774,3758346.452555213
NARAYANPET,KOTHAPALLE,Thimmareddipalle,3219018.237598148,3759661.8918111976
NARAYANPET,MADDUR,Mominapur,3218376.709472184,3749238.9770972445
NARAYANPET,MADDUR,Chanwar,3219196.7838517395,3751914.3710303223
NARAYANPET,KOTHAPALLE,Boneed,3218184.2928956863,3754376.765088267
NARAYANPET,KOTHAPALLE,Allipur,3219699.6535536596,3757617.9411019743
NARAYANPET,MADDUR,Chenreddipalle,3219719.4390083924,3747113.700441762
NARAYANPET,KOTHAPALLE,Duppatghat,3219176.534288662,3756360.9547205847
NARAYANPET,KOTHAPALLE,Lingalched,3220621.9614770096,3760734.070585157
NARAYANPET,DAMARAGIDDA,Sajnapur,3220315.5690367674,3734370.402117514
NARAYANPET,DAMARAGIDDA,Damaragidda,3219855.124496206,3736696.2201359053
NARAYANPET,MADDUR,Pedripahad,3221194.8615857167,3745324.547820963
NARAYANPET,DAMARAGIDDA,Kyatanpalle,3222779.4054220566,3740917.240755809
NARAYANPET,MADDUR,Renvatla,3222016.1587145124,3749052.1593122035
NARAYANPET,DAMARAGIDDA,Lingareddipalle,3223676.2624340975,3737240.8245879095
NARAYANPET,KOTHAPALLE,Kothapalle,3223206.2350491905,3756936.4930978147
NARAYANPET,DAMARAGIDDA,Vathugundla,3219596.4540260504,3742341.690816169
NARAYANPET,DAMARAGIDDA,Ayyawaripalle,3223881.199543073,3745260.1871374696
NARAYANPET,KOTHAPALLE,Nidjinta,3222205.789834535,3753850.2871112926
NARAYANPET,DAMARAGIDDA,Gadimunkanpalle,3225850.720311103,3735207.020621953
NARAYANPET,MADDUR,Maddur,3225170.087862527,3748758.1318444507
NARAYANPET,DAMARAGIDDA,Lokurthy,3226677.3091171365,3740458.9043057356
NARAYANPET,MADDUR,Nagireddipalle,3228083.141888774,3747019.069745337
NARAYANPET,GUNDUMAL,Appaipalle,3228813.843626941,3756594.1430965206
NARAYANPET,DAMARAGIDDA,Narsapur,3228509.476552362,3740435.136571191
NARAYANPET,MADDUR,Dorepalle,3226815.0548328534,3753364.9232046437
NARAYANPET,MADDUR,Damaganpuram,3228763.4544321615,3744972.994806384
NARAYANPET,DAMARAGIDDA,Suddavanda,3229456.467398739,3743379.0138038956
NARAYANPET,MADDUR,Parsapuram,3230259.1122562825,3746410.5369254346
NARAYANPET,GUNDUMAL,Gundumal,3227842.3720297427,3758705.5149618876
NARAYANPET,DAMARAGIDDA,Annasagar,3229891.119405872,3738445.2197647365
NARAYANPET,MADDUR,Lakkaipalle,3233610.5165490676,3748920.0939249303
NARAYANPET,GUNDUMAL,Bhakthimalla,3233027.0053442456,3756598.020841424
NARAYANPET,MADDUR,Nandipahad,3233631.1327657904,3751544.406176322
NARAYANPET,UTKOOR,Dantanpally,3201333.8492931616,3739852.196560156
NARAYANPET,GUNDUMAL,Bhogaram,3233794.665677341,3759468.273417703
NARAYANPET,KOSGI,Mirzapur,3235248.255603789,3753765.747874723
NARAYANPET,KOSGI,Kadampalle,3235677.086720569,3758085.878412059
NARAYANPET,KOSGI,Chennaram,3237599.61455205,3756829.72460169
NARAYANPET,KOSGI,Lodhipur,3240622.0269945334,3753794.93672969
NARAYANPET,KOSGI,Sarjakhanpet,3242087.6344286967,3761871.618190702
NARAYANPET,KOSGI,Nacharam,3241534.756582733,3757586.5382161415
NARAYANPET,KOSGI,Ejipoor,3242103.440857271,3762565.0924629434
NARAYANPET,KOSGI,Chandravancha,3242035.21388999,3755403.323785846
NARAYANPET,KOSGI,Kothapalle,3242236.872057019,3752965.5256165927
NARAYANPET,DAMARAGIDDA,Piddampalle,3226200.2522252393,3738347.5012662327
NARAYANPET,NARAYANPET,Kourampally,3211871.8208728246,3740367.2276223986
NARAYANPET,NARAYANPET,Kotakonda,3213040.36091803,3753009.833529559
NARAYANPET,DAMARAGIDDA,Laxmipur,3227963.3412681622,3742906.097145421
NARAYANPET,MADDUR,Malkajdavaraopally,3234185.3172247466,3751664.179912088
NARAYANPET,NARAYANPET,Eklaspur,3214941.325092491,3733788.993172831
NARAYANPET,NARAYANPET,Kondareddypally,3215803.1258373847,3735601.9216362084
NARAYANPET,NARAYANPET,Narasappapalle,3212536.6865160745,3755549.392802739
NARAYANPET,NARAYANPET,Seranpalle,3213712.3889068444,3743550.1243629013
NARAYANPET,UTKOOR,Jeeranhalli,3199479.863396613,3742012.034975216
NARAYANPET,UTKOOR,Pallekunta,3205414.648762548,3734221.857337217
NARAYANPET,UTKOOR,Garanhalli,3191788.09354597,3732904.9356811293
NARAYANPET,UTKOOR,Venkatapur,3209713.4422104196,3734873.332532458
NARAYANPET,NARAYANPET,Narayanpet (M),3212435.7388170552,3736261.6913732095
NARAYANPET,NARAYANPET,Gurlapally,3211209.65222383,3738445.475045946
NARAYANPET,KRISHNA,Kalahalli,3179269.174018097,3712750.5795778036
NARAYANPET,NARWA,Kadumoor,3177527.8656268683,3755640.251604578
VIKARABAD,KULKACHERLA,Almaskhanpet,3237349.597866582,3772441.1569982553
VIKARABAD,DOULTHBAD,Erlapalle,3237990.0750335916,3748028.6785358754
VIKARABAD,KODANGAL,Indanoor,3247094.5451196623,3738165.3580393773
VIKARABAD,KODANGAL,Kastoorpalle,3247151.123235488,3736452.327691606
VIKARABAD,DUDYAL,Lagcherla,3246576.4965466084,3761292.122157435
VIKARABAD,DUDYAL,Erlapalle,3248227.1029055943,3763028.0911069447
VIKARABAD,KODANGAL,Peddanandigam,3248041.3530176426,3746484.025668156
VIKARABAD,DOULTHBAD,Nagasar,3231308.3029966145,3742781.792483385
VIKARABAD,KODANGAL,Parsapur,3248386.280739818,3754250.681033184
VIKARABAD,KODANGAL,Pyalamaddi,3248711.3549224692,3748978.0858118623
VIKARABAD,BOMMARASPET,Erupumalla,3251980.802213843,3764140.1510818745
VIKARABAD,BOMMARASPET,Thunkumetla,3255794.320355553,3761532.675890364
VIKARABAD,KODANGAL,Chitlapalle,3251844.1204642486,3744933.2711057994
VIKARABAD,KODANGAL,Kodangal (M),3251666.710248062,3750385.7788965185
VIKARABAD,BOMMARASPET,Regadmailwar,3253897.1388965906,3754783.773801703
VIKARABAD,BOMMARASPET,Nagireddipalle,3254799.7383100516,3758998.3818377336
VIKARABAD,KODANGAL,Annaram,3254052.579208777,3741871.1567418156
VIKARABAD,KODANGAL,Appaipalle,3254686.8397547347,3747288.085104658
VIKARABAD,KODANGAL,Udimeswar,3255982.084051337,3749344.2365866723
VIKARABAD,DOULTHBAD,Neetur,3246197.3874499975,3744810.27132947
VIKARABAD,DUDYAL,Dudyal,3245888.370530805,3757593.052130199
VIKARABAD,BOMMARASPET,Dupcherla,3262013.789180671,3759713.0970678865
VIKARABAD,BOMMARASPET,Burhanpoor,3261626.329235138,3764070.91086064
VIKARABAD,BOMMARASPET,Salimdapur,3264137.3741002046,3762921.0583320134
VIKARABAD,BOMMARASPET,Madanpalle,3264460.4346819646,3766267.952334164
VIKARABAD,BOMMARASPET,Thirumalapur,3255946.1149088475,3754207.3514633575
VIKARABAD,DOULTHBAD,Devarfaslawad,3232055.3952797023,3745397.3124869247
VIKARABAD,DOULTHBAD,Thirumalapur,3232869.262828413,3742009.8060844042
VIKARABAD,DOULTHBAD,Kuppagiri,3242725.162287568,3739740.8203145573
VIKARABAD,DOULTHBAD,Nandaram,3243433.1131741307,3747230.6993135847
VIKARABAD,DOULTHBAD,Thimmareddipalle,3236202.359403686,3741983.9783821553
VIKARABAD,BOMMARASPET,Wadicherla,3258693.937678751,3754608.041884536
VIKARABAD,DOULTHBAD,Suraipalle,3239584.479439137,3750744.354158369
VIKARABAD,DOULTHBAD,Anthwar,3236403.987953629,3736565.4313450996
VIKARABAD,DOULTHBAD,Challapur,3236289.566358555,3748958.9695342095
VIKARABAD,DOULTHBAD,Polkampalle,3233647.0691568796,3744017.1020930354
VIKARABAD,DOULTHBAD,Sultanpur,3233883.174012193,3740169.92084199
VIKARABAD,DOULTHBAD,Balampeta,3235671.173838761,3739233.967760922
VIKARABAD,DOULTHBAD,Gundepalle,3237426.5575324567,3739247.547948855
VIKARABAD,DOULTHBAD,Gokafasalwad,3236314.5082936264,3745229.8035033303
VIKARABAD,DOULTHBAD,Saleempur,3240512.481782107,3752357.576906282
VIKARABAD,DOULTHBAD,Allapur,3239082.288523524,3740604.4167536576
VIKARABAD,DOULTHBAD,Imdapur,3240915.5210094606,3749712.494341369
VIKARABAD,DOULTHBAD,Yamki,3241540.93750956,3747936.622342766
VIKARABAD,DOULTHBAD,Doulathabad,3241146.815757381,3743917.2163670408
VIKARABAD,DOULTHBAD,Kowdeed,3244015.6164960894,3745195.637470624
VIKARABAD,DUDYAL,Kudrimalla,3243412.9681564863,3750603.888532696
VIKARABAD,DOULTHBAD,Bichal,3239694.3234116747,3737190.4181067487
VIKARABAD,DOULTHBAD,Matoor,3245037.98175559,3742012.3954626885
VIKARABAD,KODANGAL,Chinna Nandigam,3245848.0200796197,3748030.988164296
VIKARABAD,KODANGAL,Ravalpalle,3245818.1377771287,3739721.0731012244
VIKARABAD,KODANGAL,Hasnabad,3245972.4045430864,3752299.3785983473
VIKARABAD,DUDYAL,Gouraram,3250149.5931610554,3760752.6027500136
VIKARABAD,KODANGAL,Gandlepalle,3250327.2900919877,3735915.9803943136
VIKARABAD,DUDYAL,Machanpalle,3251719.3754398082,3754710.600288922
VIKARABAD,KODANGAL,Angadi Raichur,3249681.9150575097,3741641.3127022106
VIKARABAD,DUDYAL,Chilmal-mailwar,3250827.2671694034,3756837.0972396834
VIKARABAD,DUDYAL,Amsanpalle,3251780.9543046947,3758940.566410406
VIKARABAD,KODANGAL,Upparpalle,3252082.834308205,3736894.001186611
VIKARABAD,KODANGAL,Tekalkode,3251676.099077552,3738610.004758847
VIKARABAD,BOMMARASPET,Namdarpur,3252601.1612940035,3762169.480477048
VIKARABAD,BOMMARASPET,Lingampalle,3253110.2178430725,3758074.7696621707
VIKARABAD,BOMMARASPET,Chowdarpalle,3252983.7639007317,3760398.6547330776
VIKARABAD,KODANGAL,Nagaram,3256772.410296052,3740817.012790483
VIKARABAD,BOMMARASPET,Yenkepalle,3257270.6990750954,3751543.5981268273
VIKARABAD,BOMMARASPET,Kothur,3256967.3856240967,3757792.8055133475
VIKARABAD,KODANGAL,Rudraram,3256116.563367281,3737387.190686448
VIKARABAD,BOMMARASPET,Metlakunta,3257534.5178205413,3764627.268476134
VIKARABAD,BOMMARASPET,Bomraspeta,3259773.0259664487,3760362.9106865693
VIKARABAD,PUDUR,Kankal,3260770.597477172,3789839.5722045884
VIKARABAD,YALAL,Hajipur,3261826.266145476,3751755.7067013583
VIKARABAD,PARGI,Ibrahimpur,3261276.8852908458,3767383.0195725933
VIKARABAD,PUDUR,Kandlapalle,3272424.2905066875,3791991.3468159284
VIKARABAD,YALAL,Annasagar,3266037.3909198884,3758677.252912233
VIKARABAD,TANDUR,Eershetpalle,3266482.179972413,3742683.282159332
VIKARABAD,DHARUR,Allipur,3275979.157895766,3770216.4758860897
VIKARABAD,DHARUR,Dharmapur,3280268.57097335,3769412.2246913426
VIKARABAD,PEDDEMUL,Gopalpur,3279995.281516413,3753620.647984527
VIKARABAD,DHARUR,Kummar Palle,3268785.5575241325,3766280.9578669737
VIKARABAD,TANDUR,Khanjapur (UI),3268514.50858714,3751941.641416275
VIKARABAD,BASHEERABAD,Kyadgira,3267995.236269478,3730794.922328856
VIKARABAD,MARPALLE,Ghanpur,3307521.07583513,3767841.128568263
VIKARABAD,DOMA,Kondaipalle,3247725.1430862998,3765318.057958592
VIKARABAD,DHARUR,Haridaspalle,3273208.8036284237,3769221.866847031
VIKARABAD,PEDDEMUL,Kandanelli,3272375.1491255104,3750923.3140861383
VIKARABAD,PEDDEMUL,Rukmapur,3271886.6305692745,3754071.9565780084
VIKARABAD,PUDUR,Bakapur,3270874.830843181,3790788.184876107
VIKARABAD,PUDUR,Quthbullapur,3266727.930870117,3790796.3558009053
VIKARABAD,DHARUR,Nagaram,3267363.155730957,3767360.1828500517
VIKARABAD,MOMINPET,Mekavanampalle,3301528.7160425754,3781886.9197906535
VIKARABAD,MARPALLE,Narsapur,3302219.0099530034,3772696.8247833443
VIKARABAD,MOMINPET,Amradikalan,3301722.8457276826,3779299.475981668
VIKARABAD,PUDUR,Gangupalle,3270052.389647184,3785819.501358293
VIKARABAD,KULKACHERLA,Ananthasagar,3233417.1105938535,3779021.5893896925
VIKARABAD,CHOWDAPUR,Makta Venkatapur,3235525.8836428467,3784402.2391708475
VIKARABAD,KULKACHERLA,Puttapahad,3235645.465921164,3774410.6692600776
VIKARABAD,KULKACHERLA,Antharam,3237368.1929769083,3774892.584552177
VIKARABAD,CHOWDAPUR,Veerapur,3237007.636388485,3788538.430201714
VIKARABAD,CHOWDAPUR,Mandipal,3237591.0028018416,3785434.999335933
VIKARABAD,KULKACHERLA,Kusumasamudram,3236935.142249681,3780298.4616672453
VIKARABAD,KULKACHERLA,Ippaipalle,3239126.975214204,3777864.578099228
VIKARABAD,CHOWDAPUR,Chowdapur,3239529.1551168724,3786475.2166675488
VIKARABAD,KULKACHERLA,Mujahidpur,3246204.3007144,3779919.110944485
VIKARABAD,DOMA,Khammam Nacharam,3248580.542132517,3774546.598524831
VIKARABAD,DOMA,Mothkur,3246992.392155127,3775418.0914525567
VIKARABAD,KULKACHERLA,Ghanapur,3239698.7217685296,3772353.406238907
VIKARABAD,KULKACHERLA,Salveed,3240223.8803256056,3771249.4465276874
VIKARABAD,CHOWDAPUR,Vittalapur,3240219.6210806835,3784274.997864538
VIKARABAD,DOMA,Gumdal,3241087.5936430697,3766313.2418849566
VIKARABAD,KULKACHERLA,Bomreddipalle,3241523.703064947,3773733.2356927516
VIKARABAD,KULKACHERLA,Chellapur,3240803.099489953,3769888.330422533
VIKARABAD,KULKACHERLA,Tirumalapur,3241180.528462358,3779992.3100879476
VIKARABAD,CHOWDAPUR,Adavi Venkatapur,3242045.1736532697,3782508.191987242
VIKARABAD,DOMA,Dadapur,3242906.552371843,3768433.978561071
VIKARABAD,KULKACHERLA,Kulkacharla,3241134.6289894837,3775858.5409174818
VIKARABAD,CHOWDAPUR,Lingampally,3244219.601254152,3781528.0958802025
VIKARABAD,KULKACHERLA,Bandayelkacherla,3243669.7909055618,3772654.053475744
VIKARABAD,KULKACHERLA,Peerampalle,3245023.2018115167,3777061.422245961
VIKARABAD,DOMA,Mallepalle,3245424.4552637567,3768314.5480991416
VIKARABAD,DOMA,Batla Chandraram,3246410.931605457,3766869.170561098
VIKARABAD,DOMA,Palepalle,3248255.7589737265,3772047.320253513
VIKARABAD,DOMA,Ainapur,3246865.4894945575,3770540.5274521154
VIKARABAD,PARGI,Heerapur,3248997.56991067,3783430.4323583846
VIKARABAD,KULKACHERLA,Allapur,3249760.2260698453,3780601.8332756273
VIKARABAD,DOMA,Linganpalle,3250388.9387815855,3771652.761348172
VIKARABAD,DOMA,Doma,3250141.93028124,3773730.729114643
VIKARABAD,DOMA,Dirsampalle,3250001.695088671,3769150.4670333555
VIKARABAD,DOMA,Dornalpalle,3249702.6113277264,3776917.96623076
VIKARABAD,DOMA,Ganjipalle,3250645.7903852696,3766064.0640772376
VIKARABAD,DOMA,Rakonda,3251945.6553108376,3771820.3685413715
VIKARABAD,PARGI,Syedpalle,3251124.813114575,3782954.8727495605
VIKARABAD,DOMA,Gudur,3251505.0825694473,3778769.043905237
VIKARABAD,PARGI,Ravalpalle,3252152.3353430964,3780982.4460372743
VIKARABAD,PARGI,Tondapalle,3251963.3640081696,3787630.8124163407
VIKARABAD,DOMA,Brahmanpalle,3252175.2695849235,3768383.2828201195
VIKARABAD,DOMA,Bompalle,3252286.9795570727,3775552.5799843334
VIKARABAD,DOMA,Sivareddipalle,3252654.3012071857,3777396.782183544
VIKARABAD,PARGI,Jafferpalle,3253358.9435635568,3779703.783993598
VIKARABAD,PARGI,Chityal,3252407.2674677866,3785268.8585592485
VIKARABAD,DOMA,Pothreddypalle,3253520.2488645823,3771512.7516461546
VIKARABAD,DOMA,Kishtapur,3253944.2073938693,3769114.816128899
VIKARABAD,KOTEPALLY,Rampur,3284563.5713036265,3765645.589777954
VIKARABAD,KOTEPALLY,Jinnaram,3284324.353402737,3768317.5879260944
VIKARABAD,VIKARABAD,Yerravally,3285029.0123107005,3776815.8137792307
VIKARABAD,YALAL,Yelal,3264223.037711626,3752458.909050124
VIKARABAD,MARPALLE,Mallikarjungiri,3305306.6263946,3776445.9817277067
VIKARABAD,MARPALLE,Patloor,3303770.978813718,3768866.3606056757
VIKARABAD,BANTWARAM,Rompalle,3285484.999204579,3756326.3753346694
VIKARABAD,KOTEPALLY,Nagsanpally,3286399.5115575395,3772031.977555289
VIKARABAD,DOMA,Budlapur,3254295.270210247,3766720.9740888956
VIKARABAD,DOMA,Ootpalle,3253921.349265653,3773877.3952244488
VIKARABAD,BASHEERABAD,Jalalpur,3254070.452008901,3734663.256213148
VIKARABAD,PARGI,Khudavanpur,3254070.389586537,3781919.626755988
VIKARABAD,PARGI,Raghavapur,3254880.1129512093,3779596.957100811
VIKARABAD,BASHEERABAD,Ismailpur,3254466.889757194,3732264.4704992496
VIKARABAD,PARGI,Narayanpur,3254857.8433865085,3776925.8773861383
VIKARABAD,BASHEERABAD,Neelapalle,3254529.605581787,3733798.7349982606
VIKARABAD,PARGI,Yabajiguda,3254385.6796428114,3787556.6024669996
VIKARABAD,PARGI,Rapole,3254756.5700128805,3783812.2275932585
VIKARABAD,PARGI,Sulthanpur,3256761.314919152,3774862.382785234
VIKARABAD,PARGI,Kadlapur,3256741.3854361568,3780992.3923712587
VIKARABAD,BASHEERABAD,Marpalle,3258000.1170383324,3733884.5359693966
VIKARABAD,PARGI,Govindapur,3259741.864176219,3772159.8633510955
VIKARABAD,BASHEERABAD,Koppankote,3259860.670492435,3740260.1295061097
VIKARABAD,YALAL,Kishtapur,3260155.7923101196,3751837.0623460473
VIKARABAD,MOMINPET,Durgamcheru,3289409.825140731,3776029.2678774213
VIKARABAD,MOMINPET,Tekulapalle,3296937.2943386165,3785205.868691383
VIKARABAD,MOMINPET,Kaslabad,3297909.28122807,3781696.3662131634
VIKARABAD,MOMINPET,Mominpet,3296326.1011602674,3779381.6991116684
VIKARABAD,BASHEERABAD,Kamsanpalle Buzurg,3256867.5553781926,3726025.249706118
VIKARABAD,YALAL,Raghapur,3266070.7115759784,3753441.8341866983
VIKARABAD,BASHEERABAD,Navandgi,3265179.7503056508,3728524.542158065
VIKARABAD,BASHEERABAD,Korviched,3265528.885002045,3731776.6501732455
VIKARABAD,PARGI,Barkatpalle,3263352.207877273,3773930.7884831456
VIKARABAD,TANDUR,Kotbaspalle,3277944.5022491296,3739742.072902287
VIKARABAD,DHARUR,Kacharam,3278103.0538981655,3771069.3832554272
VIKARABAD,DHARUR,Kondapur Khurd,3278430.4965934507,3769240.565757812
VIKARABAD,TANDUR,Jodandapur,3281909.479049735,3743291.9030758133
VIKARABAD,BANTWARAM,Sultanpur,3287354.9197903345,3762212.5698766904
VIKARABAD,BANTWARAM,Salbathapur,3283321.2953283745,3759183.2077780208
VIKARABAD,BANTWARAM,Madhvapur,3283240.6388066886,3760450.13690762
VIKARABAD,PEDDEMUL,Rudraram,3281373.449551996,3752021.5635489933
VIKARABAD,BANTWARAM,Mangraspalle,3283507.678407039,3756817.0591835263
VIKARABAD,BASHEERABAD,Mailwar,3255878.9849599893,3729123.9584682398
VIKARABAD,PARGI,Gadsingapur,3256136.5445763366,3768043.9800100857
VIKARABAD,PARGI,Sondepur,3256988.34718374,3772691.593010886
VIKARABAD,PARGI,Rangampalle,3256158.445718816,3770856.6117441715
VIKARABAD,PUDUR,Ghatpalle,3256693.2873355555,3785767.2813567915
VIKARABAD,PUDUR,Chintalapalle,3258548.218143344,3791672.905237412
VIKARABAD,BASHEERABAD,Kothlapur Buzurg,3258195.1940387343,3730198.4662078414
VIKARABAD,PARGI,Roopkhanpet,3258546.1163845276,3773379.520116133
VIKARABAD,PEDDEMUL,Kondapur,3272588.1736670723,3758584.666161838
VIKARABAD,DHARUR,Kondapur Kalan,3273053.804484348,3773760.449359701
VIKARABAD,KOTEPALLY,Berole,3284452.433013198,3771642.1009004368
VIKARABAD,NAWABPET,Chittigidda,3285485.7678230866,3784560.849638013
VIKARABAD,KOTEPALLY,Yenneram,3286428.781462332,3764441.106703282
VIKARABAD,PEDDEMUL,Nagulpalle,3284047.4117006203,3753614.8273198237
VIKARABAD,MOMINPET,Amradikhurd,3301727.9206518154,3777516.1400173646
VIKARABAD,MARPALLE,Ramapur,3302564.867132636,3766047.687826649
VIKARABAD,MARPALLE,Gundlamarpalle,3302745.6244798684,3775425.20942158
VIKARABAD,MARPALLE,Bilkal,3306078.5353937657,3775322.382283635
VIKARABAD,MARPALLE,Mogiligundla,3307557.751637736,3770730.7341585443
VIKARABAD,MARPALLE,Jamshedapur,3307930.686299547,3765097.4244135628
VIKARABAD,PUDUR,Manneguda (Paigah),3272787.880958703,3787397.7276383485
VIKARABAD,TANDUR,Chengole,3273384.275005164,3745619.265097125
VIKARABAD,DHARUR,Bacharam,3272102.0652591106,3771077.0439981916
VIKARABAD,DHARUR,Kerelly,3273537.073403059,3772643.5704187867
VIKARABAD,BASHEERABAD,Parwathpalle,3258104.453965899,3732227.900806941
VIKARABAD,YALAL,Thimmaipalle,3258286.463067953,3748249.7546544424
VIKARABAD,PUDUR,Pudgurthy,3259557.60631337,3792765.3926041736
VIKARABAD,YALAL,Mukundapur,3260013.895240649,3750510.2854733495
VIKARABAD,YALAL,Doulapur,3259836.9152487637,3747057.4301948384
VIKARABAD,YALAL,Juntpalle,3258037.3895135648,3744197.5398456817
VIKARABAD,YALAL,Girijapur,3260654.8885340174,3747921.90190944
VIKARABAD,PARGI,Chigralpalle,3260620.767253278,3773731.868844164
VIKARABAD,BASHEERABAD,Bahadurpur,3260551.117220033,3738818.465497843
VIKARABAD,PARGI,Madharam,3259832.760735281,3783427.97403598
VIKARABAD,YALAL,Payarkampalle,3260640.03636809,3741955.5027380823
VIKARABAD,BASHEERABAD,Gotiga Kalan,3261147.417446697,3737258.413844394
VIKARABAD,YALAL,Muddaipet,3261322.888191459,3761807.7790924343
VIKARABAD,PARGI,Parigi (M),3259001.9861031985,3777030.5185056985
VIKARABAD,YALAL,Devanoor,3261176.3343051053,3756702.885199991
VIKARABAD,PARGI,Mittakodur,3260328.0906723877,3770134.480436749
VIKARABAD,YALAL,Gorepalle,3261308.805802208,3754447.7319243615
VIKARABAD,YALAL,Chennaram,3261292.3420638717,3746105.9921077513
VIKARABAD,BASHEERABAD,Damerched,3260956.2169152554,3731099.557180805
VIKARABAD,BASHEERABAD,Jeevangi,3268086.8438241966,3733395.2289762273
VIKARABAD,BASHEERABAD,Navalga,3263181.888549825,3734700.505058333
VIKARABAD,PEDDEMUL,Rampur,3284618.8320232667,3747460.8408108414
VIKARABAD,PARGI,Shakapur,3261133.837369453,3778327.3341605957
VIKARABAD,PARGI,Nazeerabad,3259961.4662868874,3779645.9637032137
VIKARABAD,PARGI,Rangapur,3261605.9677680787,3781432.9682837655
VIKARABAD,PARGI,Lakhanapur,3262117.570743253,3772172.467748307
VIKARABAD,YALAL,Amberpet,3262938.494539828,3749111.7708082753
VIKARABAD,YALAL,Yenkapalle,3262688.763064322,3742357.3229976096
VIKARABAD,BASHEERABAD,Khasimpur,3262249.9928056397,3740266.022817233
VIKARABAD,YALAL,Jakkepalle,3261792.9041522043,3749675.142702604
VIKARABAD,PARGI,Rukumpalle,3261901.2232699026,3775340.425763327
VIKARABAD,BASHEERABAD,Malkangiri,3263198.646921101,3739101.658960655
VIKARABAD,BASHEERABAD,Manthangoud,3262519.616768007,3728113.8195919576
VIKARABAD,YALAL,Lakshminarayanapur,3262786.3117343364,3747073.7334216256
VIKARABAD,BASHEERABAD,Allapur (Basheerabad),3263467.1522366726,3730792.0409626462
VIKARABAD,PUDUR,Mittakankal,3263404.31967431,3794448.8151458437
VIKARABAD,PUDUR,Kodmoor,3262259.449930746,3793173.9906897005
VIKARABAD,YALAL,Nagasamudar,3263445.9433428906,3756751.4998897696
VIKARABAD,YALAL,Bennur,3263341.842611973,3748314.5523725497
VIKARABAD,YALAL,Viswanathpur,3263477.3318162886,3754268.709066884
VIKARABAD,BASHEERABAD,Masanpalle (M),3263765.8962591933,3732782.7968476578
VIKARABAD,YALAL,Bhagaipalle,3264108.79868376,3758054.260270202
VIKARABAD,BASHEERABAD,Gotiga Khurd,3263516.499722546,3737297.70302575
VIKARABAD,YALAL,Achuthapur,3263782.1164702303,3761202.876015637
VIKARABAD,NAWABPET,Madaram,3288571.331040139,3781389.728483493
VIKARABAD,BANTWARAM,Noorullapur,3288704.2464374015,3761049.2593876445
VIKARABAD,KOTEPALLY,Mothkupally,3288300.2715946008,3771935.346059192
VIKARABAD,NAWABPET,Vattiminapalle,3288333.57265208,3788348.0243304768
VIKARABAD,BANTWARAM,Bantwaram,3288263.207609892,3758577.868300494
VIKARABAD,PEDDEMUL,Tattapalle,3287335.530414767,3749797.9980817945
VIKARABAD,NAWABPET,Madireddipalle,3289261.8772722045,3790455.16919025
VIKARABAD,BASHEERABAD,Kamsanpalle Maqta,3264736.854118395,3737330.6791001256
VIKARABAD,PUDUR,Peddaumanthal,3263517.4794519837,3787669.849194758
VIKARABAD,DHARUR,Rajapur,3263984.9895106815,3769210.2104988596
RANGA REDDY,SHABAD,Tirumalapur,3264204.8508081194,3795949.82645723
VIKARABAD,YALAL,Pagdial,3264282.2900869204,3759788.3144493885
VIKARABAD,DHARUR,Mominkalan,3264214.1231602877,3771861.992392953
VIKARABAD,PUDUR,Medipalle Kalan,3264129.11118646,3790156.5153210233
VIKARABAD,YALAL,Mazrasangam,3264730.4745197035,3750753.875455752
VIKARABAD,TANDUR,Gonur,3264622.4967093864,3742090.723840133
VIKARABAD,YALAL,Agnoor,3263786.5588164753,3744752.0445682784
VIKARABAD,PUDUR,Rakamcherla,3265559.4303272828,3786458.4743076055
VIKARABAD,PUDUR,Medikonda,3265119.0321100843,3791202.618161953
VIKARABAD,DHARUR,Mominkhurd,3265790.4014863446,3768609.904110677
VIKARABAD,BASHEERABAD,Gangwar,3266209.1002446054,3730004.3757605143
VIKARABAD,VIKARABAD,Dyacharam,3266487.8444845825,3773321.6152238334
VIKARABAD,PEDDEMUL,Buddaram,3276235.7298844815,3753116.7841235753
VIKARABAD,VIKARABAD,Burhanpalle,3276360.108673626,3785604.4472284494
VIKARABAD,BANTWARAM,Yacharam,3290747.035024107,3762589.4203009927
VIKARABAD,DHARUR,Ousapalle,3276266.095030869,3768171.322296123
VIKARABAD,VIKARABAD,Sidloor (Chenchelam),3276376.102286025,3789695.24193404
VIKARABAD,PEDDEMUL,Jangaon,3276279.8405726794,3756547.7842372726
VIKARABAD,PEDDEMUL,Girmapur,3277241.220713446,3747241.7775499667
VIKARABAD,PEDDEMUL,Hanmapur,3277186.0454361313,3750732.2175296876
VIKARABAD,DHARUR,Somaram,3277397.8357270327,3773501.797677536
VIKARABAD,BASHEERABAD,Reddighanapur,3265600.7140552653,3738437.7270978675
VIKARABAD,TANDUR,Konapur,3267438.826175692,3743555.1718099206
VIKARABAD,TANDUR,Narayanpur,3266616.0127962125,3740864.369889631
VIKARABAD,YALAL,Kamalapur,3266544.466090781,3756446.154673923
VIKARABAD,DHARUR,Antharam,3267005.9520712765,3771193.619280245
VIKARABAD,VIKARABAD,Ralla Chittampalle,3279933.398236887,3773157.7380634183
VIKARABAD,VIKARABAD,Kamareddiguda,3279593.1439809445,3783912.6806603936
VIKARABAD,VIKARABAD,Pathur,3279715.922625669,3785339.5344394236
VIKARABAD,PEDDEMUL,Indur,3279449.884795864,3748182.7251797686
VIKARABAD,DHARUR,Nagasamunder,3279650.674460514,3761148.960168398
VIKARABAD,MOMINPET,Devarampalle,3291680.598993776,3787636.741653006
VIKARABAD,BANTWARAM,Turmamidi,3290352.0871846196,3755255.8852831977
VIKARABAD,MOMINPET,Velchal,3291667.553620714,3777331.109660263
VIKARABAD,MARPALLE,Thimmapur,3292143.7324012164,3768510.5173028703
VIKARABAD,MARPALLE,Peddapur,3292491.09882455,3764147.6178493113
VIKARABAD,MARPALLE,Ravalpalle,3292009.8307730407,3766506.757496578
VIKARABAD,MARPALLE,Kalkoda,3291741.3774432326,3759691.500174414
VIKARABAD,MOMINPET,Govindapur,3293447.043600397,3780164.3874999546
VIKARABAD,MARPALLE,Pilligundla,3303688.4196269,3776475.5436072894
VIKARABAD,MARPALLE,Thummalapalle,3304339.4684102205,3773238.083920588
VIKARABAD,TANDUR,Bijwar,3267583.7605564753,3755093.1134078344
VIKARABAD,YALAL,Rasnam,3266965.767164838,3762027.1474599848
VIKARABAD,VIKARABAD,Gottimukla,3267658.0738388337,3775902.169126262
VIKARABAD,PUDUR,Thimmapur,3267915.507744948,3790006.099076431
VIKARABAD,PUDUR,Regadimamidipalle,3266323.303113251,3794706.6271468056
VIKARABAD,BASHEERABAD,Manthatti,3268177.016636614,3737093.7559314924
VIKARABAD,PUDUR,Changomul,3267868.1811977946,3792910.8662275365
VIKARABAD,TANDUR,Malkapur (CT),3277259.9179189075,3737169.6468382496
VIKARABAD,PEDDEMUL,Marepally,3277692.4347397885,3758221.0943528237
VIKARABAD,TANDUR,Shankarreddipalle,3278794.2466471298,3744646.3387082205
VIKARABAD,TANDUR,Kothlapur Khurd,3279099.7107151235,3738119.01781141
VIKARABAD,BANTWARAM,Somaram .M,3289905.5167658366,3764565.9052599375
VIKARABAD,DHARUR,Dornal,3270072.714337797,3764431.130899856
VIKARABAD,DHARUR,Gurudotla,3265553.303747666,3764484.233081185
VIKARABAD,MARPALLE,Marpalle Kalan,3298598.9047818375,3766341.1528599607
VIKARABAD,MARPALLE,Allapur,3301167.275446625,3768575.33671659
VIKARABAD,MARPALLE,Panchalingal,3300806.927329882,3771294.4793337793
VIKARABAD,MOMINPET,Kolkonda,3300686.096866248,3775136.8287361395
VIKARABAD,MARPALLE,Komshetpalle,3307350.979557675,3772940.2694394826
VIKARABAD,PUDUR,Manchanpalle,3258716.098094206,3785275.2722474034
VIKARABAD,VIKARABAD,Surpanpalle,3269914.909971061,3775932.6883013817
VIKARABAD,VIKARABAD,Godamguda,3271442.321176257,3776021.9467867124
VIKARABAD,TANDUR,Tandur (M),3268418.1600215742,3746127.6501044496
VIKARABAD,TANDUR,Bonkoor,3269081.652872336,3754116.404052907
VIKARABAD,DHARUR,Mailaram,3269560.6518687275,3768312.7089010207
VIKARABAD,YALAL,Adhalipur,3269567.9577136906,3757263.225959472
VIKARABAD,YALAL,Banapur,3268471.2997072604,3759064.266370513
VIKARABAD,PUDUR,Pothireddiguda,3270205.472502929,3792775.9101332612
VIKARABAD,DHARUR,Tharigopul,3269421.771064841,3770941.593144683
VIKARABAD,PUDUR,Kothapalle,3269141.1120955897,3789687.4245322263
VIKARABAD,DHARUR,Nagsanpalle,3269168.4420353905,3773069.415473519
VIKARABAD,TANDUR,Chengeshpur,3269290.7635347415,3742600.515422004
VIKARABAD,PUDUR,Pudur,3269270.6960962266,3786757.3023520126
VIKARABAD,PUDUR,Cheelapur,3269705.449326365,3788674.016056231
VIKARABAD,TANDUR,Elmakanna,3269832.266554152,3740888.2125569573
VIKARABAD,YALAL,Kokat (Part),3267822.5414317786,3749892.9118925156
VIKARABAD,TANDUR,Chittighanapur,3270264.7700306876,3738243.864015127
VIKARABAD,DHARUR,Chintakunta,3271197.082314241,3768053.1674392596
VIKARABAD,VIKARABAD,Zaidupalle,3271290.9356905906,3774138.892533506
VIKARABAD,TANDUR,Gopanpalle,3271850.4391055987,3742046.0116082244
VIKARABAD,TANDUR,Goutapur,3271764.7841752097,3744112.1079797996
VIKARABAD,PUDUR,Angadichittampalle,3271320.917357306,3793735.001220924
VIKARABAD,PEDDEMUL,Regondi,3271525.401831736,3756781.659909503
VIKARABAD,TANDUR,Antaram Buzurg (Part),3272142.860875416,3746966.402669487
VIKARABAD,PEDDEMUL,Madananthapur,3271915.747540562,3759799.9451071294
VIKARABAD,TANDUR,Belkatur,3272207.560407923,3738982.4129111543
VIKARABAD,DHARUR,Rampur,3273057.2935504057,3761188.961752286
VIKARABAD,PUDUR,Mirzapur,3273702.9106464377,3790145.137459714
VIKARABAD,TANDUR,Chandravancha,3271110.5021631434,3735821.106800498
VIKARABAD,TANDUR,Veeredpalle,3273935.2319111144,3739750.4747819155
VIKARABAD,PEDDEMUL,Mambapur,3273806.686822684,3755336.257335483
VIKARABAD,PEDDEMUL,Mansanpalle,3274769.4328799658,3759673.2535631456
VIKARABAD,PUDUR,Yenkepalle,3274690.1762784133,3787128.968028291
VIKARABAD,TANDUR,Ogipur,3273948.459508531,3732732.529372486
VIKARABAD,PEDDEMUL,Duggapur,3274790.686965694,3757815.6171134375
VIKARABAD,PEDDEMUL,Gazipur,3275178.53931266,3750705.430379676
VIKARABAD,NAWABPET,Gangeda,3283770.137913911,3794048.894502423
VIKARABAD,DHARUR,Dharur,3273859.311272618,3767335.278341671
VIKARABAD,DHARUR,Ebbanoor,3275304.476021569,3772379.0656977724
VIKARABAD,DHARUR,Ghattepalle,3274660.7427377906,3763142.21087118
VIKARABAD,PEDDEMUL,Gotlapalle,3275167.7298866464,3747919.7619354143
VIKARABAD,TANDUR,Karankote (CT),3273973.356409641,3734742.223992446
VIKARABAD,PEDDEMUL,Khanapur,3275894.697421941,3754612.4820379694
VIKARABAD,DHARUR,Rudraram,3273889.4947306304,3764796.8072783197
VIKARABAD,TANDUR,Chintamanipatam,3275318.6582652577,3745690.8202447575
VIKARABAD,PARGI,Basireddipalle,3262608.08930653,3782316.596365908
VIKARABAD,VIKARABAD,Vikarabad (M),3275087.8998814733,3779661.4133915603
VIKARABAD,DHARUR,Allapur,3276975.3998788367,3760708.12609615
VIKARABAD,DHARUR,Gaddamidi Gangaram,3278859.085177931,3766081.1558204438
VIKARABAD,PEDDEMUL,Peddemul,3278510.7080080993,3755013.807190025
VIKARABAD,VIKARABAD,Pulusumamidi,3279166.8673918503,3786920.169411471
VIKARABAD,TANDUR,Gingurthy,3279298.1869202293,3741913.0949745975
VIKARABAD,VIKARABAD,Sidloor Munagal,3279738.0201230096,3789669.0900788023
VIKARABAD,DHARUR,Narsapur,3280197.5417005965,3765917.214050558
VIKARABAD,PEDDEMUL,Thimsanpalle,3280432.197536783,3754704.1889688615
VIKARABAD,VIKARABAD,Narayanapur,3281217.630449382,3780541.6420328612
VIKARABAD,VIKARABAD,Peelaram,3281456.6498018727,3771435.7428009943
VIKARABAD,KOTEPALLY,Ogilapur,3281085.613026239,3758555.2690339154
VIKARABAD,KOTEPALLY,Malshetpally,3281725.888525658,3767648.9972451427
VIKARABAD,NAWABPET,Attapur,3281984.7317548683,3788493.8632755727
VIKARABAD,KOTEPALLY,Indole,3281405.813776411,3756731.8197399094
VIKARABAD,NAWABPET,Chinchelpet,3282125.4135230156,3786233.3151836367
VIKARABAD,VIKARABAD,Mailardevarampally,3282727.092912244,3770684.7931081094
VIKARABAD,KOTEPALLY,Kotepally,3282340.614377144,3764061.9333127895
VIKARABAD,KOTEPALLY,Kankanalapally,3282653.021535192,3766283.359293206
VIKARABAD,NAWABPET,Aknapur,3282376.7739664824,3790096.9061689395
VIKARABAD,VIKARABAD,Athvelly,3282555.3205238287,3778006.182587927
VIKARABAD,NAWABPET,Ekmamidi,3284460.5400180668,3780457.716345406
VIKARABAD,PEDDEMUL,Athkur,3282049.2674461612,3749782.273886876
VIKARABAD,PARGI,Naskal,3264403.5124522024,3777157.192048691
VIKARABAD,NAWABPET,Poolapalle,3281502.7543228427,3792186.1463477015
VIKARABAD,VIKARABAD,Madanpally,3283144.746422659,3774844.6813747184
VIKARABAD,KOTEPALLY,Kothapally,3285471.866198715,3762290.7439455525
VIKARABAD,KOTEPALLY,Kareempur,3285918.0142938215,3768915.3393193097
VIKARABAD,PUDUR,Kervelli,3263040.041486259,3784743.8740631524
VIKARABAD,BANTWARAM,Pommapur (UI),3285087.323092413,3759880.062150555
VIKARABAD,NAWABPET,Gubbad Fathepur,3285544.380069205,3796902.2713999082
VIKARABAD,KOTEPALLY,Yenkepally,3286123.492298949,3766069.2471918236
VIKARABAD,NAWABPET,Lingampalle,3286058.606055959,3791977.2423674488
VIKARABAD,YALAL,Tandur (M),3265570.502532462,3747239.2769453498
VIKARABAD,BASHEERABAD,Shapur Maqta,3265928.513056475,3736039.3070879574
VIKARABAD,VIKARABAD,Madharam,3268595.7064736728,3774010.383052557
VIKARABAD,YALAL,Gangasagar,3269791.8170032306,3761253.2185870535
VIKARABAD,DHARUR,Burrugadda,3277688.4861969724,3764315.222843919
VIKARABAD,KOTEPALLY,Heerapur,3281898.3288570526,3761437.138457566
VIKARABAD,PEDDEMUL,Bairampalle,3282626.1929430356,3747510.575075103
VIKARABAD,KOTEPALLY,Dariyapur,3283343.252616437,3762155.3138479455
VIKARABAD,NAWABPET,Pulumamidi,3285237.8385456903,3789629.4475023285
VIKARABAD,NAWABPET,Dathapur,3286794.5035888525,3787796.01632691
VIKARABAD,PEDDEMUL,Pashapur,3285410.8923452343,3744798.10214306
VIKARABAD,NAWABPET,Nawabpet,3286993.3220746503,3786034.3260003664
VIKARABAD,PEDDEMUL,Adkicherla,3285875.7613843414,3743053.537662518
VIKARABAD,VIKARABAD,Phulmaddi,3287203.665797762,3777128.940925325
VIKARABAD,BANTWARAM,Nagaram,3286989.274760311,3756959.1561718322
VIKARABAD,NAWABPET,Mubarakpur,3287817.567674339,3796814.7247555084
VIKARABAD,NAWABPET,Kojjavanampalle,3289726.8590772487,3779042.6272735535
VIKARABAD,KOTEPALLY,Barwad,3289158.010699547,3768469.285486562
VIKARABAD,NAWABPET,Yellakonda,3287772.5552032795,3794064.569113316
VIKARABAD,NAWABPET,Yavapur,3289750.3329097074,3786784.039553798
VIKARABAD,NAWABPET,Arkathala,3289847.0906127873,3785044.5125623327
VIKARABAD,NAWABPET,Kadcharla,3290585.2627896415,3780604.499148656
VIKARABAD,NAWABPET,Meenapallekalan,3289994.289636696,3782863.222635593
VIKARABAD,MOMINPET,Cheemaldari,3291079.0064988653,3790373.894033915
VIKARABAD,MOMINPET,Ramnathgudpalle,3291734.0039508897,3780276.9043079684
VIKARABAD,MOMINPET,Morangapalle,3293264.327507477,3776582.710699439
VIKARABAD,MOMINPET,Chakrampalle,3293349.085488156,3789710.540709066
VIKARABAD,MOMINPET,Yenkathala,3293536.358281086,3784400.3061705464
VIKARABAD,MARPALLE,Shapur,3294027.870181229,3761703.7211055984
VIKARABAD,MOMINPET,Yenkepalle,3294264.6718216552,3774898.0953147314
VIKARABAD,MOMINPET,Syedalipur,3294884.3327770424,3771298.847852693
VIKARABAD,MARPALLE,Kudgunta,3294450.833236207,3764943.6765943095
VIKARABAD,MARPALLE,Kotmarpalle,3294968.6184374834,3768455.5869445
VIKARABAD,MARPALLE,Damasthapur,3296024.7226925115,3759441.2881823913
VIKARABAD,PUDUR,NASKAL RESERVED FOREST,3267187.3684229106,3781517.085117547
VIKARABAD,MOMINPET,Ravalapalle,3299058.83892925,3776731.5688769883
VIKARABAD,MARPALLE,Buchanpalle,3297348.6121594063,3762830.434408905
VIKARABAD,MARPALLE,Kothlapur,3298412.612120987,3769962.204769831
VIKARABAD,MOMINPET,Burugupalle,3299591.3421733426,3780299.816024518
VIKARABAD,MARPALLE,Sirpura,3297891.512856124,3773937.0374827427
VIKARABAD,MOMINPET,Rallagudpalle,3299619.6674908716,3783084.992018762
VIKARABAD,KOTEPALLY,Mannapur,3287858.459112779,3765576.0336929574
VIKARABAD,PEDDEMUL,Ramachandrapur,3286863.247927705,3741072.606397914
VIKARABAD,MARPALLE,Veerlapalle,3295579.798888513,3773305.6554009807
VIKARABAD,DUDYAL,Hakimpet,3244560.8530979413,3762537.968587891
VIKARABAD,DUDYAL,Polepalle,3244516.5145172034,3765036.6145067993
VIKARABAD,CHOWDAPUR,Mogillapally,3226711.8012244743,3785372.4859532677
VIKARABAD,CHOWDAPUR,Kanman kalva,3228929.896494926,3784885.044756746
VIKARABAD,CHOWDAPUR,Marikal,3231161.098756004,3788259.8553241156
VIKARABAD,CHOWDAPUR,Kothapally,3232215.4904666897,3783113.4394668783
VIKARABAD,CHOWDAPUR,Malkapur,3234330.416074129,3788764.3885741616
VIKARABAD,CHOWDAPUR,Purusampally,3234574.0461568558,3786064.8113166797
VIKARABAD,CHOWDAPUR,Chakalpally,3224925.91700468,3786574.0042140856
VIKARABAD,MARPALLE,Dargulpalle,3305344.0539224553,3771433.588646005
VIKARABAD,DOMA,Ananthareddipalle,3247779.1951422193,3768002.0667766114
VIKARABAD,DOMA,Bachpalle,3250731.443563141,3776291.4885116857
VIKARABAD,DOMA,Dongayankepalle,3249467.022595656,3778759.526128178
VIKARABAD,DOMA,Timmaipalle,3252110.3670189884,3773589.9369099652
VIKARABAD,DOMA,Badampalle,3249181.9602819495,3766110.724907587
VIKARABAD,PARGI,Malkaipet,3258043.155410568,3768110.8086541006
VIKARABAD,PARGI,Nagulapalle,3258492.422071973,3781614.92332706
VIKARABAD,PARGI,Ramreddipalle,3255562.80055218,3774825.454958617
VIKARABAD,PARGI,Syedmalkapur,3257053.590200728,3778975.196675074
VIKARABAD,VIKARABAD,Peerampalle,3276922.049284727,3787623.763814123
VIKARABAD,DHARUR,Ampalle,3267255.307646301,3764456.9549710364
VIKARABAD,DUDYAL,Nazkanpalle,3251783.3097744193,3753366.4816453564
VIKARABAD,DOULTHBAD,Chandrakal,3243773.4885087283,3737840.3936815616
VIKARABAD,VIKARABAD,Machanpally,3273860.5131518734,3779732.8448802796
VIKARABAD,VIKARABAD,Pendlimadgu,3282260.3065064577,3783302.546398548
VIKARABAD,DHARUR,Kukinda,3277536.538633259,3767828.091937853
VIKARABAD,BASHEERABAD,Manthlapur,3260699.7562693995,3735626.7656081896
VIKARABAD,MOMINPET,Izrachettempalle,3292295.807566901,3770848.8521986282
VIKARABAD,MOMINPET,Kesaram,3291224.7470520902,3773397.2744192886
VIKARABAD,PARGI,Babapur,3259335.6708390913,3774733.877300222
VIKARABAD,PARGI,Annaram,3263282.361604493,3775349.221750665
VIKARABAD,VIKARABAD,Ainapur,3265332.7905259295,3773677.741611464
VIKARABAD,VIKARABAD,Sidloor Paigah,3278251.343350072,3791135.1776403794
VIKARABAD,PUDUR,Manneguda (Sarecas),3272378.3442193945,3789329.7707866603
VIKARABAD,PUDUR,Turkayenkepalle,3255194.55185125,3789272.9719575606
VIKARABAD,PUDUR,Thippapur,3267111.0340446695,3787276.6538994694
VIKARABAD,TANDUR,Rampur,3273304.317890775,3741240.5335181355
VIKARABAD,TANDUR,Guntabachpalle,3274104.6615049746,3736949.8865568102
VIKARABAD,TANDUR,Inole,3276481.0123905004,3740567.4327015304
VIKARABAD,TANDUR,Mittabachpalle,3274945.726527674,3738790.6888090475
VIKARABAD,TANDUR,Allapur.S.,3273403.55579847,3743302.075438052
VIKARABAD,TANDUR,Parwathapur,3275981.881013063,3743080.554796641
VIKARABAD,TANDUR,Machanoor,3264356.320566775,3740414.667910556
VIKARABAD,PUDUR,Sirgaipalle,3262289.6808109316,3785938.6070279856
VIKARABAD,PUDUR,Thirmalapur,3266326.470199534,3783371.8666050304
VIKARABAD,PUDUR,Somangurthy,3264045.1146593187,3782549.2619428365
VIKARABAD,TANDUR,Khanjampur,3276883.1744248657,3733368.3366152914
VIKARABAD,BANTWARAM,Bopanwaram,3291101.8963047503,3752054.390621831
VIKARABAD,TANDUR,Sangam Kalan,3279277.3272720263,3734311.8480801047
VIKARABAD,BASHEERABAD,Inderched,3265098.6284538396,3726358.8400285
VIKARABAD,BASHEERABAD,Ekmai,3259878.653277675,3725955.220932867
SANGAREDDY,KANGTI,Ghanpur,3375938.3945212574,3762354.7088560346
SANGAREDDY,VATPALLY,Gowtapoor,3333603.957140544,3780718.044705799
SANGAREDDY,RAIKODE,Hulgera,3333660.2690893305,3758330.0066112196
SANGAREDDY,ANDOLE,Serimallareddipally,3334533.9087916105,3791187.5978286895
SANGAREDDY,RAIKODE,Madhapur,3335790.6142381905,3767179.941377904
SANGAREDDY,NYALKAL,Chingepally,3335040.035731362,3755326.3190666856
SANGAREDDY,RAIKODE,Doultabad,3335930.5386797474,3769478.078381364
SANGAREDDY,ANDOLE,Chintakunta,3335573.7499071267,3797370.685832681
SANGAREDDY,NYALKAL,Mariampur,3337723.848672267,3755237.0551856225
SANGAREDDY,VATPALLY,Shahednagar @ Ghatpally,3338059.0117332824,3774452.946553149
SANGAREDDY,SADASIVPET,Suraram,3308138.807130544,3780579.884955627
SANGAREDDY,KANDI,Arutla,3308298.0714340955,3810271.4087267523
SANGAREDDY,GUMMADIDALA,Annaram (CT),3308087.2910612593,3829405.893941983
SANGAREDDY,MOGUDAMPALLY,Mannapur,3308888.011845905,3740156.779829345
SANGAREDDY,MOGUDAMPALLY,Gudpally,3308273.4361061184,3735304.6470560245
SANGAREDDY,NYALKAL,Tekur,3329766.9393076138,3758877.0786203695
SANGAREDDY,RAIKODE,Raipally [Patti Karchal],3329193.3549443563,3769836.4081156887
SANGAREDDY,JHARASANGAM,Kappad,3328192.784001235,3764333.877987318
SANGAREDDY,RAIKODE,Peapalpally,3334007.922559653,3768702.467744362
SANGAREDDY,VATPALLY,Marvelly,3333568.35103484,3784579.2333724448
SANGAREDDY,JHARASANGAM,Medapally,3320832.984158257,3760979.7176045016
SANGAREDDY,HATHNOORA,Panyal,3321111.294932756,3804008.625628996
SANGAREDDY,ANDOLE,Sangupet,3325076.188673127,3798324.4143219134
SANGAREDDY,MUNIPALLY,Chilapally,3325237.6333756167,3776367.544847631
SANGAREDDY,ANDOLE,Almaipet,3324454.089289024,3801042.468798191
SANGAREDDY,NYALKAL,Metalkunta,3325462.978208898,3744913.389143793
SANGAREDDY,JHARASANGAM,Gangapur,3329252.544174791,3760569.84128403
SANGAREDDY,NYALKAL,Hadnur,3328091.08344721,3751711.6439536335
SANGAREDDY,KONDAPUR,Mansanpally,3290120.38179536,3795969.797121739
SANGAREDDY,RAMACHANDRAPURAM,Tellapur (M),3289158.2510341713,3817164.740019867
SANGAREDDY,KONDAPUR,Munidevunipally,3292993.3886444033,3794351.9178908844
SANGAREDDY,KONDAPUR,Gadimalkapur,3293706.8918258008,3796453.523353791
SANGAREDDY,KANDI,Eddumailaram (CT),3293678.76560905,3804508.9931286494
SANGAREDDY,KANDI,Topgonda,3294949.0889374996,3799589.5045756064
SANGAREDDY,KONDAPUR,Chimaldari Konapur,3292617.8820544365,3792191.4507692265
SANGAREDDY,KONDAPUR,Gangaram,3294670.2550537228,3788180.9935015077
SANGAREDDY,RAMACHANDRAPURAM,Ramachandrapuram (Bhel) Township (CT),3294508.758669955,3821311.320576096
SANGAREDDY,PATANCHERU,Nandigaon,3294825.275810888,3811256.5583818946
SANGAREDDY,PATANCHERU,Patighanpur,3293637.3483216465,3815384.791241035
SANGAREDDY,PATANCHERU,Kardanur,3295728.43336634,3814403.85951958
SANGAREDDY,KONDAPUR,Gollapally,3295691.5023401915,3794936.4298533713
SANGAREDDY,KANDI,Julkal,3295726.0821153433,3801477.9177140463
SANGAREDDY,KONDAPUR,Gunthapally,3296664.7061490887,3797113.627466812
SANGAREDDY,KONDAPUR,Haridaspur,3296972.5789631577,3791240.0116485693
SANGAREDDY,KONDAPUR,Machepally,3297388.616842642,3788767.6777684414
SANGAREDDY,PATANCHERU,Pashamylaram,3297316.774523643,3809211.8837311114
SANGAREDDY,PATANCHERU,Muthangi (CT),3297751.6031827363,3813993.3500252734
SANGAREDDY,KANDI,Indrakaran,3296663.2285357253,3805577.02154286
SANGAREDDY,AMEENPUR,Ilapur,3298551.066277062,3823499.4171502995
SANGAREDDY,AMEENPUR,Patelguda,3298277.4286177554,3820789.5218960983
SANGAREDDY,KOHIR,Maniyarpally,3297975.718054697,3755235.043868335
SANGAREDDY,PATANCHERU,GHMC,3297529.5601916835,3817593.2038175496
SANGAREDDY,KONDAPUR,Terpole,3297924.923801786,3793467.988190741
SANGAREDDY,KONDAPUR,Saidapur,3298984.6382656605,3785732.320695253
SANGAREDDY,KANDI,Kalvemula,3298071.2194618797,3799976.1404419877
SANGAREDDY,AMEENPUR,Kishtareddipet,3299580.227765693,3821069.8706445815
SANGAREDDY,KANDI,Utharpally,3299271.15442351,3797526.7576788915
SANGAREDDY,KOHIR,Siddapur Patti Kohir,3299692.3848274597,3749406.5045916378
SANGAREDDY,KONDAPUR,Mallepally,3298960.296739511,3795901.3290394843
SANGAREDDY,PATANCHERU,Pocharam,3299710.1571021886,3816089.0193732395
SANGAREDDY,KONDAPUR,Goplaram (Kurd),3300226.4886200535,3794566.2709620763
SANGAREDDY,KONDAPUR,Kondapur,3299595.7408969807,3791428.0328836036
SANGAREDDY,KANDI,Kashipur,3300287.451566284,3801935.107017014
SANGAREDDY,KOHIR,Godgarpally,3299761.9058137937,3751679.3358765766
SANGAREDDY,PATANCHERU,Bachuguda,3301551.873595479,3815214.875671715
SANGAREDDY,KONDAPUR,Kutubshapet,3301602.204492118,3795991.871745313
SANGAREDDY,AMEENPUR,Wadakpally,3301528.2665204424,3821657.715740067
SANGAREDDY,PATANCHERU,Chitkul (CT),3300785.458756442,3813154.9281203477
SANGAREDDY,PATANCHERU,Indresham,3301548.241576799,3817712.546955764
SANGAREDDY,KANDI,Koulampet,3298412.094009769,3803249.923028984
SANGAREDDY,SANGAREDDY,Kothlapur,3301383.559158329,3798559.077329796
SANGAREDDY,KONDAPUR,Marepally,3300565.6190405735,3788666.1975500584
SANGAREDDY,AMEENPUR,Sultanpur,3300924.6880367906,3823948.0622761613
SANGAREDDY,KONDAPUR,Ananthasagar,3301386.6444842727,3786024.0145053924
SANGAREDDY,PATANCHERU,Rameshwar Banda,3301414.783767067,3819856.749575092
SANGAREDDY,KONDAPUR,Aliabad,3302422.408594992,3790656.585085101
SANGAREDDY,SADASIVPET,Kambalpally,3302669.2296997327,3783664.108178688
SANGAREDDY,PATANCHERU,Rudraram,3301107.566309768,3807966.9713597265
SANGAREDDY,KOHIR,Badampet,3301140.7726470795,3755346.412399985
SANGAREDDY,SADASIVPET,Pottipally,3317106.2097087735,3786336.5261678253
SANGAREDDY,JHARASANGAM,Bidekanna,3316772.630029379,3758302.9037314514
SANGAREDDY,PULKAL,Gongulur,3314989.835660479,3796263.0888608294
SANGAREDDY,JHARASANGAM,Krishnapur,3317162.818972387,3755594.3148472663
SANGAREDDY,JHARASANGAM,Islampur,3319109.253487566,3768526.598428933
SANGAREDDY,SADASIVPET,Etigaddasangam,3317438.3379975324,3783454.1813285584
SANGAREDDY,MUNIPALLY,Mansanpally,3319971.975055533,3770682.00789193
SANGAREDDY,PULKAL,Pocharam,3319422.7748498195,3785366.3195057893
SANGAREDDY,HATHNOORA,Govindarajupally,3324683.275695809,3808094.1742372615
SANGAREDDY,JHARASANGAM,Kamalpally,3324806.563719211,3765221.051722639
SANGAREDDY,NYALKAL,Chalki,3339699.199416754,3756954.266943599
SANGAREDDY,RAIKODE,Matoor,3338219.377935213,3760668.564227711
SANGAREDDY,NARAYANKHED,Nagapur,3357736.803183798,3762806.730979487
SANGAREDDY,NIZAMPET,Ryalamadugu,3357728.0072751786,3773870.275307171
SANGAREDDY,SIRGAPOOR,Mubarakpoor,3368184.349634356,3762544.730746399
SANGAREDDY,SIRGAPOOR,Pochapoor,3368835.5992843616,3766416.4450464505
SANGAREDDY,KOHIR,Bilalpur,3301300.921555118,3758409.3718644
SANGAREDDY,PATANCHERU,Inole,3303096.7212094725,3816725.776753924
SANGAREDDY,KONDAPUR,Togarpally,3302564.4989191396,3793145.8719702708
SANGAREDDY,MOGUDAMPALLY,Malkapur (Jadi),3302398.3087127605,3745702.8723608465
SANGAREDDY,MOGUDAMPALLY,Sarjaraopet,3303077.8229631027,3743584.969745055
SANGAREDDY,JINNARAM,Madaram,3303480.7793753385,3823413.26839656
SANGAREDDY,SADASIVPET,Rejinthal,3303555.5998404208,3785586.9473240147
SANGAREDDY,ZAHIRABAD,Malchelma,3302599.1445915806,3749597.1317553287
SANGAREDDY,KOHIR,Paidigummal,3300710.2164003137,3761065.9147864413
SANGAREDDY,KOHIR,Kothur Pattikohir,3303766.4163935175,3761009.7982876673
SANGAREDDY,KONDAPUR,Garakurthi,3304156.585262126,3789465.328556644
SANGAREDDY,PATANCHERU,Lakdaram,3303511.46733475,3811345.8636565665
SANGAREDDY,PATANCHERU,Peddakanjerla,3304394.4281372367,3816596.113444899
SANGAREDDY,KANDI,Mamidipally,3304296.517410659,3805261.0601300313
SANGAREDDY,KOHIR,Parsapally,3303749.534397132,3753053.424579759
SANGAREDDY,KANDI,Kandi,3303154.3218271653,3802299.982346056
SANGAREDDY,JINNARAM,Nalthur,3305045.415358745,3825194.1574899787
SANGAREDDY,MOGUDAMPALLY,Mogudampally,3304925.394258377,3738730.6817935244
SANGAREDDY,KOHIR,Kohir,3306029.0041704983,3761870.949547281
SANGAREDDY,KOHIR,Rajnelli,3308295.485585328,3758888.60839708
SANGAREDDY,SADASIVPET,Peddapur,3306435.5477481945,3792973.651467082
SANGAREDDY,SANGAREDDY,Nagapur,3306368.795739053,3796902.3801933476
SANGAREDDY,HATHNOORA,Kasala,3317093.96071857,3809396.3062112606
SANGAREDDY,JHARASANGAM,Edakulapally,3317446.286730894,3767333.210615754
SANGAREDDY,GUMMADIDALA,Nallavally,3317363.23105165,3827491.3893286064
SANGAREDDY,HATHNOORA,Naguldevpally,3325201.8187589706,3810271.0127679254
SANGAREDDY,NYALKAL,Rejinthal,3324209.0543163554,3749804.2841760595
SANGAREDDY,RAIKODE,Hasnabad,3327575.360478878,3773539.5734755374
SANGAREDDY,RAIKODE,Nallampally,3330364.6872897223,3766950.7359261834
SANGAREDDY,RAIKODE,Naganpally,3330352.536722593,3771205.362514049
SANGAREDDY,NYALKAL,Husselli,3330080.8904692675,3747831.0584473717
SANGAREDDY,VATPALLY,Palvatla,3334852.415951561,3781935.2496103137
SANGAREDDY,NYALKAL,Waddi,3333128.33808533,3748883.529570005
SANGAREDDY,MANOOR,Islampur,3339259.7874783943,3771991.5507599623
SANGAREDDY,ANDOLE,Mansanpally,3339121.7330762376,3797392.983988026
SANGAREDDY,KONDAPUR,Girmapur,3305089.946031834,3794298.940198306
SANGAREDDY,JINNARAM,Chetlapotharam,3304824.3347895276,3830002.975167927
SANGAREDDY,KOHIR,Sajjapur,3305299.463135011,3756124.567207429
SANGAREDDY,KOHIR,Khanapur,3304619.096449399,3758109.4078836497
SANGAREDDY,JINNARAM,Sivanagar,3305932.598376468,3819241.225759538
SANGAREDDY,MOGUDAMPALLY,Gousabad,3305404.590533424,3733360.261088642
SANGAREDDY,KONDAPUR,Malkapur (Part),3303452.5495978915,3796094.0747113926
SANGAREDDY,KANDI,Byathole,3306154.81369264,3810845.8546705167
SANGAREDDY,JINNARAM,Kodakanchi,3305436.1431759796,3821986.6959248
SANGAREDDY,ZAHIRABAD,Anegunta,3305320.3285348103,3746482.7532377457
SANGAREDDY,SADASIVPET,Thangadpally,3305105.4182120874,3778608.5515809054
SANGAREDDY,MOGUDAMPALLY,Parvathapur,3305714.678982488,3743400.5770514966
SANGAREDDY,JINNARAM,Puttaguda,3306811.7111531207,3825299.8282099706
SANGAREDDY,JINNARAM,Vailal,3306175.1227720617,3827425.823427425
SANGAREDDY,KOHIR,Pothireddypally,3305697.151069676,3765101.1878092326
SANGAREDDY,KOHIR,Machreddipally,3307022.7543099993,3757500.0743418527
SANGAREDDY,PATANCHERU,Chinnakanjerla,3306260.98238301,3816471.288745252
SANGAREDDY,KANDI,Erdanoor,3305693.8344640667,3808145.7733378536
SANGAREDDY,SADASIVPET,Melgirpet,3307377.516278921,3777911.264095924
SANGAREDDY,SANGAREDDY,Sangareddy (M),3306398.7009766162,3799424.8287798725
SANGAREDDY,MOGUDAMPALLY,Auranganagar,3306946.9073673347,3734338.182927897
SANGAREDDY,MUNIPALLY,Ibrahimpur,3307747.1292665126,3775609.695343836
SANGAREDDY,KOHIR,Picharagad,3308066.376580327,3754999.885638711
SANGAREDDY,ZAHIRABAD,Shekapur,3306663.9693554435,3751181.7180664334
SANGAREDDY,SADASIVPET,Sadasivpet (M),3306789.0059926244,3785177.659110995
SANGAREDDY,SADASIVPET,Ishratabad,3309284.9226834443,3785650.270551674
SANGAREDDY,KOHIR,Gurjuwada,3309699.046028551,3758389.9153117747
SANGAREDDY,JINNARAM,Amdoor,3308671.661600783,3816744.6807562867
SANGAREDDY,SADASIVPET,Aroor,3309110.777599856,3777453.6538390773
SANGAREDDY,SANGAREDDY,Irigipally,3308932.915243331,3795756.2505238852
SANGAREDDY,JINNARAM,Ootla,3308350.5489533376,3822675.115754852
SANGAREDDY,MUNIPALLY,Budhera,3309284.950824604,3773963.4152753307
SANGAREDDY,SANGAREDDY,Kulabgoor,3309173.4142117826,3802293.0851707407
SANGAREDDY,SADASIVPET,Konapur,3310299.4008882926,3778705.7448928556
SANGAREDDY,HATHNOORA,Akwanchaguda,3310437.1874379213,3821659.4363606093
SANGAREDDY,JINNARAM,Jinnaram,3308821.1034649247,3825817.3661535606
SANGAREDDY,MOGUDAMPALLY,Raipally [Patti Dhanasiri],3309214.937478439,3741852.644490772
SANGAREDDY,SANGAREDDY,Ismailkhanpet,3308064.3520028894,3806379.2421577913
SANGAREDDY,SADASIVPET,Ankenpally,3310053.925965638,3781527.8284334275
SANGAREDDY,SANGAREDDY,Tadlapally,3310171.4389137947,3800240.6191681637
SANGAREDDY,KANDI,Chidruppa,3308271.2181205596,3813105.7705403487
SANGAREDDY,JINNARAM,Solakpally,3308872.121048689,3820059.9097975744
SANGAREDDY,GUMMADIDALA,Domadugu (CT),3310465.3389934623,3829582.7865475724
SANGAREDDY,HATHNOORA,Gundla Machnur,3310365.811500498,3809806.761569882
SANGAREDDY,MOGUDAMPALLY,Ippepally,3310238.842083852,3738878.3023219076
SANGAREDDY,MUNIPALLY,Kamkole,3310167.6988548003,3770645.7867480023
SANGAREDDY,HATHNOORA,Royyapally,3311345.3972969246,3822698.7365638562
SANGAREDDY,KOHIR,Venkatapur,3309983.9634731202,3766036.159397978
SANGAREDDY,MUNIPALLY,Moqdumpally,3311878.125934329,3770115.322593321
SANGAREDDY,SANGAREDDY,Fasalwadi,3308511.5194181525,3803935.436621485
SANGAREDDY,HATHNOORA,Palpanoor,3311326.006991464,3807802.546248864
SANGAREDDY,SADASIVPET,Venkatapur,3310930.152371824,3786971.160367828
SANGAREDDY,SADASIVPET,Veltur,3310036.398385745,3790691.794776949
SANGAREDDY,RAMACHANDRAPURAM,Manmole (DP),3292259.0088867187,3818741.747873974
SANGAREDDY,RAMACHANDRAPURAM,GHMC,3296075.0408634064,3819034.634226464
SANGAREDDY,KANDI,Makthaalloor,3299046.269815477,3798880.2764590844
SANGAREDDY,SANGAREDDY,Mohd.Shapur,3306268.188396468,3801292.431461759
SANGAREDDY,GUMMADIDALA,Bonthapally (CT),3311622.4201870305,3827923.9090206167
SANGAREDDY,JINNARAM,Mangampet,3310002.393334993,3824428.9853906063
SANGAREDDY,HATHNOORA,Chintalcheru,3310926.5574087035,3815574.090928828
SANGAREDDY,KOHIR,Kavelli,3310463.9287143685,3762792.5670196624
SANGAREDDY,MUNIPALLY,Gorreghat,3311990.417893574,3773171.889652506
SANGAREDDY,SADASIVPET,Chandapur,3311691.8186835004,3782125.0320423883
SANGAREDDY,KOHIR,Kothur Patti Digwal,3311927.355331583,3766438.3072065795
SANGAREDDY,HATHNOORA,Shairkhanpally,3312317.0044898624,3821634.577938665
SANGAREDDY,SADASIVPET,Mubarakpur,3311049.685863802,3794255.5991299446
SANGAREDDY,SANGAREDDY,Kalabgoor,3310469.7989468663,3797681.3204281004
SANGAREDDY,SADASIVPET,Nagulpally,3311877.11556108,3779203.263296192
SANGAREDDY,KOHIR,Madri,3311424.4086183663,3758074.287918569
SANGAREDDY,MOGUDAMPALLY,Godgarpally (Patti Dhanasiri),3312054.2492289576,3738037.860663895
SANGAREDDY,MUNIPALLY,Khammampally,3315320.085349993,3773655.8802641835
SANGAREDDY,NYALKAL,Raghavapur,3338443.912084651,3759518.031888538
SANGAREDDY,VATPALLY,Vatpally,3339254.4663273334,3777461.899379122
SANGAREDDY,NYALKAL,Humnapur,3338641.6282745907,3757985.6537620383
SANGAREDDY,RAIKODE,Itkepally,3339082.5102353576,3763836.394896897
SANGAREDDY,RAIKODE,Khanjamalpur,3339157.051997071,3762340.770041762
SANGAREDDY,NARAYANKHED,Allapur,3356682.340640072,3760656.7723652516
SANGAREDDY,MUNIPALLY,Pedda Goplaram,3311756.0020042416,3775525.6010001963
SANGAREDDY,HATHNOORA,Chandapur,3312359.812758719,3811157.087216417
SANGAREDDY,HATHNOORA,Nagaram,3312174.569520619,3820349.9076286945
SANGAREDDY,MOGUDAMPALLY,Dhanasiri,3311570.737282286,3735160.9287615395
SANGAREDDY,MOGUDAMPALLY,Khan Jamalapur,3313366.9868549695,3737748.555764036
SANGAREDDY,CHOWTAKUR,Sivampet,3312304.873975156,3801860.5403201925
SANGAREDDY,CHOWTAKUR,Vendikole,3312473.1213588277,3805038.186042554
SANGAREDDY,HATHNOORA,Sadullanagar,3312903.7976532746,3813292.7348997444
SANGAREDDY,HATHNOORA,Taherkhanpet,3314418.3063926813,3812840.2098622485
SANGAREDDY,MUNIPALLY,Lingampally,3312439.3438089117,3768051.6126969396
SANGAREDDY,ZAHIRABAD,Huggelli,3312440.5046059443,3755830.5525661595
SANGAREDDY,HATHNOORA,Kodapak,3313594.7646317217,3819194.8499992345
SANGAREDDY,GUMMADIDALA,Dacharam,3313614.117396337,3833639.50272906
SANGAREDDY,HATHNOORA,Borpatla,3313454.309460976,3807901.141017707
SANGAREDDY,HATHNOORA,Yellammaguda,3313515.5779889384,3816299.878327551
SANGAREDDY,MUNIPALLY,Polkampally,3314208.2261784454,3775413.0943856146
SANGAREDDY,CHOWTAKUR,Chakriyal,3313534.1186468094,3799759.1103592524
SANGAREDDY,MUNIPALLY,Melasangam,3313621.5787023706,3770526.5964983646
SANGAREDDY,HATHNOORA,Malkapur,3314761.8386049257,3811403.0793427215
SANGAREDDY,CHOWTAKUR,Tadanpally,3315899.474616893,3800052.5407144744
SANGAREDDY,HATHNOORA,Nasthipur,3316206.8485130025,3813781.960538715
SANGAREDDY,SADASIVPET,Atmakur,3313953.6718867053,3783998.5908360076
SANGAREDDY,JHARASANGAM,Chilkepally,3313987.524066444,3762825.0281384457
SANGAREDDY,KOHIR,Chinthalghat,3313654.8864856646,3765003.2455573687
SANGAREDDY,SADASIVPET,Yellaram,3314060.760818428,3781070.4099684847
SANGAREDDY,SADASIVPET,Nizampur,3313738.2518189014,3791480.6085043135
SANGAREDDY,GUMMADIDALA,Antharam,3314901.898260822,3831659.4243261474
SANGAREDDY,CHOWTAKUR,Venkatakistapur @ Angadipet,3314786.7796960524,3802997.204988403
SANGAREDDY,MOGUDAMPALLY,Asadgunj,3313572.134648895,3741074.024865489
SANGAREDDY,HATHNOORA,Macherla,3314903.2913385998,3813673.7185420454
SANGAREDDY,GUMMADIDALA,Mambapur,3314479.4644529857,3826357.177969543
SANGAREDDY,JHARASANGAM,Ananthasagar,3315319.0461153607,3765873.8012427124
SANGAREDDY,SADASIVPET,Machireddipally,3313684.5380533584,3786940.2756360606
SANGAREDDY,CHOWTAKUR,Gangojipet,3314617.9821272735,3798136.842491324
SANGAREDDY,ZAHIRABAD,Raipally patti Digwal,3314967.071666681,3758600.8166663884
SANGAREDDY,HATHNOORA,Reddikhanapur,3315255.751237678,3808209.0475349277
SANGAREDDY,CHOWTAKUR,Lingampally,3315371.486826716,3805578.6542957216
SANGAREDDY,GUMMADIDALA,Gummadidala,3313945.3489701105,3829433.189051542
SANGAREDDY,ZAHIRABAD,Kasimpur,3314145.238698543,3743235.7669169395
SANGAREDDY,MUNIPALLY,Munipally,3315139.3979896856,3777951.2634918187
SANGAREDDY,MOGUDAMPALLY,Madgi,3315123.4079568083,3735267.387227563
SANGAREDDY,KOHIR,Digwal,3313786.3870426943,3760478.035739161
SANGAREDDY,MUNIPALLY,Antharam,3316109.8014737456,3771513.146930239
SANGAREDDY,ZAHIRABAD,Zaheerabad (M),3313507.7617488303,3750595.8802806465
SANGAREDDY,SADASIVPET,Babilgaon,3316844.6783516663,3781023.155157656
SANGAREDDY,SADASIVPET,Kolkur,3316319.6632919735,3788840.542316102
SANGAREDDY,PULKAL,Esojipet,3316837.920028743,3794398.9748067698
SANGAREDDY,MUNIPALLY,Hydlapoor,3317803.740580189,3777066.491793625
SANGAREDDY,ZAHIRABAD,Tumkunta,3317711.867270472,3746630.186956756
SANGAREDDY,ZAHIRABAD,Chiragpally,3316479.922536047,3737240.7186651244
SANGAREDDY,CHOWTAKUR,Sultanpur,3317398.739322686,3800009.431966409
SANGAREDDY,JHARASANGAM,Giniyarpally,3316745.5433946718,3763172.3973082686
SANGAREDDY,GUMMADIDALA,Pyaranagar,3317951.173405199,3825756.0110343834
SANGAREDDY,CHOWTAKUR,Seriramreddiguda,3317944.974471682,3798550.670576443
SANGAREDDY,GUMMADIDALA,Kanukunta,3316585.1833691266,3835073.430367711
SANGAREDDY,MUNIPALLY,Pedda Chelmeda,3317456.0082615498,3770144.8864931953
SANGAREDDY,PULKAL,Kodur,3317350.7856538594,3792826.48012468
SANGAREDDY,ZAHIRABAD,Sathwar,3317310.992231326,3740321.705268278
SANGAREDDY,HATHNOORA,Mangapur,3318246.2343164417,3814133.0262960964
SANGAREDDY,CHOWTAKUR,Korpole,3317451.0508119706,3803498.515173762
SANGAREDDY,HATHNOORA,Devalpally,3318764.251128573,3810598.9908288675
SANGAREDDY,MUNIPALLY,Thakkallapally,3320621.953445381,3775529.1694445745
SANGAREDDY,PULKAL,Minpur,3318721.675028079,3791497.4139495464
SANGAREDDY,MUNIPALLY,Allapur,3320089.8558728127,3776848.0684057856
SANGAREDDY,MUNIPALLY,Mallikarjunpally,3319846.916302481,3778495.6508881254
SANGAREDDY,JHARASANGAM,Junegaon,3320702.353774796,3768748.4671886964
SANGAREDDY,PULKAL,Pulkal,3319917.766465078,3789009.220654671
SANGAREDDY,JHARASANGAM,Pyarawaram,3321041.091585513,3763381.0200686287
SANGAREDDY,CHOWTAKUR,Chowtakur,3320512.412421199,3797977.1786231226
SANGAREDDY,NYALKAL,Mirzapur[B],3322348.499208018,3746270.0570767927
SANGAREDDY,MOGUDAMPALLY,Gopanpally,3313317.7070965436,3739783.047110982
SANGAREDDY,JHARASANGAM,Rampur (DP),3318727.484859986,3759548.0400270387
SANGAREDDY,MUNIPALLY,Ramchandrapur (DP),3322393.4509919654,3781054.9014937202
SANGAREDDY,JHARASANGAM,Bardipur,3321801.1643047286,3755710.960257015
SANGAREDDY,JHARASANGAM,Kuppanagar,3321599.486642353,3758635.8299183785
SANGAREDDY,MUNIPALLY,Tatipally,3322400.708084677,3770308.910039637
SANGAREDDY,CHOWTAKUR,Posanipally,3322491.4366590455,3798195.108055903
SANGAREDDY,PULKAL,Singoor,3322469.1763763153,3784520.404992322
SANGAREDDY,ANDOLE,Kondareddypally,3322547.749041848,3793930.5632141633
SANGAREDDY,JHARASANGAM,Boregaon,3322337.107010245,3765137.894209035
SANGAREDDY,JHARASANGAM,Guntamarpally,3322940.7363412455,3767633.0188759496
SANGAREDDY,MUNIPALLY,Chinnachelmeda,3318566.285328205,3774468.4342128877
SANGAREDDY,VATPALLY,Khadirabad,3330471.8559448943,3782324.330005391
SANGAREDDY,NYALKAL,Nyalkal,3331564.7619482796,3755695.167118883
SANGAREDDY,MANOOR,Tumnoor,3343769.0231926604,3766002.987628684
SANGAREDDY,NAGILGIDDA,Kharamungi,3352755.681535422,3749327.556472105
SANGAREDDY,NAGILGIDDA,Enkapally,3359780.686014429,3755301.5570106795
SANGAREDDY,NARAYANKHED,Sanjivanraopet,3359422.9289249363,3770375.2839659
SANGAREDDY,MANOOR,Badalgaon,3344592.028256362,3762531.8716803603
SANGAREDDY,NYALKAL,Hussainnagar,3342250.6020816006,3752526.985438216
SANGAREDDY,ZAHIRABAD,Buchnelli (OG) (Part),3317858.154906449,3743392.8550800844
SANGAREDDY,CHOWTAKUR,Sarafpally,3319424.205677621,3800617.403524525
SANGAREDDY,HATHNOORA,Doultabad (CT),3318511.0358447297,3812500.868342719
SANGAREDDY,GUMMADIDALA,Kothapally,3319767.6699870066,3827174.408251086
SANGAREDDY,GUMMADIDALA,Lakshmapur,3319461.0054736705,3824894.0066308044
SANGAREDDY,JHARASANGAM,Edulapally,3318895.3280041656,3761829.721534112
SANGAREDDY,JHARASANGAM,Machnoor,3319360.037936995,3756411.84679624
SANGAREDDY,MUNIPALLY,Bodapally,3320029.048271628,3773132.9307169695
SANGAREDDY,ZAHIRABAD,Algole,3318522.7298420887,3752318.556515493
SANGAREDDY,ZAHIRABAD,Didgi,3319949.4600222763,3750232.7643751353
SANGAREDDY,ZAHIRABAD,Kothur[B],3319884.9780158084,3746695.555035938
SANGAREDDY,JHARASANGAM,Jeerlapally,3320465.7922528824,3766728.4522402114
SANGAREDDY,HATHNOORA,Sikandarpur,3324060.6158030303,3810914.838242677
SANGAREDDY,JHARASANGAM,Potpally,3321563.3581075245,3753058.1813569893
SANGAREDDY,PULKAL,Muddaipet,3321107.8426493607,3787092.727536053
SANGAREDDY,MUNIPALLY,Bhusareddipally,3319826.157049683,3781120.837123367
SANGAREDDY,PULKAL,Lakshmisagar,3322335.6137944115,3796132.865706393
SANGAREDDY,HATHNOORA,Madhura,3322973.468140927,3806660.1508692484
SANGAREDDY,MUNIPALLY,Garlapally,3322621.4935591896,3776256.1629747674
SANGAREDDY,MUNIPALLY,Chinna Loni,3322210.3362655346,3773427.156635035
SANGAREDDY,JHARASANGAM,Jharasangam,3323474.7014497845,3760147.426854518
SANGAREDDY,MUNIPALLY,Makthakyasaram,3323213.542533659,3778959.6601939327
SANGAREDDY,MUNIPALLY,Pedda Loni,3324074.8372042235,3772458.329434701
SANGAREDDY,HATHNOORA,Koniyal,3323635.3544867127,3804545.390317598
SANGAREDDY,JHARASANGAM,Narsapur,3324679.065212172,3763482.482752424
SANGAREDDY,JHARASANGAM,Devarampally,3319621.9857242405,3764571.2812929885
SANGAREDDY,JHARASANGAM,Sangam [Khurd],3324838.791301571,3762081.4045435847
SANGAREDDY,NYALKAL,Gangwar,3324662.5039486503,3746435.244355085
SANGAREDDY,HATHNOORA,Cheekumaddur,3325342.838291464,3804071.749944907
SANGAREDDY,PULKAL,Mudimanikyam,3323571.9602510803,3791413.595307213
SANGAREDDY,JHARASANGAM,Yelgoi,3324440.9205044266,3753436.168390802
SANGAREDDY,JHARASANGAM,Chilapally,3325040.9741522227,3756738.9288218557
SANGAREDDY,PULKAL,Baswapur,3324097.642131776,3789197.482013331
SANGAREDDY,PULKAL,Seripeddareddipet (DM),3325146.2934529902,3786083.312998988
SANGAREDDY,PULKAL,Sureddi Itkyal,3325237.9874074254,3793461.7374934983
SANGAREDDY,ANDOLE,Pothireddypally,3325373.109972536,3795854.617289688
SANGAREDDY,RAIKODE,Sangapur,3325123.444624804,3769796.215202211
SANGAREDDY,MUNIPALLY,Kallapally,3326028.201835422,3779522.5756453364
SANGAREDDY,JHARASANGAM,Kakkerwada,3325502.084369135,3759838.674764781
SANGAREDDY,NYALKAL,Malkanpahad,3326271.330489886,3751271.056178866
SANGAREDDY,HATHNOORA,Hathnoora,3320534.0678814696,3808016.1757034296
SANGAREDDY,JHARASANGAM,Tummanpally,3326366.3986317716,3763055.213208907
SANGAREDDY,RAIKODE,Yenkepally,3326711.9693043926,3771016.5311901607
SANGAREDDY,JHARASANGAM,Siddapur,3326864.6871471284,3757444.1642385647
SANGAREDDY,PULKAL,Manthoor,3327108.7286434486,3783182.5039848858
SANGAREDDY,JHARASANGAM,Kollur,3327254.1168532735,3761018.6908336063
SANGAREDDY,ANDOLE,Kodekal,3327273.11315277,3791731.5450975564
SANGAREDDY,RAIKODE,Auranganagar (Patti Hasnabad),3326919.0078221634,3772076.829692015
SANGAREDDY,NYALKAL,Naimatabad,3327029.7608619416,3747889.9632753837
SANGAREDDY,ANDOLE,Saibanpet,3326811.465368059,3801339.7896368136
SANGAREDDY,ANDOLE,Tadamanoor,3327528.1609631563,3788612.701980824
SANGAREDDY,NYALKAL,Basanthpur,3326894.6416482436,3743392.8176883305
SANGAREDDY,JHARASANGAM,Vanampally,3328132.8643735196,3758427.738889107
SANGAREDDY,MUNIPALLY,Beloor,3327973.7067003,3779727.2372429376
SANGAREDDY,ANDOLE,Nadlapur,3328754.9534393926,3792102.20841554
SANGAREDDY,NYALKAL,Rukmapur,3327958.6297588036,3754300.006601884
SANGAREDDY,ANDOLE,Masanpally,3328241.663527831,3796900.1085247663
SANGAREDDY,NYALKAL,Mungi,3328533.9054296315,3756060.5228856592
SANGAREDDY,RAIKODE,Singitham,3326821.0665336936,3767651.568118045
SANGAREDDY,NYALKAL,Mamidgi,3328402.751815715,3745348.7908123774
SANGAREDDY,RAIKODE,Kodoor,3329137.052376715,3776337.4126058817
SANGAREDDY,ANDOLE,Andol-Jogipet (M),3329354.565801264,3799030.7847585557
SANGAREDDY,ANDOLE,Aksanpally,3329743.413668613,3787640.0065494953
SANGAREDDY,ANDOLE,Brahmanpally,3329821.572248661,3790495.224452267
SANGAREDDY,NYALKAL,Rajola,3330039.0281983805,3742737.226667089
SANGAREDDY,NYALKAL,Gunjetti,3329841.104107672,3750358.57850587
SANGAREDDY,NYALKAL,Tatpally,3330881.658659629,3759596.0727085425
SANGAREDDY,NYALKAL,Mirjapur[N],3330876.1300078756,3757703.9967995496
SANGAREDDY,NYALKAL,Ganeshpur,3330821.6393388673,3745545.547115307
SANGAREDDY,RAIKODE,Mohammadapur,3331956.0858812537,3768090.405246867
SANGAREDDY,NYALKAL,Ramtheerth,3331481.4207390007,3752255.054005204
SANGAREDDY,RAIKODE,Allapur,3331630.439126459,3761929.1119288006
SANGAREDDY,ANDOLE,Dakoor,3330050.3343710466,3794446.709900973
SANGAREDDY,ANDOLE,Talema,3331867.105740353,3787943.1946358425
SANGAREDDY,VATPALLY,Nirjipala,3331607.8003191873,3777826.3202458997
SANGAREDDY,RAIKODE,Karchal,3332195.950481675,3771595.6185582276
SANGAREDDY,NYALKAL,Atnur,3333408.687748995,3753697.2474226668
SANGAREDDY,RAIKODE,Indoor,3332756.109407745,3775131.4714645077
SANGAREDDY,NAGILGIDDA,Yarraboguda,3354818.710801258,3756941.0988525646
SANGAREDDY,NARAYANKHED,Madhavar,3353028.5295462753,3775263.890843399
SANGAREDDY,NAGILGIDDA,Shikarkhana,3354494.2950403555,3747892.900958347
SANGAREDDY,NAGILGIDDA,Sheri Damaragidda,3355487.554168329,3755249.852980402
SANGAREDDY,NARAYANKHED,Ryakal,3359348.5446832026,3765761.510147709
SANGAREDDY,RAIKODE,Shamshuddinpur,3332711.446890821,3760232.220016546
SANGAREDDY,RAIKODE,Raikode,3332368.731752426,3764367.5839675935
SANGAREDDY,ANDOLE,Posanipet,3332668.685012638,3799813.846649016
SANGAREDDY,ANDOLE,Neradigunta,3332659.381982829,3790513.3647730974
SANGAREDDY,ANDOLE,Danampally,3334206.5720168464,3796267.089985656
SANGAREDDY,VATPALLY,Usrikpally,3334004.976692706,3778591.7039393065
SANGAREDDY,ANDOLE,Annasagar,3333045.2397916694,3797163.9213246857
SANGAREDDY,ANDOLE,Yerraram,3333420.676740469,3793556.4989064964
SANGAREDDY,RAIKODE,Jamgi (Khurd),3334022.958564938,3765353.66346981
SANGAREDDY,RAIKODE,Mamidipally,3334154.8688253677,3772337.093916466
SANGAREDDY,NYALKAL,Shamshullapur,3333528.216020444,3746892.752530222
SANGAREDDY,RAIKODE,Moratga,3335428.0524904155,3771389.8557128147
SANGAREDDY,ANDOLE,Kansanpally,3335409.3612467735,3789676.937638685
SANGAREDDY,RAIKODE,Mustafapur,3330646.8690997967,3773871.083219202
SANGAREDDY,ANDOLE,Kichanapally,3335832.846340392,3795514.264779325
SANGAREDDY,VATPALLY,Bijilipur,3335953.0832822393,3785666.536438795
SANGAREDDY,RAIKODE,Kushnoor,3335507.609025857,3760424.5280805286
SANGAREDDY,VATPALLY,Keroor,3334325.3530278346,3787295.1280151834
SANGAREDDY,ANDOLE,Ramsanpally,3335748.855894799,3792800.891656038
SANGAREDDY,RAIKODE,Nagwar,3335468.3225513673,3763106.7842089464
SANGAREDDY,NYALKAL,Dappur,3334932.096894333,3751231.8898317073
SANGAREDDY,RAIKODE,Mahbathpur,3336023.7658169004,3765804.386119787
SANGAREDDY,NYALKAL,Ibrahimpur,3336070.5731906835,3757548.9577870676
SANGAREDDY,VATPALLY,Paladugu,3335610.5922592296,3773979.458724671
SANGAREDDY,VATPALLY,Bhoothkur,3336436.4022980602,3777918.097921849
SANGAREDDY,RAIKODE,Sirur,3337047.6607042323,3768182.011013893
SANGAREDDY,VATPALLY,Nagulapally,3336758.150890835,3782886.348776844
SANGAREDDY,RAIKODE,Shapur,3337771.6985677164,3766237.369070426
SANGAREDDY,MANOOR,Usirkapally,3337313.023526304,3772500.9915106306
SANGAREDDY,MANOOR,Raipally,3337480.3579258663,3770882.292619958
SANGAREDDY,ANDOLE,Rollapahad,3337514.3422637875,3797831.31922617
SANGAREDDY,VATPALLY,Devnoor,3336882.68398907,3775906.6258527646
SANGAREDDY,NYALKAL,Ratnapur,3338211.411334432,3752590.4257074324
SANGAREDDY,NYALKAL,Malgi,3338278.857593742,3749398.790183493
SANGAREDDY,VATPALLY,Gorrekal,3337799.2550854366,3780146.3534086035
SANGAREDDY,MANOOR,Danvar,3339822.404260381,3770665.9972063745
SANGAREDDY,RAIKODE,Pampad,3339337.660956056,3767454.9249958233
SANGAREDDY,VATPALLY,Pothulaboguda,3339741.4309905013,3782986.0372939412
SANGAREDDY,VATPALLY,Medikunda,3340648.5104852915,3779695.750570825
SANGAREDDY,NYALKAL,Murthujapur,3341234.818503512,3757487.342332866
SANGAREDDY,MANOOR,Magdumpur,3342294.780288358,3765343.029938808
SANGAREDDY,MANOOR,Bellapur,3340975.0489051393,3764800.967406239
SANGAREDDY,VATPALLY,Dudiyal,3341627.241675791,3777574.8573359353
SANGAREDDY,NYALKAL,Cheekurthi,3341305.9052466424,3754627.121662331
SANGAREDDY,NYALKAL,Ameerabad,3342955.1353796227,3756711.2165073208
SANGAREDDY,MANOOR,Pulkurthy,3341907.6523306975,3761099.298606338
SANGAREDDY,NYALKAL,Kakijanwada,3343103.0013860064,3758930.0837461445
SANGAREDDY,MANOOR,Borancha,3342702.0527633834,3768832.0873849257
SANGAREDDY,MANOOR,Nadigadda Hukrana,3344695.245856644,3755468.615506661
SANGAREDDY,MANOOR,Dudgonda,3345244.085989841,3769469.1663599694
SANGAREDDY,MANOOR,Athimial,3345293.661491542,3758488.1956220176
SANGAREDDY,RAIKODE,Yousufpur,3328302.265481437,3762920.364143611
SANGAREDDY,RAIKODE,Chimnapur (DP),3333649.607571905,3761659.624502246
SANGAREDDY,RAIKODE,Jamalpur (DP),3336744.4882499073,3764482.554593585
SANGAREDDY,MANOOR,Gatlingampally,3347421.5145254936,3769133.267537876
SANGAREDDY,MANOOR,Manoor,3347031.053031446,3763993.8079691073
SANGAREDDY,MANOOR,Ranapur,3345356.888267364,3766957.418016909
SANGAREDDY,NYALKAL,Khaleelpur[M],3322661.0838626837,3748021.7165781823
SANGAREDDY,CHOWTAKUR,Hunnapur,3324848.8987009325,3782290.6660656035
SANGAREDDY,RAIKODE,Khudavanadpoor (DP),3327113.6756036,3775931.616114497
SANGAREDDY,NARAYANKHED,Hanmanthraopet,3353367.768555885,3773140.1605679467
SANGAREDDY,NARAYANKHED,Lingapur,3352342.43918961,3772233.712241524
SANGAREDDY,MANOOR,Dosapally,3346553.098550147,3761301.2092060405
SANGAREDDY,MANOOR,Maikode,3346222.249444601,3765793.9560164073
SANGAREDDY,NARAYANKHED,Rudrar,3347086.1377771813,3771431.3237303738
SANGAREDDY,MANOOR,Thornal,3347564.516803961,3755949.8749128324
SANGAREDDY,MANOOR,Yelgoi,3347909.911402908,3759361.1008261093
SANGAREDDY,NARAYANKHED,Paidpally,3348975.3584353095,3768834.21794977
SANGAREDDY,NARAYANKHED,Pipri,3349285.105776602,3765841.1073901346
SANGAREDDY,NAGILGIDDA,Valloor,3349388.8822449683,3757956.2535608294
SANGAREDDY,MANOOR,Davvur,3349140.3002213193,3762906.789850474
SANGAREDDY,NARAYANKHED,Panchagaon,3349526.785075659,3767485.3534051324
SANGAREDDY,NARAYANKHED,Jagannathpur,3350657.305020103,3766056.05586757
SANGAREDDY,NARAYANKHED,Anthwar,3350461.989796141,3769187.970595757
SANGAREDDY,NAGILGIDDA,Keshwar,3350175.4800920337,3756845.2178698136
SANGAREDDY,NARAYANKHED,Ananthasagar,3349950.5069986824,3773034.811330789
SANGAREDDY,NAGILGIDDA,Gudur,3350429.849951541,3755323.8389858473
SANGAREDDY,NARAYANKHED,Bhanapur,3351702.3570660283,3767693.909970013
SANGAREDDY,MANOOR,Timmapur,3351411.6574473144,3764172.4105991293
SANGAREDDY,NARAYANKHED,Juzalpur,3351591.497460232,3765573.7110658856
SANGAREDDY,NARAYANKHED,Chandapur,3351054.747252548,3770855.6849096273
SANGAREDDY,NAGILGIDDA,Mukthapur,3350894.376595902,3760977.166833698
SANGAREDDY,NAGILGIDDA,Shapur,3351404.3978217426,3751297.799219699
SANGAREDDY,NAGILGIDDA,Morgi,3350879.7601084146,3753566.314682454
SANGAREDDY,NAGILGIDDA,Pusalpahad,3351886.738055869,3759164.1425228575
SANGAREDDY,NAGILGIDDA,Gondegaon,3352832.740977034,3753054.298356244
SANGAREDDY,MANOOR,Shelgera,3352683.527436933,3762918.538683966
SANGAREDDY,MANOOR,Kamalapur,3353419.0626553847,3764996.315296695
SANGAREDDY,NARAYANKHED,Narayankhed (M),3354244.729452515,3767501.496730854
SANGAREDDY,NAGILGIDDA,Goudgaon (Janwada),3354144.329589237,3745481.842767687
SANGAREDDY,SIRGAPOOR,Wasar,3363864.4306761445,3755668.269463998
SANGAREDDY,SIRGAPOOR,Chimal Pahad,3365179.2614210844,3760712.296584486
SANGAREDDY,SIRGAPOOR,Kadpal,3362734.647645488,3767928.2282638946
SANGAREDDY,NIZAMPET,Bachepally,3364444.8857090967,3778804.020901066
SANGAREDDY,KANGTI,Murkunjal,3373888.094616454,3759324.912461482
SANGAREDDY,NAGILGIDDA,Nagalgidda,3353082.2198542682,3757362.955968574
SANGAREDDY,NARAYANKHED,Jukal,3353196.600752831,3770744.4715085253
SANGAREDDY,NARAYANKHED,Venkatapur,3354611.5571295954,3769422.064130441
SANGAREDDY,NARAYANKHED,Gadthi Hokrana,3355052.3165837084,3764616.5959986113
SANGAREDDY,NARAYANKHED,Namalimet,3355395.73581591,3773784.7382971165
SANGAREDDY,NARAYANKHED,Abenda,3354837.253670522,3761342.064623414
SANGAREDDY,NAGILGIDDA,Audathpur,3355897.7258549035,3745947.825863259
SANGAREDDY,NAGILGIDDA,Mavanhalli,3355175.8607388167,3752378.4925331897
SANGAREDDY,NARAYANKHED,Hangarga [B],3356946.5514563518,3758675.9659501063
SANGAREDDY,NARAYANKHED,Gangapur,3356898.145481288,3765737.72070748
SANGAREDDY,NAGILGIDDA,Karsgutti,3357810.8883739626,3750151.919180301
SANGAREDDY,NAGILGIDDA,Utpally,3357974.5322041605,3753222.716678337
SANGAREDDY,NARAYANKHED,Hangarga [K],3358570.330170376,3757255.4870705944
SANGAREDDY,NARAYANKHED,Chaptakhadeem,3359481.0672415015,3760976.132029734
SANGAREDDY,NIZAMPET,Munigepally,3360818.6717163357,3777077.17625033
SANGAREDDY,SIRGAPOOR,Ujjalampahad,3361516.817195667,3759826.8731845077
SANGAREDDY,NAGILGIDDA,Errakipally,3361571.4350597737,3752126.3772174586
SANGAREDDY,NIZAMPET,Nizampet,3360112.709836759,3779399.261899455
SANGAREDDY,NIZAMPET,Nagadhar,3361478.581914538,3772978.277121261
SANGAREDDY,SIRGAPOOR,Wangdhal,3362251.9016116,3757787.870861933
SANGAREDDY,KALHER,Meerkhanpet,3363370.253006012,3776207.22410651
SANGAREDDY,SIRGAPOOR,Goudgaon [K],3364080.4152953527,3759302.90300463
SANGAREDDY,SIRGAPOOR,Sirgapoor,3363208.9528430905,3763528.9782430287
SANGAREDDY,NIZAMPET,Ramreddipet,3364280.7047727946,3782664.4701636503
SANGAREDDY,KALHER,Raparthy,3364874.531249448,3774814.1360426764
SANGAREDDY,KALHER,Krishnapoor,3364582.987785122,3771551.4871348008
SANGAREDDY,SIRGAPOOR,Sangam,3366420.0776781077,3762691.2509940355
SANGAREDDY,KANGTI,Sidhangarga,3364913.6246437836,3750524.8727599215
SANGAREDDY,KANGTI,Enkemori,3365316.1209987313,3752940.3180961492
SANGAREDDY,SIRGAPOOR,Sultanabad,3366307.1914368505,3764667.2182294964
SANGAREDDY,SIRGAPOOR,Gardegaon,3367544.4504771126,3760857.0149651268
SANGAREDDY,KANGTI,Naganpally,3367198.9624762083,3758989.726412653
SANGAREDDY,KANGTI,Ramathirath,3367689.9970449256,3754060.6562659163
SANGAREDDY,SIRGAPOOR,Potpally,3366969.681409078,3756737.150838299
SANGAREDDY,KANGTI,Nagoor [B],3368430.6617564587,3750956.5164183713
SANGAREDDY,KANGTI,Nagoor [K],3368535.240121393,3748284.0840429673
SANGAREDDY,KALHER,Mahadev pally,3368633.2846219377,3780299.5541927875
SANGAREDDY,KALHER,Masan pally,3368050.167168569,3778240.2427787594
SANGAREDDY,SIRGAPOOR,Bokkasgaon,3368513.334104011,3763702.8903297824
SANGAREDDY,KALHER,Bibipet,3368342.203048,3768679.728262431
SANGAREDDY,KALHER,Mardi,3368790.787465184,3772330.688242111
SANGAREDDY,KALHER,Fathepoor,3370643.501070652,3769889.4719288456
SANGAREDDY,KANGTI,Gajulpahad,3369838.50218715,3758473.4414041466
SANGAREDDY,KANGTI,Sukalteerth,3370160.663725919,3756279.2935670963
SANGAREDDY,SIRGAPOOR,Anthergaon,3370273.5568767055,3765161.659632565
SANGAREDDY,KALHER,Kalher,3368966.9445042843,3775431.5121478597
SANGAREDDY,KANGTI,Turkwadgaon,3370608.246395267,3753107.618260066
SANGAREDDY,KANGTI,Damaragiddi [Panchamahal],3370314.42690537,3760897.6970737292
SANGAREDDY,KANGTI,Rasole,3371916.8969553793,3758992.5713751237
SANGAREDDY,KANGTI,Bheemra,3371368.829178301,3748836.54363363
SANGAREDDY,KANGTI,Bhanswada,3372134.5597089496,3762296.165743777
SANGAREDDY,KANGTI,Jamgi Kalan,3372702.922904983,3763779.550120667
SANGAREDDY,KANGTI,Jamgikhurd,3374018.629134282,3762880.218826123
SANGAREDDY,KANGTI,Tadkal,3375273.7209802377,3760230.568667552
SANGAREDDY,KANGTI,Chapta Kalan,3377131.6301646144,3759002.0552479825
SANGAREDDY,KANGTI,Chapta [Khurd],3373980.120394224,3757056.2873755996
SANGAREDDY,KANGTI,Kangti,3374437.827525047,3753008.9139775475
SANGAREDDY,KANGTI,Degulawadi,3376363.5838212264,3749239.1516961004
SANGAREDDY,KANGTI,Chowkanpally,3378377.3801549333,3752537.3912258865
SANGAREDDY,KANGTI,Borgi Aurad,3378973.4669386097,3755587.7520177397
SANGAREDDY,SADASIVPET,Enkepally,3310480.2676814105,3784412.5864366353
SANGAREDDY,SIRGAPOOR,Khajapur,3365426.7429851796,3767339.7325587873
SANGAREDDY,KALHER,Khanapur (Kadeem),3365914.6586925094,3771461.5851620007
SANGAREDDY,NARAYANKHED,Kondapur,3356218.606557015,3770066.5477183955
SANGAREDDY,NARAYANKHED,Kamjipoor,3357783.83308254,3768462.304847109
SANGAREDDY,VATPALLY,Buddaipally,3336218.032103465,3787544.1577495337
SANGAREDDY,SADASIVPET,Malapahad,3319833.09988134,3783318.779066606
SANGAREDDY,JHARASANGAM,Chilemamidi,3317451.3932563486,3765509.6101475763
SANGAREDDY,JHARASANGAM,Boppanpally,3322757.832798314,3762870.795383827
SANGAREDDY,NIZAMPET,Khanapur-B,3366576.259767341,3770112.0308322343
SANGAREDDY,KANGTI,Valmoor (DP),3373882.090047847,3761497.7700685468
SANGAREDDY,PATANCHERU,Isnapur (CT),3298732.702178773,3811283.861563835
SANGAREDDY,PULKAL,Peddareddipet,3323745.52513627,3785413.360296425
SANGAREDDY,PULKAL,Raipahad,3327768.963517066,3786013.8095809533
SANGAREDDY,JINNARAM,Gaddapotharam,3302400.3208899247,3829477.9744853093
SANGAREDDY,JINNARAM,Kistaipally,3304049.713322167,3827924.298183922
SANGAREDDY,MUNIPALLY,Bodishetpally,3315241.851778579,3767876.155916916
SANGAREDDY,HATHNOORA,Sirpuram,3328242.5037728446,3806573.685275263
SANGAREDDY,HATHNOORA,Seri Sirpuram (DP),3328020.529102365,3805090.2177993082
SANGAREDDY,HATHNOORA,Lingapur,3326231.7346251667,3805828.931415291
SANGAREDDY,JINNARAM,Khazipally,3302270.4171630885,3827059.813530005
SANGAREDDY,JINNARAM,Bollaram (M),3299665.2534862068,3826721.1471959036
SANGAREDDY,NARAYANKHED,Sathagaon,3349244.680765922,3770463.745379184
SANGAREDDY,AMEENPUR,Ameenpur (M),3296508.8726804317,3824092.9379844875
SANGAREDDY,NIZAMPET,Jambikunta,3358547.6249802294,3781519.4798982865
SANGAREDDY,PATANCHERU,Kyasaram,3294658.247546776,3807975.141632732
SANGAREDDY,PATANCHERU,Bhanur (CT),3292121.1741239647,3808152.6089195563
SANGAREDDY,SIRGAPOOR,Gosaipally,3367687.6481347643,3766273.7429294316
SANGAREDDY,KANGTI,Yampally,3374002.908101893,3762269.296351929
SANGAREDDY,NARAYANKHED,Narasapur,3356555.5279240515,3772280.292824771
SANGAREDDY,NIZAMPET,Malharpoor,3356066.2859655786,3771430.7484599305
SANGAREDDY,RAIKODE,Dharmapur,3330287.535144745,3763908.1878320826
SANGAREDDY,ZAHIRABAD,Burdipahad,3320369.9411826823,3746018.806564721
SANGAREDDY,ZAHIRABAD,Hothi [B],3311576.0961768082,3746913.9238765547
SANGAREDDY,ZAHIRABAD,Govindpur,3308908.132837987,3745392.6322860452
SANGAREDDY,MUNIPALLY,Rekulapahad (DP),3324686.065650769,3779722.213841091
SANGAREDDY,KONDAPUR,Mohammadapur,3295218.3203936876,3791286.1346453186
SANGAREDDY,HATHNOORA,Turkal Khanapur,3313740.9445286845,3811919.571006039
SANGAREDDY,RAMACHANDRAPURAM,Kachireddipally,3293968.7742154473,3818677.612991975
SANGAREDDY,KOHIR,Nagireddy Pally,3302310.0169611024,3764503.18563637
SANGAREDDY,JINNARAM,Palem (DP),3311653.2873750813,3824838.870715992
SANGAREDDY,KANDI,Cheriyal,3300738.5482718507,3804824.1866809246
SANGAREDDY,AMEENPUR,Renlagadda (DP),3297920.5489465008,3819776.561109949
SANGAREDDY,KONDAPUR,Sangareddy (M),3305379.3349786983,3796275.184283653
SANGAREDDY,NAGILGIDDA,Yesgi,3357471.9851716594,3746711.9617863735
KAMAREDDY,LINGAMPET,Kannapur,3369905.139587463,3808492.18678185
KAMAREDDY,RAJAMPET,Kondapur,3368818.6978463545,3821546.070024533
KAMAREDDY,NAGAREDDYPET,Bollaram,3366542.8136371993,3800404.161668756
KAMAREDDY,BHIKNOOR,Rameshwarpalle,3369474.0057064467,3831573.5881430707
KAMAREDDY,LINGAMPET,Perumalla,3370063.192527953,3804575.26292846
KAMAREDDY,RAJAMPET,Gundaram,3368787.490742336,3817360.6907863514
KAMAREDDY,PITLAM,Mardanda,3370985.799051035,3767458.6688297237
KAMAREDDY,BHIKNOOR,Thippapur,3369707.5737076364,3828743.0836207033
KAMAREDDY,NAGAREDDYPET,Yerraram,3363252.022210317,3793703.469425768
KAMAREDDY,BHIKNOOR,Ryegatlapalle,3364816.2055509984,3830454.525071837
KAMAREDDY,NAGAREDDYPET,Achaipalle,3364007.1215745877,3794783.8352181297
KAMAREDDY,NAGAREDDYPET,Zapti Jankampalle,3364868.3629054492,3797825.4017809303
KAMAREDDY,NAGAREDDYPET,Vadalparthi,3364377.625119945,3808098.1056753877
KAMAREDDY,PITLAM,Pothreddypalle,3375691.762653332,3773696.70182274
KAMAREDDY,LINGAMPET,Pothaipalle,3373515.147772211,3810465.383801168
KAMAREDDY,DOMAKONDA,Lingupalle,3374926.839195788,3834297.560785487
KAMAREDDY,DOMAKONDA,Anchanur,3375528.7232207106,3839937.6957953623
KAMAREDDY,NIZAMSAGAR,Gorgal,3375984.7423351235,3783567.720967801
KAMAREDDY,NAGAREDDYPET,Venkampalle,3357467.9946053587,3800302.123643064
KAMAREDDY,NAGAREDDYPET,Golilingal,3357734.322531291,3806298.8405421944
KAMAREDDY,NAGAREDDYPET,Matur,3359361.729202648,3797052.547411645
KAMAREDDY,NAGAREDDYPET,Chinur,3358530.2720673713,3804651.2906200914
KAMAREDDY,NAGAREDDYPET,Akkampalle,3360663.320908855,3798683.840350196
KAMAREDDY,NAGAREDDYPET,Lingampalle (Kalan),3359649.052380021,3801425.4027021024
KAMAREDDY,NAGAREDDYPET,Tandur,3359604.4713917174,3799797.4700524947
KAMAREDDY,NAGAREDDYPET,Atmakur,3360576.2680091863,3795731.468400489
KAMAREDDY,NAGAREDDYPET,Masanpalle,3361021.262866827,3796911.8034761557
KAMAREDDY,NAGAREDDYPET,Jalalpur,3361787.025427645,3794706.4990144093
KAMAREDDY,NAGAREDDYPET,Ramakkapalle,3362896.391387452,3796100.0161865284
KAMAREDDY,YELLAREDDY,Mathmal,3362838.8303343686,3792413.985295449
KAMAREDDY,NAGAREDDYPET,Malthummeda,3361064.8459848524,3807312.505814862
KAMAREDDY,YELLAREDDY,Jangamaipalle,3364306.041968665,3792906.996697345
KAMAREDDY,NAGAREDDYPET,Dharmareddy,3362089.295175183,3800777.2486283807
KAMAREDDY,NAGAREDDYPET,Pocharam,3361942.1718311883,3809416.080293776
KAMAREDDY,NAGAREDDYPET,Kannareddy,3362955.564932605,3798941.8923669714
KAMAREDDY,NAGAREDDYPET,Raghavapalle,3362151.3765123007,3797765.4370468543
KAMAREDDY,NAGAREDDYPET,Nagireddypet,3361872.1584397014,3803594.780680088
KAMAREDDY,YELLAREDDY,Machapur,3365462.0668161483,3795550.3575534876
KAMAREDDY,YELLAREDDY,Brahmanpalle,3365576.4440916986,3793174.772156823
KAMAREDDY,BHIKNOOR,Gurjakunta,3365998.597538119,3831702.3818557765
KAMAREDDY,BHIKNOOR,Baswapur,3364672.002460969,3833491.0832717456
KAMAREDDY,BHIKNOOR,Mallupalle,3365872.971453596,3838043.3972079344
KAMAREDDY,BHIKNOOR,Kancherla,3366275.401998167,3842189.813482383
KAMAREDDY,BIBIPET,Ramchandrapur,3367765.5756630395,3844918.603217225
KAMAREDDY,LINGAMPET,Polkampet,3367320.686057752,3808292.602727037
KAMAREDDY,YELLAREDDY,Sivapur,3367642.4889370557,3797726.068078949
KAMAREDDY,BHIKNOOR,Peddamallareddy,3367663.658609261,3840114.0147044435
KAMAREDDY,YELLAREDDY,Repallewada,3367008.815209369,3791587.7469427297
KAMAREDDY,BIBIPET,Tujalpur,3369021.536638744,3849092.2759837573
KAMAREDDY,BHIKNOOR,Bhiknoor,3368121.362137225,3833564.5694199647
KAMAREDDY,BIBIPET,Issanagar (Upparpally),3369214.1760553373,3843736.6772817667
KAMAREDDY,BHIKNOOR,Kachapur,3370269.8379537254,3838702.1699206242
KAMAREDDY,BHIKNOOR,Laxmidevipalle,3371134.754686453,3834938.1604961255
KAMAREDDY,BIBIPET,Mohammadapur,3371347.245883104,3842123.5151800816
KAMAREDDY,YELLAREDDY,Timmapur,3371327.7034508176,3798702.577631944
KAMAREDDY,YELLAREDDY,Somawarpet,3371458.8192457147,3789862.686473384
KAMAREDDY,NIZAMSAGAR,Brahmanpalle,3371396.419799841,3780316.2289046743
KAMAREDDY,BHIKNOOR,Anthampalle,3372278.626870037,3833296.4263192303
KAMAREDDY,LINGAMPET,Shetpalle,3372243.084553316,3803691.6657420965
KAMAREDDY,BIBIPET,Malkapur,3371651.3304129792,3849200.4967317977
KAMAREDDY,PITLAM,Thimmanagar,3372005.800708227,3770772.6997941392
KAMAREDDY,NIZAMSAGAR,Narsingraopalle,3373007.023306331,3778246.469280406
KAMAREDDY,PITLAM,Khambapur,3372778.5680545815,3766369.3672598614
KAMAREDDY,NIZAMSAGAR,Achampet,3371993.775090318,3782758.090251164
KAMAREDDY,DOMAKONDA,Sangameshwar,3372717.270047502,3839068.1392311226
KAMAREDDY,RAJAMPET,Peddapalle,3373638.7883471763,3825614.156820801
KAMAREDDY,RAJAMPET,Talamadla,3372438.3023400875,3827617.7283488824
KAMAREDDY,YELLAREDDY,Hajipur,3373467.8465491016,3796118.944267461
KAMAREDDY,NIZAMSAGAR,Velugunur,3371066.692181726,3778561.568039114
KAMAREDDY,PITLAM,Hasnapur,3373716.482667639,3771424.1295495774
KAMAREDDY,BIBIPET,Jangaon,3373553.3378322017,3843426.49116918
KAMAREDDY,DOMAKONDA,Sitarampalle,3373864.037341645,3841481.9394521383
KAMAREDDY,BIBIPET,Bibipet,3371915.1297060773,3845669.0519653466
KAMAREDDY,NIZAMSAGAR,Magi,3373962.64252977,3782500.6818406912
KAMAREDDY,TADWAI,Chinna Demi,3380219.4151113774,3817579.5958020305
KAMAREDDY,YELLAREDDY,Daval Malkapalle,3368346.493456776,3792323.4096483476
KAMAREDDY,LINGAMPET,Shatpalle,3366690.6547149597,3804386.7952623195
KAMAREDDY,NIZAMSAGAR,Banjepalle,3373897.1640329384,3785482.702980172
KAMAREDDY,TADWAI,Abdullanagar,3379800.413290873,3822202.1662956867
KAMAREDDY,DOMAKONDA,Domakonda,3376276.9731520396,3836839.8268681844
KAMAREDDY,DOMAKONDA,Ambarpet,3377047.8483324656,3843451.5724962265
KAMAREDDY,PITLAM,Chinna Kodapgal,3377100.6709460043,3771281.481961795
KAMAREDDY,LINGAMPET,Jaldipalle,3378253.99699984,3799283.82224161
KAMAREDDY,KAMAREDDY,Narasannapalle,3378561.365663873,3829425.2334631416
KAMAREDDY,BICHKUNDA,Pedda Devada,3393481.1725515197,3765997.75410219
KAMAREDDY,RAMAREDDY,Posanipet,3392668.805569312,3827076.1110269288
KAMAREDDY,GANDHARI,Pothangal (Kalan),3391034.8177215145,3797921.6797666308
KAMAREDDY,BANSWADA,Ibrahimpet,3392513.725630771,3784653.574608081
KAMAREDDY,BICHKUNDA,Khatgaon,3401815.0002608667,3765288.704236002
KAMAREDDY,MADNOOR,Pedda Thadgur,3400941.4843953466,3749613.502589717
KAMAREDDY,DONGLI,Lachmapur,3401765.127384903,3759054.0398266204
KAMAREDDY,DONGLI,Limboor,3406600.2385085225,3758965.575050792
KAMAREDDY,JUKKAL,Nagalgaon,3392553.21642597,3753082.7867696104
KAMAREDDY,GANDHARI,Gandhari,3392259.5640790816,3805058.9709697585
KAMAREDDY,BICHKUNDA,Bichkunda,3393349.9273520256,3760777.1757310266
KAMAREDDY,RAMAREDDY,Uppalwai,3394715.7017201353,3825300.4691361226
KAMAREDDY,MADNOOR,Pedda Eklara,3394549.061552625,3755355.0333542773
KAMAREDDY,SADASHIVANAGAR,Adloor Yellareddy,3389282.9117332944,3823703.1244664215
KAMAREDDY,RAMAREDDY,Rangampet,3390793.4295013384,3825614.0351582025
KAMAREDDY,SADASHIVANAGAR,Jangaon,3390619.5647578896,3810597.743483127
KAMAREDDY,BICHKUNDA,Dowlatapur,3390363.967758779,3760151.4383104485
KAMAREDDY,BICHKUNDA,Bandaranjal,3387979.6411346877,3772615.7134916675
KAMAREDDY,PITLAM,Bollakpalle,3386295.5020202706,3777303.8371500154
KAMAREDDY,JUKKAL,Khandeballoor,3385496.978962353,3754651.797874447
KAMAREDDY,PEDDAKODAPGAL,Chinna Takkadpalle,3386545.477694079,3762480.9657940613
KAMAREDDY,PALVANCHA,Potharam,3386782.0186756407,3836690.571897429
KAMAREDDY,GANDHARI,Petasangam,3385813.5026374245,3800317.620868859
KAMAREDDY,DONGLI,Mogha,3403564.905069431,3757495.269230231
KAMAREDDY,DONGLI,Kurla,3403917.832960012,3765695.35798756
KAMAREDDY,GANDHARI,Chedmal,3401895.44138681,3799329.5254499014
KAMAREDDY,LINGAMPET,Korpole,3382092.7376385196,3803019.6065538344
KAMAREDDY,KAMAREDDY,Kyasampalle,3382230.078385012,3830618.597627094
KAMAREDDY,PEDDAKODAPGAL,Lingampally (Vittalwadi),3381784.8027544087,3755923.3143665055
KAMAREDDY,PITLAM,Chillangi,3381204.5173866884,3773217.5497993524
KAMAREDDY,TADWAI,Tadwai,3382618.6743681324,3817518.9339569714
KAMAREDDY,TADWAI,Kelojiwadi,3388208.5112429685,3818339.389321563
KAMAREDDY,GANDHARI,Madholi,3388164.1354886275,3787959.6120416005
KAMAREDDY,JUKKAL,Chinna Ghulla,3389049.866604811,3745394.206289878
KAMAREDDY,KAMAREDDY,Gudem,3388741.5232674773,3833268.232926501
KAMAREDDY,MADNOOR,Keroor,3404856.9910606276,3750255.505858104
KAMAREDDY,MADNOOR,Madnur,3404081.112759892,3753112.361922221
KAMAREDDY,DONGLI,Hassa Takli,3408704.2418353935,3760612.8407918327
KAMAREDDY,DONGLI,Padda Takli,3408838.617755653,3761791.8376132734
KAMAREDDY,DONGLI,Sirpur,3408377.5039626956,3763763.305125041
KAMAREDDY,MADNOOR,Gojegaon,3409170.18153872,3754967.1273367815
KAMAREDDY,BICHKUNDA,Rajola,3395204.291965164,3758495.7471022084
KAMAREDDY,BICHKUNDA,Sirsamundar,3395448.236133864,3766386.143235572
KAMAREDDY,BHIKNOOR,Bhagirathipalle,3363048.562908836,3839208.5424295706
KAMAREDDY,BHIKNOOR,Isannapalle,3363622.8275073445,3841209.3886417914
KAMAREDDY,BIBIPET,Ramreddipalle,3375734.8674511574,3847684.448363854
KAMAREDDY,JUKKAL,Kanthali,3390707.377432313,3746744.7200832497
KAMAREDDY,JUKKAL,Pedda Edgi,3391701.6886666655,3749096.0986003606
KAMAREDDY,GANDHARI,Pothangal (Khurd),3391496.9770342014,3800233.9931763313
KAMAREDDY,BICHKUNDA,Gundenamali,3389817.5496065603,3771824.1582154217
KAMAREDDY,BICHKUNDA,Wajidnagar,3391509.931398216,3771027.4494806747
KAMAREDDY,GANDHARI,Venkatapur,3390853.710251564,3788659.890658838
KAMAREDDY,BICHKUNDA,Pedda Dhadgi,3390197.045957216,3765974.7246183464
KAMAREDDY,SADASHIVANAGAR,Mudhojiwadi,3391518.9216544856,3813706.4463290176
KAMAREDDY,BICHKUNDA,Fathlapur,3390868.3222013908,3757652.0351718618
KAMAREDDY,MOHAMMADNAGAR,Boorgul,3378178.3805845673,3786722.5834020055
KAMAREDDY,LINGAMPET,Lingampalle (Khurd),3378097.4348018602,3808822.7897916706
KAMAREDDY,KAMAREDDY,Chinna Mallareddy,3379908.6449165256,3825587.1969194105
KAMAREDDY,LINGAMPET,Kanchmahal,3386494.890828895,3796758.021199443
KAMAREDDY,GANDHARI,Sithaipalle,3387658.4068054687,3792321.362047733
KAMAREDDY,JUKKAL,Gundoor,3387318.0874233735,3746470.960202297
KAMAREDDY,PITLAM,Maddelchervu,3387387.159094692,3775905.702442233
KAMAREDDY,SADASHIVANAGAR,Dharmaraopet,3391263.0648302455,3815840.2730879798
KAMAREDDY,GANDHARI,Pedda Gouraram,3391298.857858983,3793149.247217144
KAMAREDDY,BICHKUNDA,Kandarpalle,3393191.2189741274,3757561.6633762657
KAMAREDDY,SADASHIVANAGAR,Markhal,3392661.8531639534,3822707.9918688205
KAMAREDDY,JUKKAL,Padampalle,3393179.629660022,3750479.8383987145
KAMAREDDY,NASRULLABAD,Mirzapur,3397966.849259623,3775256.5724841324
KAMAREDDY,MADNOOR,Shekhapur,3399021.5273592332,3755858.29596498
KAMAREDDY,SADASHIVANAGAR,Vajjepally (Kurdu),3398915.5114806187,3811889.0121438615
KAMAREDDY,BIRKUR,Timmapur,3399219.6135405675,3774256.7007643976
KAMAREDDY,MADNOOR,Kotchira,3398824.530430115,3752632.8099934775
KAMAREDDY,BIBIPET,Konapur,3377227.7656952576,3846434.4106170507
KAMAREDDY,NIZAMSAGAR,Waddepalle,3375516.058008844,3780690.4153548814
KAMAREDDY,KAMAREDDY,Lingayapalle,3377830.113335744,3825785.9983663545
KAMAREDDY,PEDDAKODAPGAL,Begumpoor,3376309.09393121,3766816.806858291
KAMAREDDY,PEDDAKODAPGAL,Vadlam,3378291.3850778816,3764137.2021914767
KAMAREDDY,TADWAI,Nandiwada,3377175.2386585744,3813627.5315915407
KAMAREDDY,KAMAREDDY,Kamareddy (M),3384433.585382665,3826865.5960339596
KAMAREDDY,JUKKAL,Dostpalle,3384669.5392973307,3749565.341135892
KAMAREDDY,JUKKAL,Bangarpalle,3385284.803093844,3751578.454237242
KAMAREDDY,KAMAREDDY,Uggrawai,3384357.62527643,3831894.0630802438
KAMAREDDY,MACHAREDDY,Chukkapur,3383782.0973166544,3840723.411694295
KAMAREDDY,BICHKUNDA,Shantapur,3384272.306998632,3764516.993394826
KAMAREDDY,KAMAREDDY,Thimmakkapalle,3378250.7456930703,3823882.4049577196
KAMAREDDY,MOHAMMADNAGAR,Komalancha,3378878.155043393,3782205.0259090303
KAMAREDDY,PITLAM,Dharmaram,3377871.3857275243,3768964.110880492
KAMAREDDY,BHIKNOOR,Jangampalle,3375496.282814226,3831759.3314692155
KAMAREDDY,KAMAREDDY,Kothalpalle,3378174.755565873,3827037.279146512
KAMAREDDY,NIZAMSAGAR,Jakkapur,3376049.1626903396,3779011.5487639843
KAMAREDDY,TADWAI,Somaram,3377428.5097261476,3821179.722182071
KAMAREDDY,TADWAI,Chityal,3376555.468253932,3817190.972937966
KAMAREDDY,LINGAMPET,Motha,3383065.7423846405,3808952.505177854
KAMAREDDY,TADWAI,Krishnajiwadi,3382961.880371694,3822012.540941855
KAMAREDDY,PALVANCHA,Devanpally,3384487.1867931117,3838287.3641834827
KAMAREDDY,LINGAMPET,Kondapur,3383941.8338416703,3796141.6221197997
KAMAREDDY,PITLAM,Pedda Rampur,3383847.8919358584,3776499.131424604
KAMAREDDY,KAMAREDDY,Isrojiwadi,3389422.129680618,3827024.553408773
KAMAREDDY,PITLAM,Bandapalle,3387470.057345304,3774167.6053948547
KAMAREDDY,JUKKAL,Longaon,3389818.802375536,3748312.101629436
KAMAREDDY,KAMAREDDY,Gargul,3389388.6019672947,3830165.9181497013
KAMAREDDY,JUKKAL,Jukkal,3388611.1579291257,3750247.743585301
KAMAREDDY,BICHKUNDA,Chinna Devada,3392499.4027097523,3764506.367610623
KAMAREDDY,RAMAREDDY,Kannapur,3391420.953665826,3832360.8023683964
KAMAREDDY,RAMAREDDY,Moshampur,3392511.278168532,3824841.511866594
KAMAREDDY,SADASHIVANAGAR,Lingampalle,3392539.1684770705,3812372.392348632
KAMAREDDY,MADNOOR,Rusegaon,3397221.698576017,3758999.4326340538
KAMAREDDY,MADNOOR,Lachan,3398144.7389773815,3760896.91829595
KAMAREDDY,BICHKUNDA,Pulkal,3392753.9568199134,3768430.5334654646
KAMAREDDY,MADNOOR,Antapur,3398035.4984729914,3749453.418422039
KAMAREDDY,GANDHARI,Naglur,3396918.259130884,3796620.0798502997
KAMAREDDY,TADWAI,Endriyal,3378791.9327680767,3816694.6132629737
KAMAREDDY,PITLAM,Pedda Annaram,3377677.183368556,3776382.662426006
KAMAREDDY,MOHAMMADNAGAR,Narva,3378192.9658189835,3788859.781077441
KAMAREDDY,LINGAMPET,Bayampalle,3379054.717742119,3801734.7015368543
KAMAREDDY,LINGAMPET,Nagaram,3378979.1353015704,3803828.312176315
KAMAREDDY,GANDHARI,Brahmanpalle,3387948.181709184,3803123.7219556076
KAMAREDDY,GANDHARI,Thimmapuram,3390044.0395749286,3801871.717207093
KAMAREDDY,TADWAI,Pedda Demi,3383853.342125165,3813022.217768312
KAMAREDDY,PITLAM,Chinna Gouraram,3385132.334683745,3775330.201558153
KAMAREDDY,MACHAREDDY,Rajkhanpet,3387559.3374602892,3845588.587717322
KAMAREDDY,JUKKAL,Ladegaon,3389319.5080423644,3754567.926397571
KAMAREDDY,MACHAREDDY,Akkapur,3389318.067225979,3842798.842299974
KAMAREDDY,PALVANCHA,Issaipet,3388599.4158979994,3838076.6445805538
KAMAREDDY,JUKKAL,Chinna Edgi,3390405.924884478,3751410.546576319
KAMAREDDY,BANSWADA,Borlam,3390575.077343997,3782752.551049499
KAMAREDDY,MADNOOR,Somoor,3395450.7601344837,3750055.4755231463
KAMAREDDY,BIRKUR,Veerapur,3396012.2487339894,3775812.124614753
KAMAREDDY,SADASHIVANAGAR,Tukkojiwadi,3396646.0373045746,3814884.0475709164
KAMAREDDY,MADNOOR,Dhannoor,3396075.2545669954,3752321.2258051834
KAMAREDDY,NASRULLABAD,Baswaipalle,3396186.2781436653,3780237.267412792
KAMAREDDY,DONGLI,Dhoti,3401330.435325128,3762758.104526316
KAMAREDDY,LINGAMPET,Mangaram,3374561.5364778233,3803397.2083514687
KAMAREDDY,PITLAM,Pitlam,3373329.253621207,3774167.849220531
KAMAREDDY,TADWAI,Santaipet,3373492.1354508013,3815471.0958435806
KAMAREDDY,PITLAM,Karegaon,3374423.2065566014,3769156.102741137
KAMAREDDY,PITLAM,Godamgaon,3374743.8014598545,3765592.430352323
KAMAREDDY,YELLAREDDY,Laxmapur,3373739.5810972694,3800080.16464697
KAMAREDDY,RAJAMPET,Argonda,3373186.5718546133,3820932.7801723513
KAMAREDDY,PITLAM,Nagampalle,3375232.2581636934,3775831.2962627993
KAMAREDDY,YELLAREDDY,Lingareddipet (Part),3373307.5098592485,3792207.5503173578
KAMAREDDY,TADWAI,Venkayalapalle,3375799.6592316725,3819929.664761936
KAMAREDDY,YELLAREDDY,Jankampalle (Khurd),3375800.4993652655,3796954.582956983
KAMAREDDY,YELLAREDDY,Timmareddy,3375181.2363791247,3790341.4084529094
KAMAREDDY,YELLAREDDY,Annasagar,3375927.9553587623,3788802.979118374
KAMAREDDY,RAJAMPET,Pondurthi,3376044.681694586,3828863.009280438
KAMAREDDY,MOHAMMADNAGAR,Gunkul,3376146.7624757425,3786332.709528645
KAMAREDDY,RAJAMPET,Rajampet,3376210.4417906804,3825503.344193099
KAMAREDDY,LINGAMPET,Lingampet,3374295.3082528184,3806104.936907299
KAMAREDDY,YELLAREDDY,Advilingal,3375243.172928201,3794485.496652631
KAMAREDDY,LINGAMPET,Rampur,3376903.9557767413,3798444.535881049
KAMAREDDY,LINGAMPET,Bonal,3376812.300883535,3802359.299900024
KAMAREDDY,PEDDAKODAPGAL,Pedda Kodapgal,3379856.416725999,3766244.6081783343
KAMAREDDY,JUKKAL,Sopur,3381887.9960044934,3746172.3586583654
KAMAREDDY,PALVANCHA,Wadi,3381981.9509867206,3839531.2354326383
KAMAREDDY,KAMAREDDY,Raghavapur,3381678.008745688,3833823.0527324914
KAMAREDDY,PEDDAKODAPGAL,Pocharam,3381482.997638075,3759114.605037897
KAMAREDDY,BANSWADA,Kollur,3393480.4772725147,3776158.6718991045
KAMAREDDY,SADASHIVANAGAR,Modegaon,3394105.0737610287,3816190.110611441
KAMAREDDY,JUKKAL,Kathalwadi,3393786.7349003544,3746074.858284155
KAMAREDDY,MACHAREDDY,Yellampet,3392756.934461727,3844014.298722561
KAMAREDDY,JUKKAL,Bijjalwadi,3393692.320613723,3747844.574748584
KAMAREDDY,RAMAREDDY,Maddikunta,3397225.905158608,3834583.6248253095
KAMAREDDY,MADNOOR,Sultanpet,3399875.3797451057,3759064.4982242067
KAMAREDDY,GANDHARI,Somaram,3399665.8723661834,3806045.3436396625
KAMAREDDY,PEDDAKODAPGAL,Burugupally,3379162.897805656,3760689.844511227
KAMAREDDY,DOMAKONDA,Mutyampet,3379010.215982959,3834165.7031275807
KAMAREDDY,DOMAKONDA,Chintamanpalle,3379824.4560931274,3831813.1225918275
KAMAREDDY,LINGAMPET,Bhavanipet,3379387.002548433,3797121.3606678345
KAMAREDDY,PITLAM,Burnapur,3380076.6218952783,3770290.3934731726
KAMAREDDY,MOHAMMADNAGAR,Tunkipally,3379509.3521890063,3784490.3670323724
KAMAREDDY,PALVANCHA,Fareedpet,3379362.2455590423,3840593.5973060103
KAMAREDDY,LINGAMPET,Yellaram,3380607.0273411926,3808066.248225426
KAMAREDDY,MOHAMMADNAGAR,Galipur,3380672.3280322384,3782363.9745736076
KAMAREDDY,PITLAM,Siddapur,3380624.450278472,3776345.2952695307
KAMAREDDY,YELLAREDDY,Vellutla,3379260.8438654635,3792942.3838921674
KAMAREDDY,PEDDAKODAPGAL,Anjani,3380622.539637205,3763322.200457825
KAMAREDDY,TADWAI,Brahamajiwadi,3380653.451889804,3820286.5344927325
KAMAREDDY,PITLAM,Allapur,3381289.3932416462,3769897.257805997
KAMAREDDY,TADWAI,Yerrapahad,3381018.8036724324,3813812.3810037663
KAMAREDDY,NIZAMSAGAR,Mallur,3378636.492751154,3778290.63816432
KAMAREDDY,PALVANCHA,Bandarameshwarpally,3380686.5076116286,3842932.264981995
KAMAREDDY,YELLAREDDY,Venkatapur,3380789.472551248,3789505.4906266876
KAMAREDDY,PEDDAKODAPGAL,Babulgaon,3381360.484478268,3751673.269537471
KAMAREDDY,MACHAREDDY,Latchapet,3381272.2793561355,3845705.1210302063
KAMAREDDY,PALVANCHA,Yelupugonda,3380287.328347466,3837626.623158414
KAMAREDDY,LINGAMPET,Nallamadugu,3381367.1736265505,3805481.826041106
KAMAREDDY,LINGAMPET,Banapur,3381555.8514837543,3801083.9529636186
KAMAREDDY,JUKKAL,Dongaon,3382217.827903751,3748547.7145005562
KAMAREDDY,LINGAMPET,Mombajipet,3382092.6052162885,3797714.2560534202
KAMAREDDY,TADWAI,Devaipalle,3383174.356730976,3819915.6541367425
KAMAREDDY,MOHAMMADNAGAR,Magdumpur,3382613.448653362,3781441.732990783
KAMAREDDY,GANDHARI,Ramalakshmanpalle,3383769.6105720866,3804797.909536656
KAMAREDDY,PITLAM,Kurthi,3381703.1530442648,3778755.1124458374
KAMAREDDY,JUKKAL,Savargaon,3384153.816766578,3756285.2235882157
KAMAREDDY,PALVANCHA,Palvancha,3383238.9353658673,3836569.940106786
KAMAREDDY,PEDDAKODAPGAL,Katepally,3383408.4894344015,3768839.3491658694
KAMAREDDY,TADWAI,Chandapur,3385407.8521712436,3817067.788961478
KAMAREDDY,GANDHARI,Mathsangam,3385199.9063257175,3803622.428187277
KAMAREDDY,GANDHARI,Vandrikal,3385359.618178388,3808017.499882695
KAMAREDDY,BICHKUNDA,Seetarampalle,3385610.934577638,3766414.3134385226
KAMAREDDY,PALVANCHA,Bhavanipet,3385066.316461358,3834530.2643711413
KAMAREDDY,PEDDAKODAPGAL,Jagannathapalle,3384411.6827663453,3760591.544434403
KAMAREDDY,BANSWADA,Tirmalapur,3385360.8093973277,3782155.4636655417
KAMAREDDY,BANSWADA,Budmi,3385945.1755335843,3779330.1333932793
KAMAREDDY,TADWAI,Brahmanpalle,3385752.747335102,3820470.7591424547
KAMAREDDY,MACHAREDDY,Ghanpur (M),3384954.8679425493,3846993.554427504
KAMAREDDY,JUKKAL,Baswapur,3386575.614358288,3752550.762505884
KAMAREDDY,GANDHARI,Chinnapur,3386667.952296165,3794378.4893607944
KAMAREDDY,BICHKUNDA,Rajapur,3386339.246248018,3768284.7273130016
KAMAREDDY,TADWAI,Kankal,3386467.7782148765,3813720.782837935
KAMAREDDY,KAMAREDDY,Shabdipur,3386976.167761418,3830425.8313897937
KAMAREDDY,MACHAREDDY,Antampalle,3386640.5997183328,3839686.840184007
KAMAREDDY,TADWAI,Sangojiwadi,3387561.037225069,3816604.5251725344
KAMAREDDY,JUKKAL,Kowlas,3386261.3945074356,3759534.337679997
KAMAREDDY,MACHAREDDY,Machareddy,3385406.657295158,3842911.1665873453
KAMAREDDY,GANDHARI,Gandivet,3385725.2127288906,3791059.012263092
KAMAREDDY,KAMAREDDY,Thimmakkapalle,3387826.7223699777,3832233.5929378527
KAMAREDDY,PALVANCHA,Singaraipally,3388238.2420213055,3834750.497163175
KAMAREDDY,GANDHARI,Sarvapur,3388982.1107795527,3790643.83287076
KAMAREDDY,SADASHIVANAGAR,Amarlabanda,3388828.841366737,3814445.4998173383
KAMAREDDY,PEDDAKODAPGAL,Tupdal (Kowlasa),3388520.2567636385,3762978.0602862732
KAMAREDDY,GANDHARI,Medpalle,3388979.6437433823,3795069.5835848656
KAMAREDDY,GANDHARI,Gurjal,3387888.406143754,3806386.0888084522
KAMAREDDY,TADWAI,Karadpalle,3388232.384233368,3810330.8008572645
KAMAREDDY,SADASHIVANAGAR,Kuprial,3388857.353722924,3820594.9578745775
KAMAREDDY,GANDHARI,Narsapur (Mudholi),3387014.2816452864,3786243.641990294
KAMAREDDY,GANDHARI,Juvvadi,3391161.8675747355,3808623.530033731
KAMAREDDY,JUKKAL,Pedda Ghulla,3389367.080095004,3744009.5714627826
KAMAREDDY,RAMAREDDY,Gollapalle,3391562.563706118,3828156.995821354
KAMAREDDY,PITLAM,Sonpet,3383243.776405849,3766607.7507704566
KAMAREDDY,YELLAREDDY,Hemagiri,3382872.512922203,3792209.1423311317
KAMAREDDY,PEDDAKODAPGAL,Shivapoor,3382468.488340581,3761680.2407628098
KAMAREDDY,JUKKAL,Siddapur,3385359.417723411,3747781.9215712184
KAMAREDDY,JUKKAL,Khanapur,3386672.668768665,3750467.57279095
KAMAREDDY,JUKKAL,Rudrapahad,3387967.045595257,3752950.5838367334
KAMAREDDY,BICHKUNDA,Pedda Takkadpalle,3388609.3525024885,3761718.990127832
KAMAREDDY,BICHKUNDA,Lingapur,3388514.1903725723,3765351.877912934
KAMAREDDY,RAMAREDDY,Ghanpoor (R),3391133.955341047,3835505.0319947437
KAMAREDDY,BIRKUR,Chincholi,3394557.8934359625,3771743.429165218
KAMAREDDY,GANDHARI,Katewadi,3394771.5464982605,3799737.642957797
KAMAREDDY,BICHKUNDA,Gopanpalle,3394809.818358463,3764082.436616007
KAMAREDDY,BIRKUR,Chinna Annaram,3395205.661467965,3773962.541808859
KAMAREDDY,GANDHARI,Karakwadi,3394948.1980182035,3809515.841497853
KAMAREDDY,SADASHIVANAGAR,Bhoompalle,3394791.540447472,3812107.940283737
KAMAREDDY,SADASHIVANAGAR,Padmajiwadi,3395611.5015255827,3816471.051742429
KAMAREDDY,NASRULLABAD,Durki,3395073.1965938183,3778755.9700344573
KAMAREDDY,JUKKAL,Hangarga,3395835.790646378,3747421.9226287026
KAMAREDDY,BANSWADA,Hanmajipet,3396080.1769419475,3791574.6055108444
KAMAREDDY,RAMAREDDY,Annaram,3393731.0249706735,3841020.39140443
KAMAREDDY,BIRKUR,Kishtapur,3396310.462843297,3770949.53507067
KAMAREDDY,JUKKAL,Madhapur,3396569.095151615,3745621.519313795
KAMAREDDY,RAMAREDDY,Ramareddy,3393552.641465571,3829802.4927205998
KAMAREDDY,GANDHARI,Tipparam,3395490.1935906694,3806445.1096576857
KAMAREDDY,JUKKAL,Chandegaon,3397091.0918486323,3743865.4668149413
KAMAREDDY,SADASHIVANAGAR,Tirmanpalle,3396234.8863024022,3822992.877614926
KAMAREDDY,BICHKUNDA,Mishankallali,3396624.401360922,3761976.1954717212
KAMAREDDY,RAMAREDDY,Issannapalle,3395496.668850281,3831400.325734486
KAMAREDDY,SADASHIVANAGAR,Sadashiva Nagar,3393715.6654716367,3820083.4619646273
KAMAREDDY,NASRULLABAD,Sangem,3397637.315119594,3785580.4063270823
KAMAREDDY,RAMAREDDY,Gidda,3397537.60994505,3826088.9620911265
KAMAREDDY,BICHKUNDA,Hasgul,3397491.4763491424,3765330.336840173
KAMAREDDY,NASRULLABAD,Nachupally,3397818.3535681637,3777436.963999951
KAMAREDDY,BICHKUNDA,Meka,3398915.592049017,3764462.401063791
KAMAREDDY,BICHKUNDA,Gundekalloor,3399760.328059891,3763455.439403298
KAMAREDDY,BICHKUNDA,Shetloor,3400101.093657163,3766479.732147356
KAMAREDDY,MADNOOR,Chinna Thadugur,3400290.8203195836,3747623.3773428123
KAMAREDDY,BIRKUR,Birkoor,3399561.5133080436,3771253.5944509325
KAMAREDDY,SADASHIVANAGAR,Vajjepally (Kalan),3400640.831044431,3812531.450938745
KAMAREDDY,NASRULLABAD,Hajipur,3399410.3562595635,3786730.9478703686
KAMAREDDY,SADASHIVANAGAR,Kolwaral,3398474.751523523,3817773.2358028116
KAMAREDDY,BIRKUR,Mallapur,3401572.277908472,3773367.2433415577
KAMAREDDY,GANDHARI,Durgam,3400476.6014867206,3804187.233753554
KAMAREDDY,DONGLI,Marepalle,3401415.79748491,3760173.53400461
KAMAREDDY,MADNOOR,Awalgaon,3401488.530001258,3752785.176617325
KAMAREDDY,NASRULLABAD,Bommandevpalle,3400946.146002985,3783638.0525760697
KAMAREDDY,NASRULLABAD,Nemli,3399471.749918528,3780048.631804455
KAMAREDDY,SADASHIVANAGAR,Dhaggi,3400793.7317620963,3814771.4389704955
KAMAREDDY,MADNOOR,Mainur,3401564.87946129,3756290.890595839
KAMAREDDY,SADASHIVANAGAR,Yacharam,3400518.2264647107,3809786.6178877293
KAMAREDDY,NASRULLABAD,Mailaram,3401906.1784153106,3776512.0059918095
KAMAREDDY,BIRKUR,Barangedgi,3403201.7801192226,3768713.3812224683
KAMAREDDY,NASRULLABAD,Nasarullabad,3401969.7304589474,3778677.315989644
KAMAREDDY,DONGLI,Elegaon,3404934.437154696,3764326.6036689444
KAMAREDDY,MADNOOR,Salabathpur,3406714.9938758034,3750910.356561302
KAMAREDDY,DONGLI,Dongli,3404884.477246415,3761153.8654938014
KAMAREDDY,MADNOOR,Thadi Hipperga,3406150.2833257336,3756719.671565084
KAMAREDDY,DONGLI,Mahdan Hipparga,3406451.8856651066,3765560.4373565726
KAMAREDDY,MADNOOR,Sonala,3406946.8015809427,3755100.5152609856
KAMAREDDY,MADNOOR,Chinna Shekkarga,3408389.3130427566,3750799.670494384
KAMAREDDY,MADNOOR,Pedda Shekkarga,3407805.1894752253,3753024.3002215256
KAMAREDDY,BIBIPET,Yadaram,3373931.868972694,3847759.68734507
KAMAREDDY,MADNOOR,Rachoor,3392040.2399705686,3755599.13376289
KAMAREDDY,GANDHARI,Bangarwadi,3395422.38615441,3803907.0858557
KAMAREDDY,RAMAREDDY,Reddypet,3396169.295301355,3837779.6329865935
KAMAREDDY,BIRKUR,Nagapur,3401822.152266387,3769402.017349381
KAMAREDDY,DONGLI,Enbhura,3403158.051043348,3763736.4804186593
KAMAREDDY,PITLAM,Paredpalle,3383310.758110711,3772305.7174556684
KAMAREDDY,PITLAM,Koranpalle,3384504.0363206947,3771386.059114581
KAMAREDDY,PITLAM,Brahmanpalle,3379599.8410657174,3774618.537832273
KAMAREDDY,PITLAM,Kishtapur,3378266.561068593,3774170.7424923424
KAMAREDDY,MOHAMMADNAGAR,Hasanpally,3373632.0141121163,3787689.131980167
KAMAREDDY,BANSWADA,Someshwar,3392626.358249788,3779339.355266948
KAMAREDDY,BANSWADA,Banswada (M),3390671.97023016,3779412.6898360588
KAMAREDDY,BANSWADA,Tadkole (Part),3388209.8481741855,3780655.8396357414
KAMAREDDY,BANSWADA,Sangojipet,3394144.874691684,3792745.8828314235
KAMAREDDY,MADNOOR,Chinna Eklara,3397109.693521056,3755388.6911078817
KAMAREDDY,RAMAREDDY,Radhaipalle,3396225.2941854713,3828161.9545101337
KAMAREDDY,SADASHIVANAGAR,Uthnoor,3397300.414950471,3811999.0894764736
KAMAREDDY,SADASHIVANAGAR,Thimmajiwadi,3397836.727993895,3814641.1112912707
KAMAREDDY,GANDHARI,Neral,3397291.1603910048,3800219.700973196
KAMAREDDY,NASRULLABAD,Ankole,3397222.1986178984,3781732.334682599
KAMAREDDY,GANDHARI,Gujjul,3397569.4019208346,3803631.9880543468
KAMAREDDY,MACHAREDDY,Somarampet,3394604.931005964,3847465.5801553214
KAMAREDDY,BANSWADA,Konapur,3393666.261251841,3788166.5469341986
KAMAREDDY,YELLAREDDY,Misanpalle,3371150.575105402,3795687.332548408
KAMAREDDY,YELLAREDDY,Bhiknoor,3368102.548534458,3796339.875366227
KAMAREDDY,YELLAREDDY,Mallaipalle,3366960.734918119,3794546.2175778733
KAMAREDDY,YELLAREDDY,Safdarpur,3367786.522893748,3793677.0040992517
KAMAREDDY,SADASHIVANAGAR,Kammajiwadi,3397675.574220755,3816030.8384958226
KAMAREDDY,BIRKUR,Sultanpur,3394501.799191491,3776879.9047065405
KAMAREDDY,NASRULLABAD,Kamshetpalle,3398161.6233611093,3778871.026754554
KAMAREDDY,NASRULLABAD,Durgampalle,3396466.482958372,3777660.8712208807
KAMAREDDY,NASRULLABAD,Doulatapur,3398636.615503467,3788145.924603077
KAMAREDDY,NASRULLABAD,Timmanagar,3400786.4953448637,3787470.6609756853
KAMAREDDY,BIRKUR,Sambapur,3401888.84610602,3771349.675740387
KAMAREDDY,NIZAMSAGAR,Mangloor,3372798.4921884923,3776863.494862905
KAMAREDDY,YELLAREDDY,Yellareddy (M),3370047.7252824437,3793015.540825795
KAMAREDDY,DONGLI,Chinnapur,3408075.3146703723,3764044.070405773
KAMAREDDY,JUKKAL,Mohammadabad,3387809.3897823608,3756733.7237552986
KAMAREDDY,JUKKAL,Khemraja Kallali,3387319.809735803,3758102.836529565
KAMAREDDY,RAJAMPET,Siddapur,3365353.485804877,3818573.688660552
KAMAREDDY,DOMAKONDA,Sitarampur,3372598.4855092284,3836814.5980212176
KAMAREDDY,DOMAKONDA,Kundaram,3373771.2764820177,3835393.361129915
KAMAREDDY,BICHKUNDA,Chinna Dhadgi,3390109.3144759038,3763829.7664573565
KAMAREDDY,BICHKUNDA,Malkapur,3391171.2756114276,3762656.5342052327
KAMAREDDY,BICHKUNDA,Manyapur,3386979.172032008,3764094.762477814
KAMAREDDY,MACHAREDDY,Tadkapalle,3389808.864029778,3845938.3151914957
KAMAREDDY,BANSWADA,Chinna Nagaram,3391189.864975151,3776413.0646305108
KAMAREDDY,BANSWADA,Chintal Nagaram,3389366.120960529,3777463.3779704305
KAMAREDDY,BIBIPET,Seri Bibipet,3369925.7923875568,3846871.783826386
KAMAREDDY,BIRKUR,Bairapur,3403254.0651828176,3772433.3514108565
KAMAREDDY,NASRULLABAD,Boppaspally,3402996.0338466247,3774493.407754495
KAMAREDDY,GANDHARI,Boppajiwadi,3394775.0941078993,3807955.0487204017
KAMAREDDY,GANDHARI,Burgul,3396491.278762836,3808231.7145530125
KAMAREDDY,BANSWADA,Pocharam,3394230.1218392393,3781987.897015676
KAMAREDDY,BANSWADA,Chinna Rampur,3395623.4110113615,3784729.531719993
KAMAREDDY,BANSWADA,Desaipet,3394084.504368311,3780573.5863289856
KAMAREDDY,BANSWADA,Vasudevpalle,3392912.1784064947,3779010.2483305
KAMAREDDY,BANSWADA,Singaraipalle,3392981.892679446,3782093.285230103
KAMAREDDY,MADNOOR,Hajipur,3398706.458900718,3758502.211476094
KAMAREDDY,YELLAREDDY,Venkatapur (Agraharam),3367982.8494099467,3795389.7513346244
KAMAREDDY,BIRKUR,Poshetpalle,3401285.420416194,3781060.4279306065
KAMAREDDY,BANSWADA,Khadlapur,3396321.9894225392,3788528.2120917207
KAMAREDDY,BIRKUR,Chinna Damarancha,3393596.042106078,3773494.743546734
KAMAREDDY,BIRKUR,Pedda Damarancha,3391812.4410981624,3774907.824337691
KAMAREDDY,DONGLI,Mallapur,3400871.376903993,3761272.4954249626
KAMAREDDY,GANDHARI,Konaipalle,3390307.123725857,3803356.423102697
KAMAREDDY,JUKKAL,Mailar,3383203.8919832883,3752538.869084128
KAMAREDDY,JUKKAL,Wajrakhandi,3383814.309447991,3751104.5823726314
KAMAREDDY,PEDDAKODAPGAL,Kaslabad,3377090.6153355995,3765065.47710788
KAMAREDDY,BICHKUNDA,Malkapur (Kodapgalpatti),3381370.0510181077,3766933.02504764
KAMAREDDY,MADNOOR,Wadi Fathepur,3405907.52630223,3754149.5419475255
KAMAREDDY,MADNOOR,Mahalsapur,3407703.7683158857,3758547.562218718
KAMAREDDY,YELLAREDDY,Moulanakhed,3368958.663581955,3790337.2365039373
KAMAREDDY,MOHAMMADNAGAR,Shanivarpet,3382900.58394778,3784405.313886415
KAMAREDDY,MOHAMMADNAGAR,Vengalampally,3382012.66365775,3785572.2259202963
KAMAREDDY,MOHAMMADNAGAR,Telgapoor,3384254.128247593,3784966.469440747
KAMAREDDY,MOHAMMADNAGAR,Konampally,3385270.9219766,3785020.821972759
KAMAREDDY,MOHAMMADNAGAR,Raghavapally,3384650.870442849,3787556.4785468597
KAMAREDDY,MOHAMMADNAGAR,Rangapur,3383367.5437009493,3787462.0638435236
KAMAREDDY,MOHAMMADNAGAR,Sintgitham,3383445.212018491,3786375.3920179117
KAMAREDDY,MOHAMMADNAGAR,Narsapoor,3382050.481815687,3787436.892418866
KAMAREDDY,YELLAREDDY,Kottal,3375214.7192080086,3799805.65683605
KAMAREDDY,YELLAREDDY,Mathadpalle,3374886.135607128,3788175.8238499803
KAMAREDDY,MOHAMMADNAGAR,Turkapally,3379007.677325846,3785552.745825223
KAMAREDDY,MOHAMMADNAGAR,Sherkhanpally,3380153.816528721,3787341.611262212
KAMAREDDY,NIZAMSAGAR,Arepalle,3368969.461567885,3781867.7976620877
KAMAREDDY,YELLAREDDY,Rudraram,3363359.8956634765,3789849.646279565
KAMAREDDY,MADNOOR,Kharag,3400429.333290099,3745803.3803866506
BHADRADRI KOTHAGUDEM,KARAKAGUDEM,Samathbhattupalli,3350217.232408199,4059724.2667041486
BHADRADRI KOTHAGUDEM,YELLANDU,Rompedu (OG) (Part),3305412.3151115966,4029912.1042846567
BHADRADRI KOTHAGUDEM,YELLANDU,Sudimalla (OG) (Part),3301558.603653491,4041295.2101392136
NAGARKURNOOL,VELDANDA,Kalwakurthy (M),3204252.9819229795,3843925.442649702
SANGAREDDY,NYALKAL,Kalbemal,3327390.4796124003,3741316.6247808877
MAHABUBNAGAR,JADCHERLA,Jadcherla,3215622.805873472,3803267.348286024
MEDAK,HAVELIGHANPUR,Aurangabad (Part),3357006.1665142984,3819219.721332669
SANGAREDDY,SADASIVPET,Maddikunta (OG),3305078.973881856,3781463.4497956433
SANGAREDDY,SADASIVPET,Nandi Kandi (OG),3306795.5678176647,3789603.489365762
RANGA REDDY,AMANGAL,Amangal (Part),3223375.9396465165,3841479.3946710806
HANUMAKONDA,HASANPARTHY,Greater Warangal Municipal Corporation (GWMC),3352639.1767197438,3951504.69632228
HANUMAKONDA,INAVOLE,Greater Warangal Municipal Corporation (GWMC),3335986.8519118745,3955596.760355992
HANUMAKONDA,KHAZIPET,Greater Warangal Municipal Corporation (GWMC),3342640.94735019,3946260.0913546165
HANUMAKONDA,DHARMASAGAR,Greater Warangal Municipal Corporation (GWMC),3350013.1786916903,3945128.5886515086
WARANGAL,GEESUGONDA,Greater Warangal Municipal Corporation (GWMC),3345646.7325877254,3964064.1659710687
WARANGAL,KHILA WARANGAL,Greater Warangal Municipal Corporation (GWMC),3339667.8449899075,3958828.3497522995
WARANGAL,WARANGAL,Greater Warangal Municipal Corporation (GWMC),3348417.5153542934,3960609.213591887
KAMAREDDY,NIZAMSAGAR,NIZAM SAGAR,3364637.919376988,3788334.1827216707
KUMURAM BHEEM,ASIFABAD,RAJAMPET,3496427.812739766,3928150.352296839
MAHABUBABAD,KOTHAGUDA,FOREST,3331499.9932894018,4017465.968918655
MAHABUBABAD,KOTHAGUDA,FOREST,3328973.3949109204,4009504.762034138
MAHABUBABAD,KOTHAGUDA,FOREST,3331637.2973326207,4024142.330203537
MAHABUBABAD,KOTHAGUDA,FOREST,3344870.4214100805,4010182.41474017
MAHABUBABAD,KOTHAGUDA,FOREST,3345171.9620530936,4009186.0466602123
MAHABUBABAD,KOTHAGUDA,FOREST,3343818.4773622183,4009352.877926219
HANUMAKONDA,ATMAKUR,AKKAMPET,3348544.9157371377,3968958.318613476
WARANGAL,PARVATGIRI,JAMALPUR,3323492.3189309784,3968614.1297218543
VIKARABAD,DUDYAL,ALEDU,3244032.2998126196,3753367.790650963
KARIMNAGAR,KARIMNAGAR (RURAL-II),Chintakunta (OG) (Part),3396450.939301133,3905674.571084434
HANUMAKONDA,HANUMAKONDA,Greater Warangal Municipal Corporation (GWMC),3347236.979661265,3953058.7384165283
WARANGAL,KHILA WARANGAL,Greater Warangal Municipal Corporation (GWMC),3338584.8265132178,3959447.255949953
WARANGAL,KHILA WARANGAL,Greater Warangal Municipal Corporation (GWMC),3340048.1385379992,3963096.3179730447
WARANGAL,WARANGAL,Greater Warangal Municipal Corporation (GWMC),3347455.1249884553,3959432.8235745574
VIKARABAD,PUDUR,NIZAMPET MEDIPALLI,3256945.1296208845,3789507.9047602876
RANGA REDDY,CHOWDERGUDEM,(Gunjalapahad (UI),3257737.201406642,3789520.3702519233
MAHABUBABAD,GANGARAM,FOREST,3336749.90528321,4021755.8512723227
